frame_idx,track_id,class_id,status,center_x_2d,center_y_2d,center_x_3d,center_y_3d,center_z_3d,box_x1,box_y1,box_x2,box_y2,lost_frames
0,0,0,detected,151.74899291992188,284.0025863647461,-1.8501182794570923,0.3973138928413391,2.8397676944732666,0.0,199.1528778076172,303.49798583984375,368.852294921875,0
0,1,0,detected,1135.5956420898438,168.09308624267578,17.005937576293945,-0.5527742505073547,23.008224487304688,1069.852294921875,147.6220245361328,1201.3389892578125,188.56414794921875,0
0,2,2,detected,1009.7801208496094,179.24047088623047,7.275928020477295,-0.10996364057064056,12.96827220916748,990.2183227539062,144.36175537109375,1029.3419189453125,214.1191864013672,0
0,3,0,detected,464.5065002441406,181.09613800048828,-6.832855224609375,-0.1846717745065689,32.66816711425781,447.7159118652344,168.61473083496094,481.2970886230469,193.57754516601562,0
0,4,1,detected,960.5179443359375,217.53053283691406,3.174515962600708,0.29190951585769653,6.454795837402344,927.6669311523438,142.87176513671875,993.3689575195312,292.1893005371094,0
0,5,1,detected,585.9057312011719,226.26874542236328,-0.21401835978031158,0.324990838766098,5.608819961547852,552.607421875,149.2969207763672,619.2040405273438,303.2405700683594,0
0,6,1,detected,126.29430389404297,236.8856201171875,0.0,0.0,0.0,106.40884399414062,177.17892456054688,146.1797637939453,296.5923156738281,0
1,0,0,detected,151.70659550005686,284.02707573195005,-1.8151875734329224,0.38981252908706665,2.7861521244049072,0.0,199.2737274169922,303.39111328125,368.8399353027344,0
1,1,0,detected,1124.1921163020302,168.2934857310948,16.2022762298584,-0.5411368608474731,22.523841857910156,1055.870849609375,147.6138153076172,1186.5751953125,189.46014404296875,0
1,2,2,detected,1010.3503431441958,179.34272346628435,3.888698101043701,-0.05862359330058098,6.913618564605713,990.6293334960938,144.12452697753906,1030.3682861328125,214.8094024658203,0
1,3,0,detected,464.3468501082869,181.0758645243473,-6.832855224609375,-0.1846717745065689,32.66816711425781,447.6577453613281,168.6453399658203,480.95281982421875,193.45712280273438,0
1,4,1,detected,973.6357932099088,216.94598783022684,3.3145947456359863,0.281513512134552,6.42572021484375,932.5043334960938,142.59718322753906,1021.59814453125,289.8742980957031,0
1,5,1,detected,590.6503438910446,229.0400014808121,-0.16822253167629242,0.3764980137348175,5.6682515144348145,563.14306640625,152.8936767578125,620.6282958984375,311.92071533203125,0
1,6,1,detected,130.80916905770837,235.96723095913023,-6.50802755355835,0.6629799008369446,9.573892593383789,110.27485656738281,176.366455078125,153.69451904296875,293.33624267578125,0
2,0,0,detected,151.56841029860828,284.0375819790598,-1.8151875734329224,0.38981252908706665,2.7861521244049072,0.0,199.3873748779297,302.9250793457031,368.7250061035156,0
2,1,0,detected,1113.6719864948209,168.66103440368465,15.21257209777832,-0.493714302778244,21.834335327148438,1041.217529296875,148.695556640625,1170.0306396484375,189.93301391601562,0
2,2,2,detected,1010.8068032839626,179.18073163194327,3.70115327835083,-0.06493251770734787,6.563695907592773,993.890869140625,145.5061492919922,1028.4208984375,212.27818298339844,0
2,3,0,detected,464.39755440066017,181.16788633788414,-6.679880619049072,-0.18053731322288513,31.93678855895996,447.8382263183594,168.7425537109375,481.03509521484375,193.92080688476562,0
2,4,1,detected,978.28133247111,216.55406960186656,3.321000099182129,0.27000001072883606,6.368348121643066,939.6759643554688,141.24557495117188,1023.970458984375,290.47198486328125,0
2,5,1,detected,591.8750619694756,231.91168931078323,-0.1600000113248825,0.41600000858306885,5.6607537269592285,565.4575805664062,155.53013610839844,620.15625,318.4927673339844,0
2,6,1,detected,135.3605145718789,235.19788355880667,-5.779742240905762,0.5852903723716736,8.628084182739258,119.17652130126953,175.5398406982422,158.50930786132812,292.1246032714844,0
3,0,0,detected,151.74838865590422,284.2842779511423,-1.831884503364563,0.3933981955051422,2.8117804527282715,0.0,200.84237670898438,303.8312072753906,368.7708740234375,0
3,1,0,detected,1101.489889014169,169.40614887511072,14.978983879089355,-0.4700518250465393,22.173728942871094,1027.040283203125,150.45046997070312,1153.6214599609375,191.50962829589844,0
3,3,0,detected,464.5211144219868,181.55542601381802,-6.679880619049072,-0.13540299236774445,31.93678855895996,447.8956604003906,170.03282165527344,481.3746643066406,194.71817016601562,0
3,4,1,detected,987.2515312184908,216.27167644164385,3.44700026512146,0.27000001072883606,6.368348121643066,960.6582641601562,141.14857482910156,1030.3035888671875,290.2108459472656,0
3,5,1,detected,594.796693596054,233.86261578656615,-0.2614409327507019,0.9063286185264587,12.332939147949219,573.2908325195312,162.52455139160156,621.6654663085938,313.3870544433594,0
3,2,2,predicted,1010.8112268084786,179.18018346560382,3.6994022938316333,-0.05398504653271406,6.563695907592773,0,0,0,0,1
3,6,1,predicted,135.40237665979254,235.19258100987346,-5.811416202433657,0.6120256674350364,8.628084182739258,0,0,0,0,1
4,0,0,detected,151.67044381466758,284.7414424112745,-1.8342949151992798,0.39789479970932007,2.8154802322387695,0.0,202.9604034423828,303.1891784667969,368.61773681640625,0
4,1,0,detected,1088.5535186557647,170.3355872389653,13.556870460510254,-0.3798261284828186,20.674057006835938,1012.6976318359375,152.66062927246094,1140.0208740234375,192.25340270996094,0
4,2,2,detected,1012.0326797874004,180.7078444527077,3.5472145080566406,-0.017736071720719337,6.274970531463623,989.74462890625,145.57896423339844,1035.738037109375,220.85031127929688,0
4,3,0,detected,464.51896928898606,182.34357221142437,-6.730104923248291,-0.04547368362545967,32.17691421508789,447.8583679199219,171.7414093017578,481.17254638671875,196.55821228027344,0
4,4,1,detected,1001.9653108162347,216.4809075572431,3.6432647705078125,0.2802511155605316,6.396905422210693,987.9926147460938,141.83958435058594,1043.888427734375,292.10821533203125,0
4,5,1,detected,599.8915084508112,234.88155520417493,-0.14796331524848938,0.9617615342140198,13.087246894836426,589.87060546875,164.89598083496094,619.5993041992188,309.40557861328125,0
4,6,1,detected,168.78183205362015,231.94677055730622,-4.893801689147949,0.47322142124176025,8.167041778564453,167.39743041992188,171.82058715820312,208.99005126953125,281.4418640136719,0
5,0,0,detected,151.63834548463282,285.1504656682004,-1.8367115259170532,0.40240320563316345,2.8191895484924316,0.0,203.58392333984375,303.2148742675781,368.6421203613281,0
5,1,0,detected,1072.8574395996552,171.44988710852235,10.96507453918457,-0.2704390585422516,17.39646339416504,994.749755859375,154.8284454345703,1121.44775390625,193.3199005126953,0
5,2,2,detected,1010.3406720269536,181.53760803197008,14.171646118164062,-0.07157397270202637,25.322662353515625,990.4515380859375,148.007080078125,1027.272705078125,218.36878967285156,0
5,3,0,detected,464.4835520499318,183.00340204461097,-6.5816473960876465,-0.044470589607954025,31.467130661010742,447.73822021484375,172.07191467285156,481.1575927734375,197.0373077392578,0
5,4,1,detected,1018.634808866361,216.6534776199929,3.7980003356933594,0.2880000174045563,6.368348121643066,992.1251831054688,140.92611694335938,1076.639892578125,293.2198181152344,0
5,6,1,detected,183.7061522442802,230.1972962123345,-4.952693462371826,0.4881260395050049,8.424271583557129,175.21783447265625,172.0337677001953,217.1659393310547,281.4285583496094,0
5,7,2,detected,896.0797424316406,216.17544555664062,6.069371223449707,0.6625018119812012,15.122013092041016,869.1329345703125,159.96749877929688,923.0265502929688,272.3833923339844,0
5,5,1,predicted,600.0174342857351,234.9243253816261,-0.22162249958210822,0.9233710079181707,13.087246894836426,0,0,0,0,1
6,0,0,detected,151.55281792839824,285.3762463700119,-1.8367115259170532,0.39841896295547485,2.8191895484924316,0.0,203.12173461914062,302.94171142578125,368.6725158691406,0
6,1,0,detected,1055.4394622136624,172.30863294650922,3.81461763381958,-0.09826883673667908,6.321314334869385,976.5421142578125,155.43663024902344,1102.0123291015625,193.2069854736328,0
6,2,2,detected,1009.0099237063388,181.9006639245537,7.261276721954346,-0.05514893680810928,13.007689476013184,989.807861328125,147.94168090820312,1025.721435546875,217.3812255859375,0
6,3,0,detected,464.50718153893723,183.36037766371217,-6.730104923248291,-0.04547368362545967,32.17691421508789,447.837646484375,171.7967529296875,481.220703125,196.56614685058594,0
6,4,1,detected,1032.9199125273628,216.01806512668026,3.831871747970581,0.25604674220085144,6.247488975524902,993.5471801757812,138.7843475341797,1098.630126953125,290.1668701171875,0
6,6,1,detected,194.80136406078356,228.63330097189797,-4.819499969482422,0.4725000262260437,8.3584566116333,182.18017578125,172.25599670410156,226.9864501953125,278.2655029296875,0
6,7,2,detected,906.0552911568965,214.3559647935638,5.64734411239624,0.5151293873786926,13.500094413757324,870.3375854492188,156.3267822265625,946.9675903320312,267.9636535644531,0
6,5,1,predicted,600.1437500261645,234.9671816117309,-0.21928623781663342,0.9241636515860611,13.087246894836426,0,0,0,0,2
7,0,0,detected,151.650939394427,285.54762621177895,-1.8294804096221924,0.39685043692588806,2.8080904483795166,0.0,203.15408325195312,303.49517822265625,368.7074279785156,0
7,2,2,detected,1009.326999849348,181.93602919805423,7.210378646850586,-0.07264865189790726,12.8514404296875,990.9403686523438,146.66519165039062,1028.3779296875,217.2460479736328,0
7,3,0,detected,464.50357848988597,183.67230990295656,-6.679880619049072,-0.04513432830572128,31.93678855895996,447.8275451660156,171.97872924804688,481.17022705078125,196.77264404296875,0
7,4,1,detected,1044.074480557896,215.48907630237352,3.882340908050537,0.2553013265132904,6.2293009757995605,1008.38037109375,137.57456970214844,1099.533935546875,290.8667297363281,0
7,6,1,detected,202.36765054950737,228.01100444961736,-4.707884788513184,0.4777803421020508,8.245721817016602,184.29864501953125,171.85618591308594,233.24435424804688,281.5986022949219,0
7,7,2,detected,914.3161601785232,213.5428351474881,3.5481600761413574,0.3110400140285492,8.151485443115234,869.7614135742188,156.88134765625,971.5070190429688,267.3233947753906,0
7,1,0,predicted,1054.4530084632565,172.35091168595795,3.952667409438717,-0.11300101520764816,6.321314334869385,0,0,0,0,1
7,5,1,predicted,600.2704556720995,235.01012389448934,-0.21694276458787026,0.9249578868333053,13.087246894836426,0,0,0,0,3
8,0,0,detected,151.62106812267766,285.58266761105943,-1.8223060369491577,0.3952941298484802,2.7970783710479736,0.0,202.6476287841797,303.1852111816406,368.6052551269531,0
8,2,2,detected,1009.9212087147339,181.85725942947195,7.429333686828613,-0.07466667145490646,13.208425521850586,990.8822631835938,145.96273803710938,1030.1455078125,217.24473571777344,0
8,3,0,detected,464.47066412005415,183.86122023707858,-6.730104923248291,-0.04547368362545967,32.17691421508789,447.71502685546875,171.8364715576172,481.1607666015625,196.6685333251953,0
8,4,1,detected,1056.5689115324153,214.70208372046838,4.023158073425293,0.2387368530035019,6.256622314453125,1029.1893310546875,136.2030792236328,1105.851806640625,289.4450378417969,0
8,6,1,detected,201.19794493522622,227.9408002226612,-4.812763214111328,0.48943352699279785,8.245721817016602,178.34632873535156,177.5072479248047,219.86434936523438,278.4345703125,0
8,7,2,detected,924.052936565051,213.30386117221488,3.679391622543335,0.31044867634773254,8.135988235473633,865.2105712890625,156.48951721191406,1000.7323608398438,269.136474609375,0
8,8,1,detected,213.5102310180664,225.7798080444336,-4.658594608306885,0.46702706813812256,8.261640548706055,191.01467895507812,171.5139617919922,236.0057830810547,280.045654296875,0
8,1,0,predicted,1053.4619784164875,172.39336618679656,3.9438140123712095,-0.11262174663304501,6.321314334869385,0,0,0,0,2
8,5,1,predicted,600.39755122354,235.05315222990143,-0.21459207989582085,0.9257537136599032,13.087246894836426,0,0,0,0,4
9,0,0,detected,151.69265538750224,285.55251874701963,-1.8211156129837036,0.3950359523296356,2.7952513694763184,0.0,202.23927307128906,303.5242614746094,368.633544921875,0
9,2,2,detected,1010.7478557982713,181.6663060588128,7.139503479003906,-0.07157397270202637,12.661331176757812,991.9834594726562,144.84889221191406,1031.1173095703125,217.4398956298828,0
9,3,0,detected,464.49936471533164,183.96252708803814,-6.781091213226318,-0.045818183571100235,32.42068099975586,447.8583679199219,171.69500732421875,481.1944885253906,196.56932067871094,0
9,4,1,detected,1073.8875499261505,213.6384026242896,4.2238593101501465,0.23023134469985962,6.265782833099365,1052.3179931640625,129.4573516845703,1126.0985107421875,292.7918395996094,0
9,6,1,detected,200.81198020992264,228.242289032139,-4.703999996185303,0.501152515411377,8.059377670288086,178.46005249023438,176.8350372314453,220.56365966796875,281.503173828125,0
9,7,2,detected,939.505675973663,212.2675154184163,4.000804424285889,0.28075823187828064,8.277620315551758,886.77734375,153.48345947265625,1021.5479736328125,266.3230285644531,0
9,8,1,detected,220.16321792039787,224.97279900835574,-4.574019432067871,0.4445338547229767,8.277620315551758,199.5320587158203,170.74139404296875,244.25880432128906,277.24310302734375,0
9,1,0,predicted,1052.4663720733552,172.43599644902503,3.934919732820941,-0.11224090788871924,6.321314334869385,0,0,0,0,3
9,5,1,predicted,600.525036680486,235.09626661796716,-0.2122341837404831,0.9265511320658548,13.087246894836426,0,0,0,0,5
10,0,0,detected,151.73052296906997,285.5959390079224,-1.8234978914260864,0.39555269479751587,2.79890775680542,0.0,202.64122009277344,303.5321350097656,368.680419921875,0
10,2,2,detected,1010.5153374199007,182.10093663012475,4.843267440795898,-0.024338027462363243,8.610723495483398,990.0504150390625,145.58712768554688,1030.5211181640625,220.6094970703125,0
10,3,0,detected,464.4836023106467,184.10354026051033,-6.5816473960876465,-0.044470589607954025,31.467130661010742,447.757568359375,171.9722137451172,481.1773986816406,196.7583465576172,0
10,4,1,detected,1089.0199982822592,212.9157961407364,4.330120086669922,0.23023134469985962,6.265782833099365,1059.98876953125,132.24456787109375,1143.7540283203125,290.3307800292969,0
10,6,1,detected,204.52062297178588,228.72179972514087,-4.647893905639648,0.5164326429367065,8.120550155639648,185.0354461669922,177.8050079345703,229.29010009765625,282.3212890625,0
10,7,2,detected,957.5840847896695,210.72901515529333,4.194206714630127,0.2548965811729431,8.198332786560059,910.5438232421875,149.69735717773438,1038.766845703125,264.49505615234375,0
10,8,1,detected,224.15849177896735,224.60158954515705,-4.495135307312012,0.4436757266521454,8.261640548706055,204.451416015625,169.79757690429688,249.97146606445312,278.0902404785156,0
10,1,0,predicted,1051.4661894338597,172.47880247264337,3.9259845707879117,-0.11185849897467086,6.321314334869385,0,0,0,0,4
10,5,1,predicted,600.6529120429375,235.13946705868653,-0.20986907612185912,0.9273501420511604,13.087246894836426,0,0,0,0,6
11,0,0,detected,151.72829235217552,285.60892130242746,-1.8246911764144897,0.3958114981651306,2.800739288330078,0.0,202.47378540039062,303.4493103027344,368.7231750488281,0
11,1,0,detected,972.2666854936069,175.23549705161193,7.035429000854492,-0.16457143425941467,14.55622386932373,890.082275390625,157.02061462402344,1018.9334716796875,198.1721649169922,0
11,2,2,detected,1004.5106728262839,188.04866767256252,4.472275733947754,0.1969655305147171,8.198332786560059,937.7435302734375,143.2479248046875,1059.8192138671875,261.37249755859375,0
11,3,0,detected,464.4812019495106,184.12920938656802,-6.730104923248291,-0.04547368362545967,32.17691421508789,447.7685546875,171.69314575195312,481.18792724609375,196.51759338378906,0
11,4,1,detected,1102.7903744281361,212.07874243984256,4.432257175445557,0.22072994709014893,6.247488975524902,1069.951416015625,132.4375762939453,1158.054931640625,287.99334716796875,0
11,6,1,detected,208.35432549676977,228.80523982646983,-4.727579116821289,0.5187368392944336,8.3421630859375,189.00975036621094,175.95407104492188,233.07823181152344,282.37188720703125,0
11,8,1,detected,230.56827314194032,224.24500193926997,-4.458917617797852,0.45063528418540955,8.391234397888184,211.43763732910156,169.79684448242188,261.4602966308594,277.1963195800781,0
11,5,1,predicted,600.7811773108946,235.18275355205955,-0.20749675703994677,0.9281507436158196,13.087246894836426,0,0,0,0,7
11,7,2,predicted,958.294628980757,210.69105641473317,4.01224119552267,0.2976618933047825,8.198332786560059,0,0,0,0,1
12,0,0,detected,151.63674607200926,285.582805759154,-1.8258860111236572,0.3960707485675812,2.8025734424591064,0.0,202.291748046875,303.0963439941406,368.66510009765625,0
12,1,0,detected,949.1405509402881,176.6667090203511,9.244800567626953,-0.20160001516342163,20.378713607788086,874.2673950195312,158.9906768798828,993.4118041992188,198.39950561523438,0
12,2,2,detected,1017.2200597335511,192.0852112539359,4.363349914550781,0.1674186885356903,7.404030799865723,962.4012451171875,142.79393005371094,1096.496826171875,259.9984130859375,0
12,3,0,detected,464.48894890713154,184.12644979299853,-6.781091213226318,-0.045818183571100235,32.42068099975586,447.7242431640625,171.62098693847656,481.2672119140625,196.44781494140625,0
12,4,1,detected,1115.813912297895,211.3211474542888,4.562682628631592,0.2134588211774826,6.293426036834717,1085.794921875,131.9222869873047,1166.2039794921875,287.476806640625,0
12,6,1,detected,212.57555497080406,228.63446925941233,-4.754566669464111,0.5149782299995422,8.474316596984863,192.78158569335938,174.40335083007812,238.3310089111328,282.3426513671875,0
12,8,1,detected,237.39333055576634,223.7490972504464,-4.41923189163208,0.4431208074092865,8.474316596984863,218.59307861328125,169.4524688720703,269.0802917480469,275.7903747558594,0
12,5,1,predicted,600.9098324843571,235.2261260980862,-0.20511722649474817,0.9289529367598326,13.087246894836426,0,0,0,0,8
12,7,2,predicted,959.0079559257347,210.65296795753298,4.0205059490446615,0.2972205925618218,8.198332786560059,0,0,0,0,2
13,0,0,detected,151.4839542848485,285.51592399528215,-1.831884503364563,0.39737188816070557,2.8117804527282715,0.0,202.02108764648438,302.679443359375,368.6123046875,0
13,1,0,detected,933.0054258676685,177.40310518337293,9.63315486907959,-0.21822680532932281,22.059431076049805,869.0587768554688,159.50367736816406,973.1240234375,197.683349609375,0
13,2,2,detected,1015.9912740565114,189.88186092527974,8.29793930053711,-0.020641639828681946,14.605903625488281,991.0645751953125,145.65902709960938,1038.234130859375,222.36184692382812,0
13,3,0,detected,464.46546689342006,184.17460370858777,-6.679880619049072,-0.04513432830572128,31.93678855895996,447.6589660644531,171.79244995117188,481.2258605957031,196.62060546875,0
13,4,1,detected,1132.7011429279098,209.2610850124327,4.707918643951416,0.16751019656658173,6.238381385803223,1109.81591796875,124.35057830810547,1182.677490234375,284.7877197265625,0
13,6,1,detected,217.21284694688262,227.5846408593852,-4.818732261657715,0.49170735478401184,8.69823169708252,198.86447143554688,174.12115478515625,242.1306915283203,276.3357849121094,0
13,7,2,detected,1026.1739611277535,206.0156927696035,5.229741096496582,0.16602352261543274,8.391234397888184,987.0892333984375,144.74209594726562,1119.380859375,254.57382202148438,0
13,8,1,detected,245.1229680839426,223.5175851370769,-4.294438362121582,0.441372811794281,8.440887451171875,230.37461853027344,170.07830810546875,274.39788818359375,275.9012756347656,0
13,5,1,predicted,601.0388775633253,235.26958469676651,-0.20273048448626124,0.9297567214831992,13.087246894836426,0,0,0,0,9
14,0,0,detected,151.36559172252097,285.47482806319135,-1.8151875734329224,0.39374998211860657,2.7861521244049072,0.0,202.05416870117188,302.5165100097656,368.63128662109375,0
14,1,0,detected,921.0163835731216,177.7789968484066,9.6510648727417,-0.22519150376319885,22.763456344604492,869.6783447265625,159.87242126464844,955.964599609375,196.74688720703125,0
14,2,2,detected,1013.4763796847543,187.56922679362782,8.159675598144531,-0.0820067822933197,14.506880760192871,991.728759765625,146.38095092773438,1030.1805419921875,216.82395935058594,0
14,3,0,detected,464.47986870299695,184.1574075988706,-6.730104923248291,-0.04547368362545967,32.17691421508789,447.6966857910156,171.62278747558594,481.2900390625,196.44183349609375,0
14,4,1,detected,1149.1813601610017,207.29959949301966,4.875700950622559,0.1509779840707779,6.28418493270874,1123.630126953125,122.57491302490234,1200.198974609375,283.3907165527344,0
14,6,1,detected,224.7509305202764,227.6103695780119,-4.80319356918335,0.528099775314331,8.897150993347168,206.32937622070312,173.88711547851562,255.0196990966797,281.8802185058594,0
14,7,2,detected,1055.9506201625109,203.14362855576712,5.451388835906982,0.15207737684249878,8.277620315551758,1016.0377197265625,141.88784790039062,1140.6280517578125,254.2068328857422,0
14,8,1,detected,253.77495097120288,223.0959259881312,-4.178835391998291,0.4405039846897125,8.424271583557129,237.515625,167.02935791015625,286.0870056152344,277.1788024902344,0
14,5,1,predicted,601.168312547799,235.31312934810046,-0.20033653101448592,0.9305620977859198,13.087246894836426,0,0,0,0,10
15,0,0,detected,151.21827339374488,285.42434248491895,-1.8199270963668823,0.3947781026363373,2.793426752090454,0.0,201.88467407226562,302.1741027832031,368.663330078125,0
15,1,0,detected,910.2747607177453,177.9902118816242,9.513340950012207,-0.22884324193000793,23.132593154907227,870.3006591796875,160.14035034179688,936.6456298828125,196.18649291992188,0
15,2,2,detected,1011.9195461822208,185.88069739400217,8.243507385253906,-0.08284931629896164,14.655923843383789,991.552734375,146.5098419189453,1029.20458984375,216.63429260253906,0
15,3,0,detected,464.38512102656284,184.15720281732342,-6.730104923248291,-0.04547368362545967,32.17691421508789,447.3898620605469,171.68850708007812,481.20050048828125,196.46310424804688,0
15,4,1,detected,1165.1263568304853,206.33135729233803,4.95075798034668,0.16678085923194885,6.21121883392334,1131.1602783203125,119.80398559570312,1222.6898193359375,289.2086486816406,0
15,6,1,detected,230.73895893880587,227.64071121174354,-4.71094274520874,0.5248264670372009,8.84200382232666,210.9238739013672,174.5932159423828,259.0852966308594,281.2422180175781,0
15,7,2,detected,1080.1706876428818,200.79799707156437,5.742070198059082,0.12943190336227417,8.325933456420898,1033.9564208984375,139.2074432373047,1166.3658447265625,253.1394500732422,0
15,8,1,detected,261.4429889415392,223.07055835242778,-4.079435348510742,0.45063528418540955,8.391234397888184,245.72950744628906,168.77490234375,290.98480224609375,277.3370056152344,0
15,5,1,predicted,601.2981374377782,235.35676005208805,-0.19793536607942439,0.9313690656679942,13.087246894836426,0,0,0,0,11
16,0,0,detected,151.08942196842835,285.39642629889283,-1.833448886871338,0.39685043692588806,2.8080904483795166,0.0,201.60887145996094,301.9600830078125,368.9994812011719,0
16,1,0,detected,900.16727856508,178.51184315066558,9.371077537536621,-0.1993846297264099,23.513900756835938,869.8117065429688,161.85691833496094,918.6327514648438,196.9291229248047,0
16,2,2,detected,1011.1030887768629,184.65451506751333,8.215372085571289,-0.08256655931472778,14.605903625488281,991.4334716796875,146.64549255371094,1029.18359375,216.50181579589844,0
16,3,0,detected,464.43727582778575,184.13867924481747,-6.730104923248291,-0.04547368362545967,32.17691421508789,447.6142883300781,171.60342407226562,481.36279296875,196.4292755126953,0
16,4,1,detected,1174.8751684692127,205.53068907618209,4.949948310852051,0.16557925939559937,6.166469573974609,1136.9141845703125,121.76405334472656,1223.9197998046875,286.5684509277344,0
16,6,1,detected,236.81471428669875,227.3615075376099,-4.733772277832031,0.523139238357544,9.028543472290039,219.50961303710938,174.0455780029297,262.5090026855469,279.75689697265625,0
16,7,2,detected,1106.4631385342648,198.5566855271135,6.119153022766113,0.09487058967351913,8.391234397888184,1060.1861572265625,135.63600158691406,1196.8681640625,252.26666259765625,0
16,8,1,detected,268.1533501615509,222.83436163536396,-4.028039455413818,0.43963852524757385,8.407720565795898,250.53672790527344,169.9660186767578,297.45233154296875,274.6443786621094,0
16,5,1,predicted,601.428352233263,235.40047680872928,-0.1955269896810745,0.9321776251294221,13.087246894836426,0,0,0,0,12
17,0,0,detected,150.96057669224209,285.3312846512909,-1.827453374862671,0.39555269479751587,2.79890775680542,0.0,201.29763793945312,301.7104187011719,369.01220703125,0
17,1,0,detected,891.151513870265,177.7562542846007,9.415637016296387,-0.3436363637447357,24.315509796142578,869.8735961914062,153.11038208007812,903.0962524414062,198.21902465820312,0
17,2,2,detected,1010.702297121046,183.87316480752355,8.271835327148438,-0.08313402533531189,14.70628833770752,991.3195190429688,147.14938354492188,1029.3304443359375,216.73150634765625,0
17,3,0,detected,464.3590938981525,184.1438202415351,-6.730104923248291,-0.04547368362545967,32.17691421508789,447.3592224121094,171.66363525390625,481.2135314941406,196.49803161621094,0
17,4,1,detected,1185.1850498472288,203.78498374725157,5.082427024841309,0.1316690891981125,6.21121883392334,1158.0333251953125,117.0631103515625,1224.0,283.45147705078125,0
17,6,1,detected,242.2579203486473,226.51405008152312,-4.752925395965576,0.5050792694091797,9.163875579833984,226.33981323242188,172.90492248535156,265.05743408203125,276.5724182128906,0
17,7,2,detected,1132.7473614974854,196.32224807466017,6.478292942047119,0.07171542197465897,8.457569122314453,1085.9449462890625,133.2522430419922,1222.7373046875,250.13485717773438,0
17,8,1,detected,275.18574045127855,222.68569929729748,-3.9798967838287354,0.44488275051116943,8.508011817932129,256.4632263183594,169.83206176757812,305.9336242675781,274.92926025390625,0
17,5,1,predicted,601.5589569342533,235.44427961802415,-0.19311140181943837,0.9329877761702041,13.087246894836426,0,0,0,0,13
18,0,0,detected,150.95196420430457,285.20182985160085,-1.8310459852218628,0.3923669755458832,2.804409980773926,0.0,200.76611328125,301.9263000488281,368.9975280761719,0
18,2,2,detected,1010.578723628217,183.33623282896795,8.357999801635742,-0.06300000101327896,14.859477996826172,991.53466796875,147.42495727539062,1029.4146728515625,216.6638641357422,0
18,3,0,detected,464.33402167287966,184.1424445401191,-6.730104923248291,-0.04547368362545967,32.17691421508789,447.3818359375,171.66119384765625,481.24542236328125,196.47128295898438,0
18,6,1,detected,250.27039534268897,226.25570164685178,-4.574440956115723,0.5125423669815063,9.066800117492676,235.01541137695312,172.4947967529297,276.92266845703125,279.3428039550781,0
18,7,2,detected,1152.4633907017587,194.19453998650044,6.89248514175415,0.04967556893825531,8.787535667419434,1110.4501953125,131.57728576660156,1223.9716796875,248.16122436523438,0
18,8,1,detected,283.2972853224569,222.34768355063034,-3.8110690116882324,0.4260822534561157,8.3748140335083,268.0323486328125,168.01535034179688,312.3526611328125,275.1653747558594,0
18,9,2,detected,1201.2213745117188,181.12659072875977,5.956976890563965,-0.04045485332608223,7.156404495239258,1178.560302734375,122.2588119506836,1223.8824462890625,239.99436950683594,0
18,1,0,predicted,886.9075964425933,177.8793059760135,9.446824644622282,-0.24469293923879318,24.315509796142578,0,0,0,0,1
18,4,1,predicted,1189.5368498127393,203.49386115001516,5.06958330657204,0.1623379872480476,6.21121883392334,0,0,0,0,1
18,5,1,predicted,601.6899515407491,235.48816847997267,-0.19068860249451386,0.9337995187903396,13.087246894836426,0,0,0,0,14
19,0,0,detected,150.7868039962758,285.03320128964145,-1.827453374862671,0.3915971517562866,2.79890775680542,0.0,200.27610778808594,301.3040771484375,368.9928283691406,0
19,2,2,detected,1010.4408109950742,182.99635950267853,8.329079627990723,-0.06278201192617416,14.808061599731445,991.388427734375,147.7083740234375,1029.2677001953125,216.7173309326172,0
19,3,0,detected,464.3009103115632,184.11099577321917,-6.730104923248291,-0.09094736725091934,32.17691421508789,447.23712158203125,171.52508544921875,481.3106384277344,196.41017150878906,0
19,6,1,detected,259.43504951771433,225.77104753462254,-4.653339385986328,0.5229977965354919,9.48897933959961,241.8752899169922,172.11781311035156,290.06219482421875,277.7312927246094,0
19,8,1,detected,292.21238069073155,221.3822516227672,-3.6474449634552,0.39620810747146606,8.245721817016602,278.6512451171875,166.4700164794922,320.73443603515625,271.7861633300781,0
19,9,2,detected,1183.5663721674084,183.61506348311204,7.409454345703125,0.013090909458696842,9.26305103302002,1134.3162841796875,129.4140167236328,1223.6229248046875,243.86331176757812,0
19,1,0,predicted,882.6113664956372,178.00329652976606,9.299190561508306,-0.2404321729520582,24.315509796142578,0,0,0,0,2
19,4,1,predicted,1193.9455768998662,203.19837736769736,5.108282844534643,0.15974424859624242,6.21121883392334,0,0,0,0,2
19,5,1,predicted,601.8213360527504,235.53214339457483,-0.18825859170630316,0.934612852989829,13.087246894836426,0,0,0,0,15
19,7,2,predicted,1157.092828720467,193.85774731097843,6.769448724726779,0.1100034032350195,8.787535667419434,0,0,0,0,1
20,0,0,detected,150.6428582299784,284.906404818735,-1.827453374862671,0.3915971517562866,2.79890775680542,0.0,200.24710083007812,301.0670471191406,368.99334716796875,0
20,2,2,detected,1010.3003050619814,182.73728711840062,8.505667686462402,-0.0641130730509758,15.122013092041016,991.2572021484375,147.78237915039062,1029.1236572265625,216.56683349609375,0
20,3,0,detected,464.27515761454714,184.0750617207843,-6.730104923248291,-0.09094736725091934,32.17691421508789,447.103759765625,171.4899444580078,481.40850830078125,196.3636016845703,0
20,6,1,detected,265.95619265271796,226.07369558828927,-4.442107200622559,0.5439315438270569,9.163875579833984,247.021728515625,173.8931884765625,292.476806640625,280.2632751464844,0
20,8,1,detected,300.0498469239786,220.969188598698,-3.6720004081726074,0.42000001668930054,8.491130828857422,283.1224060058594,167.28692626953125,329.4693603515625,272.91998291015625,0
20,9,2,detected,1186.354770733497,183.9373635539772,9.51816463470459,-0.01652459055185318,11.692704200744629,1153.2503662109375,125.683837890625,1223.78662109375,243.32066345214844,0
20,1,0,predicted,878.2628240293965,178.12822594585833,9.149758830010672,-0.23613914394139865,24.315509796142578,0,0,0,0,3
20,4,1,predicted,1198.4112311086096,202.89853240029817,5.14748208530501,0.1571122277273066,6.21121883392334,0,0,0,0,3
20,5,1,predicted,601.9531104702573,235.57620436183063,-0.18582136945480404,0.9354277787686721,13.087246894836426,0,0,0,0,16
20,7,2,predicted,1161.7737562462498,193.5174609369504,6.827580656024298,0.10577742365992017,8.787535667419434,0,0,0,0,2
21,0,0,detected,150.55280094662768,284.7568499019857,-1.825066089630127,0.39108559489250183,2.7952513694763184,0.0,199.85491943359375,300.99676513671875,369.0068054199219,0
21,2,2,detected,1010.1876055976726,182.5764104223242,8.445979118347168,-0.06366316229104996,15.015893936157227,991.1135864257812,147.82933044433594,1029.104248046875,216.70314025878906,0
21,3,0,detected,464.21469224083734,184.02062211394778,-6.730104923248291,-0.09094736725091934,32.17691421508789,446.96881103515625,171.3906707763672,481.3600769042969,196.28103637695312,0
21,6,1,detected,270.86025811503305,225.95678352072585,-4.356610298156738,0.5125423669815063,9.066800117492676,253.1747589111328,172.8377685546875,292.7607421875,279.08544921875,0
21,8,1,detected,309.3506804977788,221.27221295982525,-3.4896843433380127,0.4362105429172516,8.3421630859375,290.44512939453125,169.7901611328125,343.1518249511719,274.5013427734375,0
21,9,2,detected,1193.552345116776,182.5767613997493,13.945976257324219,-0.1423058807849884,16.782468795776367,1176.4234619140625,117.13848876953125,1224.0,242.22445678710938,0
21,1,0,predicted,873.8619690438713,178.25409422429033,8.998529450129388,-0.2318138522068145,24.315509796142578,0,0,0,0,4
21,4,1,predicted,1202.9338124389694,202.5943262478176,5.187181028883139,0.1544419246412403,6.21121883392334,0,0,0,0,4
21,5,1,predicted,602.0852747932697,235.62035138174008,-0.18337693574001873,0.9362442961268691,13.087246894836426,0,0,0,0,17
21,7,2,predicted,1166.5061732791073,193.17368086441644,6.886352029926158,0.1015080562219658,8.787535667419434,0,0,0,0,3
22,0,0,detected,150.47133450205018,284.57049670723615,-1.8179415464401245,0.389558881521225,2.784339427947998,0.0,199.3555145263672,300.8555908203125,368.9952392578125,0
22,2,2,detected,1010.082712646054,182.39102282986187,8.243507385253906,-0.06213699281215668,14.655923843383789,990.9361572265625,147.47947692871094,1029.0950927734375,216.60653686523438,0
22,3,0,detected,464.2239112354077,183.9415780503913,-6.781091213226318,-0.09163636714220047,32.42068099975586,446.9385681152344,171.27093505859375,481.5419616699219,196.14622497558594,0
22,6,1,detected,278.9788295636641,225.50472770226128,-4.2067484855651855,0.4986722767353058,9.04763126373291,264.8125305175781,171.49163818359375,303.03521728515625,278.0041198730469,0
22,8,1,detected,317.2368633672348,221.32746058989713,-3.531054735183716,0.43985456228256226,8.645514488220215,295.203125,168.50914001464844,351.0177917480469,274.66400146484375,0
22,1,0,predicted,869.4088015390618,178.38090136506204,8.84550242186445,-0.22745629774830575,24.315509796142578,0,0,0,0,5
22,4,1,predicted,1207.5133208909458,202.28575891025565,5.227379675269033,0.15173333933804334,6.21121883392334,0,0,0,0,5
22,5,1,predicted,602.2178290217877,235.66458445430317,-0.18092529056194506,0.9370624050644197,13.087246894836426,0,0,0,0,18
22,7,2,predicted,1171.2900798190394,192.82640709337647,6.945762846432355,0.0971953009211561,8.787535667419434,0,0,0,0,4
22,9,2,predicted,1193.6233604432234,182.57291390741432,13.794736951699495,-0.057564768686102295,16.782468795776367,0,0,0,0,1
23,0,0,detected,150.6604357644909,284.4610794361681,-1.8155791759490967,0.38905268907546997,2.7807211875915527,0.0,199.48480224609375,301.7365417480469,369.0335693359375,0
23,2,2,detected,1009.9634409284486,182.33015794915582,8.003520965576172,-0.06048000603914261,14.26509952545166,990.9730834960938,147.99342346191406,1028.8013916015625,216.576171875,0
23,3,0,detected,464.2364875692998,183.8987486414502,-6.730104923248291,-0.09094736725091934,32.17691421508789,446.9490966796875,171.2917022705078,481.5616760253906,196.22511291503906,0
23,5,1,detected,887.3792157341796,229.55539913470437,4.366285800933838,0.6634286046028137,10.917167663574219,866.7489624023438,147.0542755126953,924.5224609375,310.4490966796875,0
23,6,1,detected,288.5175097275978,224.8080433607542,-4.074711799621582,0.4869152307510376,9.066800117492676,274.3902587890625,171.27528381347656,314.62335205078125,275.79034423828125,0
23,8,1,detected,324.30358080664456,220.85977936018182,-3.4788296222686768,0.4179512560367584,8.69823169708252,302.11700439453125,168.05715942382812,356.28839111328125,271.68798828125,0
23,1,0,predicted,864.9033215149677,178.50864736817348,8.690677745215865,-0.22306648056587242,24.315509796142578,0,0,0,0,6
23,4,1,predicted,1212.1497564645385,201.9728303876123,5.268078024462688,0.14898647181771568,6.21121883392334,0,0,0,0,6
23,7,2,predicted,1176.1254758660461,192.47563962383052,7.00581310554289,0.09283915775749102,8.787535667419434,0,0,0,0,5
23,9,2,predicted,1193.6946089893934,182.56904804706915,13.796426799493533,-0.05765645779314403,16.782468795776367,0,0,0,0,2
24,0,0,detected,150.87197584523008,284.37096986189533,-1.8223060369491577,0.3913412094116211,2.7970783710479736,0.0,199.4263916015625,302.1827392578125,369.0206604003906,0
24,2,2,detected,1009.8745292216505,182.26205250823773,7.456696510314941,-0.05634782835841179,13.290465354919434,990.8042602539062,147.7424774169922,1028.857421875,216.6731719970703,0
24,3,0,detected,464.2702788210983,183.84781747957467,-6.730104923248291,-0.09094736725091934,32.17691421508789,446.97149658203125,171.2453155517578,481.6443176269531,196.14686584472656,0
24,5,1,detected,892.8081784000253,229.16622685715458,2.2157602310180664,0.3390665054321289,5.579569339752197,860.6314697265625,146.92855834960938,925.7437744140625,310.7568664550781,0
24,6,1,detected,295.94171286787054,224.9834087411916,-3.919304609298706,0.500869631767273,8.860310554504395,278.9747619628906,172.27061462402344,320.36712646484375,279.1986083984375,0
24,8,1,detected,332.61069980443744,221.14970383322338,-3.2685446739196777,0.4294438362121582,8.440887451171875,314.5390319824219,167.48716735839844,362.451904296875,276.4767150878906,0
24,1,0,predicted,860.3455289715893,178.63733223362465,8.534055420183625,-0.21864440065951446,24.315509796142578,0,0,0,0,7
24,4,1,predicted,1216.8431191597476,201.6555406798876,5.309276076464105,0.1462013220802576,6.21121883392334,0,0,0,0,7
24,7,2,predicted,1181.0123614201275,192.1213784557786,7.066502807257764,0.08843962673097094,8.787535667419434,0,0,0,0,6
24,9,2,predicted,1193.7660907552856,182.56516381871378,13.798122178710377,-0.057748582546148626,16.782468795776367,0,0,0,0,3
25,0,0,detected,151.02627901485502,284.28987958602465,-1.8211156129837036,0.39108559489250183,2.7952513694763184,0.0,199.32872009277344,302.3664855957031,369.0143127441406,0
25,2,2,detected,1009.8460708047644,182.1913938326151,7.433610439300537,-0.056173376739025116,13.24931812286377,990.8328857421875,147.70285034179688,1028.888916015625,216.57595825195312,0
25,3,0,detected,464.2588292712941,183.80160643640167,-6.730104923248291,-0.09094736725091934,32.17691421508789,446.8641662597656,171.19248962402344,481.6427917480469,196.14402770996094,0
25,5,1,detected,899.3647317043029,228.98047073718166,2.2709569931030273,0.3390665054321289,5.579569339752197,864.8948974609375,142.97691345214844,936.46533203125,314.6162414550781,0
25,6,1,detected,303.1479332357249,225.63086581715584,-3.6866297721862793,0.506007969379425,8.524959564208984,283.9041442871094,173.41201782226562,328.9899597167969,281.404296875,0
25,8,1,detected,340.44121306457794,221.47155731370822,-3.28214693069458,0.45482930541038513,8.69823169708252,321.5140686035156,167.0776824951172,369.79010009765625,277.6259460449219,0
25,1,0,predicted,855.7354239089264,178.76695596141553,8.375635446767735,-0.21419005802923194,24.315509796142578,0,0,0,0,8
25,4,1,predicted,1221.5934089765733,201.3338897870815,5.350973831273286,0.14337789012566884,6.21121883392334,0,0,0,0,8
25,7,2,predicted,1185.9507364812835,191.76362358922069,7.127831951576975,0.0839967078415955,8.787535667419434,0,0,0,0,7
25,9,2,predicted,1193.8378057409004,182.56126122234824,13.799823089350033,-0.05784114294511607,16.782468795776367,0,0,0,0,4
26,0,0,detected,151.08979269504016,284.28929725436655,-1.8151875734329224,0.38981252908706665,2.7861521244049072,0.0,199.68614196777344,302.3128967285156,369.0303039550781,0
26,2,2,detected,1009.84627099557,182.16249495671565,7.1037163734436035,-0.053680479526519775,12.661331176757812,990.90185546875,147.7554168701172,1028.87353515625,216.66751098632812,0
26,3,0,detected,464.18640055786705,183.780165097587,-6.730104923248291,-0.09094736725091934,32.17691421508789,446.63641357421875,171.21432495117188,481.6154479980469,196.204345703125,0
26,5,1,detected,907.6327688846936,228.29560431897372,2.346750020980835,0.3307499885559082,5.5723042488098145,871.7960815429688,142.2432861328125,948.7440795898438,312.1029052734375,0
26,6,1,detected,309.914552897821,226.44065591500743,-3.6071574687957764,0.517025887966156,8.508011817932129,291.8953552246094,175.4144287109375,333.29156494140625,281.5767822265625,0
26,8,1,detected,350.007791585146,221.41215351336515,-3.127854585647583,0.43985456228256226,8.645514488220215,331.2861633300781,169.20306396484375,381.9653015136719,273.5417175292969,0
26,10,1,detected,898.9198303222656,225.86278533935547,2.2522499561309814,0.3149999976158142,5.5723042488098145,869.0300903320312,149.56101989746094,928.8095703125,302.16455078125,0
26,1,0,predicted,851.0730063269789,178.89751855154614,8.215417824968188,-0.2097034526750248,24.315509796142578,0,0,0,0,9
26,4,1,predicted,1226.4006259150153,201.007877709194,5.39317128889023,0.1405161759539494,6.21121883392334,0,0,0,0,9
26,7,2,predicted,1190.940601049514,191.40237502415678,7.189800538500524,0.07951040108936472,8.787535667419434,0,0,0,0,8
26,9,2,predicted,1193.9097539462377,182.5573402579725,13.801529531412502,-0.05793413899004635,16.782468795776367,0,0,0,0,5
27,0,0,detected,151.04780660541266,284.32232627687176,-1.8282809257507324,0.39262428879737854,2.8062491416931152,0.0,199.89035034179688,302.03057861328125,369.03851318359375,0
27,2,2,detected,1009.8238193219395,182.16024210691597,6.8995866775512695,-0.05213793367147446,12.297499656677246,990.918212890625,147.73223876953125,1028.7694091796875,216.81008911132812,0
27,3,0,detected,464.1389029028699,183.75675023640076,-6.679880619049072,-0.09026865661144257,31.93678855895996,446.5746154785156,171.1653289794922,481.6339416503906,196.20677185058594,0
27,5,1,detected,919.3796602984045,228.5390890147548,2.4666354656219482,0.34785884618759155,5.594156742095947,886.9942016601562,141.5186309814453,962.3088989257812,316.93206787109375,0
27,6,1,detected,316.76171642504227,226.36576661635243,-3.40781569480896,0.4768615663051605,8.229865074157715,299.8561706542969,174.93679809570312,338.775390625,277.78131103515625,0
27,8,1,detected,359.4087915733203,221.6233371082675,-3.086479425430298,0.462347149848938,8.84200382232666,339.04443359375,170.0354766845703,392.1350402832031,274.3912658691406,0
27,10,1,detected,902.9859874412547,227.8953167083956,2.3865082263946533,0.367783784866333,5.783148288726807,871.1478881835938,151.45361328125,936.9414672851562,309.2762451171875,0
27,1,0,predicted,846.358276225747,179.02902000401647,8.053402554784991,-0.20518458459689307,24.315509796142578,0,0,0,0,10
27,4,1,predicted,1231.264769975074,200.67750444622513,5.4358684493149365,0.13761617956509953,6.21121883392334,0,0,0,0,10
27,7,2,predicted,1195.9819551248193,191.03763276058692,7.252408568028412,0.07498070647427892,8.787535667419434,0,0,0,0,9
27,9,2,predicted,1193.9819353712976,182.55340092558657,13.803241504897786,-0.05802757068093948,16.782468795776367,0,0,0,0,6
28,0,0,detected,151.03786411979618,284.3885465519455,-1.8116493225097656,0.38905268907546997,2.7807211875915527,0.0,200.1568145751953,302.0718078613281,369.0401611328125,0
28,2,2,detected,1009.8936961887467,182.21554991760772,6.744539737701416,-0.0509662963449955,12.021151542663574,991.1138305664062,148.21978759765625,1028.880615234375,216.6857452392578,0
28,3,0,detected,464.0882731984569,183.73251395847856,-6.679880619049072,-0.09026865661144257,31.93678855895996,446.46197509765625,171.1071014404297,481.64373779296875,196.22227478027344,0
28,5,1,detected,934.3529440917924,228.72230053312936,2.587506055831909,0.346049427986145,5.56505823135376,892.89794921875,143.58229064941406,990.6435546875,314.94256591796875,0
28,6,1,detected,326.71261025432625,226.80368547289194,-3.3787038326263428,0.5050020217895508,8.508011817932129,312.2505187988281,172.96249389648438,351.4930725097656,282.8881530761719,0
28,8,1,detected,366.8165283853788,221.7427890831391,-3.1680002212524414,0.4843636155128479,9.26305103302002,346.047119140625,169.4275360107422,395.6800231933594,274.76953125,0
28,10,1,detected,907.3567713393772,228.1227168364556,2.4722964763641357,0.3567407727241516,5.870411396026611,870.6483154296875,151.434814453125,950.7545166015625,305.6058349609375,0
28,1,0,predicted,841.5912336052306,179.16146031882653,7.889589636218144,-0.20063345379483677,24.315509796142578,0,0,0,0,11
28,4,1,predicted,1236.185841156749,200.34276999817487,5.479065312547407,0.13467790095911897,6.21121883392334,0,0,0,0,11
28,7,2,predicted,1201.074798707199,190.66939679851106,7.315656040160638,0.07040762399633775,8.787535667419434,0,0,0,0,10
28,9,2,predicted,1194.05435001608,182.54944322519046,13.804959009805879,-0.058121438017795464,16.782468795776367,0,0,0,0,7
29,0,0,detected,151.10624015383044,284.5228624462624,-1.8223060369491577,0.3913412094116211,2.7970783710479736,0.0,200.71981811523438,302.3497314453125,369.025634765625,0
29,2,2,detected,1009.7731896873728,182.25073325131146,6.285487174987793,-0.04749738425016403,11.202957153320312,990.9651489257812,148.573974609375,1028.436279296875,216.2987060546875,0
29,3,0,detected,464.11159743505254,183.72427436832325,-6.730104923248291,-0.09094736725091934,32.17691421508789,446.5357971191406,171.10145568847656,481.75421142578125,196.29100036621094,0
29,5,1,detected,947.4858560723746,228.96602327734587,2.684490919113159,0.34740471839904785,5.586853504180908,904.5330810546875,145.451171875,1000.6607055664062,313.7334289550781,0
29,6,1,detected,336.89348074058927,226.9942619233593,-3.4004318714141846,0.5270041823387146,8.878692626953125,316.0562744140625,171.8233642578125,367.7635192871094,283.2027893066406,0
29,8,1,detected,374.8391165305558,221.57435931221985,-2.846836566925049,0.43985456228256226,8.645514488220215,355.2826232910156,167.9317626953125,403.2076721191406,274.5782165527344,0
29,10,1,detected,914.2232445644144,228.85854191646382,2.5240976810455322,0.3687804937362671,5.798820972442627,878.35595703125,153.5298614501953,962.6995239257812,307.2834777832031,0
29,1,0,predicted,836.7718784654298,179.2948394959763,7.723979069267643,-0.19605006026885585,24.315509796142578,0,0,0,0,12
29,4,1,predicted,1241.1638394600402,200.00367436504325,5.522761878587637,0.13170134013600795,6.21121883392334,0,0,0,0,12
29,7,2,predicted,1206.2191317966535,190.2976671379292,7.379542954897204,0.06579115365554122,8.787535667419434,0,0,0,0,11
29,9,2,predicted,1194.126997880585,182.54546715678416,13.806682046136785,-0.058215741000614295,16.782468795776367,0,0,0,0,8
30,0,0,detected,151.16524133250522,284.62460749022347,-1.8175541162490845,0.390320748090744,2.7897846698760986,0.0,200.7357635498047,302.4429931640625,369.0360412597656,0
30,2,2,detected,1010.1643604265496,182.16545611927293,3.093964099884033,-0.02332133799791336,5.500680923461914,992.3526000976562,147.8050537109375,1028.7601318359375,216.36158752441406,0
30,3,0,detected,464.1050513758951,183.7428584049046,-6.730104923248291,-0.09094736725091934,32.17691421508789,446.595458984375,171.19000244140625,481.6246337890625,196.3620147705078,0
30,5,1,detected,959.8578733246267,229.241611951874,2.7569456100463867,0.3456000089645386,5.557830810546875,918.7510986328125,145.11813354492188,1008.7742309570312,314.64666748046875,0
30,6,1,detected,344.8222708034691,227.4087920031694,-3.1364386081695557,0.508931577205658,8.3748140335083,320.3314208984375,173.77764892578125,374.5877380371094,282.9908752441406,0
30,8,1,detected,384.38582588482996,221.62370304537032,-2.6239378452301025,0.4235953688621521,8.325933456420898,367.16424560546875,168.3984832763672,412.75830078125,275.23028564453125,0
30,10,1,detected,923.9898476967177,228.7052605966596,2.655825138092041,0.3557647466659546,5.8543500900268555,894.5630493164062,151.29734802246094,971.9478759765625,305.3599853515625,0
30,1,0,predicted,831.9002108063446,179.4291575354658,7.556570853933493,-0.19143440401895032,24.315509796142578,0,0,0,0,13
30,4,1,predicted,1246.198764884948,199.66021754683024,5.566958147435633,0.12868649709576627,6.21121883392334,0,0,0,0,13
30,7,2,predicted,1211.4149543931826,189.9224437788414,7.444069312238106,0.06113129545188968,8.787535667419434,0,0,0,0,12
30,9,2,predicted,1194.1998789648123,182.54147272036766,13.808410613890507,-0.05831047962939597,16.782468795776367,0,0,0,0,9
31,0,0,detected,151.0122718819362,284.7524730929478,-1.8262590169906616,0.3952941298484802,2.7970783710479736,0.0,201.0979461669922,301.75048828125,369.0157775878906,0
31,2,2,detected,1010.034317390846,182.31548332693467,3.0508971214294434,-0.023054638877511024,5.4377760887146,991.6727294921875,148.093994140625,1028.20361328125,217.41067504882812,0
31,3,0,detected,464.09958259603656,183.7443610438766,-6.781091213226318,-0.09163636714220047,32.42068099975586,446.57147216796875,171.18711853027344,481.6395263671875,196.29254150390625,0
31,5,1,detected,972.5226187898013,228.6035174910556,2.8260233402252197,0.3260796070098877,5.493619918823242,935.5399780273438,139.41163635253906,1016.8618774414062,315.383544921875,0
31,6,1,detected,352.321312811995,227.630899685856,-6.071533203125,1.0119222402572632,16.651866912841797,331.2980651855469,174.87062072753906,377.3812561035156,281.3919372558594,0
31,8,1,detected,395.25355482242276,221.92279904462814,-2.473116159439087,0.4336744546890259,8.293662071228027,374.62359619140625,168.14266967773438,428.86041259765625,277.200439453125,0
31,10,1,detected,938.0227778194311,227.25079302881713,2.7970969676971436,0.31353887915611267,5.838376045227051,911.4231567382812,148.3755340576172,991.2445678710938,299.1284484863281,0
31,1,0,predicted,826.9762306279748,179.56441443729503,7.387364990215684,-0.18678648504512022,24.315509796142578,0,0,0,0,14
31,4,1,predicted,1251.2906174314724,199.31239954353583,5.611654119091391,0.1256333718383939,6.21121883392334,0,0,0,0,14
31,7,2,predicted,1216.6622664967863,189.5437267212476,7.5092351121833465,0.056428049385382796,8.787535667419434,0,0,0,0,13
31,9,2,predicted,1194.2729932687623,182.53745991594099,13.810144713067041,-0.0584056539041405,16.782468795776367,0,0,0,0,10
32,0,0,detected,150.83201434606033,284.7906183638399,-1.8286491632461548,0.3918534219264984,2.800739288330078,0.0,200.74215698242188,301.3568115234375,369.0272216796875,0
32,3,0,detected,464.09136369637594,183.72109069109783,-6.730104923248291,-0.09094736725091934,32.17691421508789,446.4521179199219,171.1267547607422,481.7373046875,196.20230102539062,0
32,5,1,detected,983.077715249313,227.5273615060923,2.87705397605896,0.30936065316200256,5.4725446701049805,944.9900512695312,137.5138702392578,1024.0601806640625,313.6307373046875,0
32,6,1,detected,363.0879845669258,227.0355711463606,-3.048888921737671,0.4977777898311615,8.80561637878418,345.9630432128906,173.19041442871094,389.6724853515625,278.2899169921875,0
32,8,1,detected,404.08029600197546,221.93925114808332,-2.377248525619507,0.4311676323413849,8.245721817016602,380.4922790527344,167.66188049316406,436.1852111816406,276.370361328125,0
32,10,1,detected,955.5049488087469,227.02664361871066,2.7872045040130615,0.3183158040046692,5.493619918823242,935.2939453125,146.12823486328125,1008.53271484375,306.88043212890625,0
32,1,0,predicted,821.9999379303206,179.70061020146397,7.2163614781142265,-0.1821063033473655,24.315509796142578,0,0,0,0,15
32,2,2,predicted,1010.0051117656726,182.2723605324982,3.0586212706096054,-0.020961580259218238,5.4377760887146,0,0,0,0,1
32,4,1,predicted,1256.4393970996132,198.96022035516006,5.656849793554912,0.12254196436389111,6.21121883392334,0,0,0,0,15
32,7,2,predicted,1221.9610681074646,189.16151596514783,7.575040354732925,0.051681415456020896,8.787535667419434,0,0,0,0,14
32,9,2,predicted,1194.3463407924348,182.53342874350412,13.811884343666385,-0.05850126382484787,16.782468795776367,0,0,0,0,11
33,0,0,detected,150.73742817653434,284.77787846146447,-1.8226850032806396,0.3905753493309021,2.791604518890381,0.0,200.50555419921875,301.338623046875,369.00927734375,0
33,2,2,detected,1010.1389479880403,183.06959628722805,3.196685552597046,-0.008031873032450676,5.683306694030762,990.522705078125,150.0626983642578,1029.9288330078125,218.6647491455078,0
33,3,0,detected,464.05327510546624,183.70481884151027,-6.730104923248291,-0.09094736725091934,32.17691421508789,446.428955078125,171.22021484375,481.6311340332031,196.1152801513672,0
33,5,1,detected,1001.2203748795962,226.46816956559326,3.1348273754119873,0.3087329864501953,5.601478576660156,964.7640991210938,138.0731201171875,1052.762939453125,311.3621826171875,0
33,6,1,detected,372.59123597170947,226.85882749187866,-2.861030340194702,0.494946151971817,8.541975975036621,353.20947265625,172.8381805419922,398.4334411621094,280.22540283203125,0
33,8,1,detected,411.7650192302783,222.1531121288048,-2.2984721660614014,0.42951247096061707,8.214068412780762,389.0422058105469,168.16604614257812,440.37762451171875,277.1698303222656,0
33,10,1,detected,968.246222266311,227.44699876561688,2.999481439590454,0.35143783688545227,5.783148288726807,937.8507690429688,147.7864990234375,1021.6527099609375,309.2216796875,0
33,1,0,predicted,816.9713327133819,179.83774482797264,7.043560317629116,-0.17739385892568624,24.315509796142578,0,0,0,0,16
33,4,1,predicted,1261.6451038893704,198.6036799817029,5.7025451708261965,0.11941227467225765,6.21121883392334,0,0,0,0,16
33,7,2,predicted,1227.3113592252175,188.77581151054207,7.641485039886843,0.04689139366380364,8.787535667419434,0,0,0,0,15
33,9,2,predicted,1194.4199215358296,182.52937920305706,13.813629505688535,-0.05859730939151809,16.782468795776367,0,0,0,0,12
34,0,0,detected,150.6460473332403,284.79965290965765,-1.8262590169906616,0.3913412094116211,2.7970783710479736,0.0,200.69818115234375,301.17034912109375,369.01031494140625,0
34,2,2,detected,1017.9336254538506,182.03078551072858,3.3223681449890137,-0.04032000154256821,5.706039905548096,1007.46630859375,148.43719482421875,1040.801513671875,211.86410522460938,0
34,3,0,detected,464.06815949898305,183.66555902929576,-6.730104923248291,-0.09094736725091934,32.17691421508789,446.53131103515625,171.2206268310547,481.65594482421875,195.94497680664062,0
34,5,1,detected,1017.0943842462264,226.0737417438042,3.1876702308654785,0.311752587556839,5.514857769012451,974.0487670898438,140.13739013671875,1069.8033447265625,311.39788818359375,0
34,6,1,detected,383.24213664477156,226.73635851417643,-2.637209415435791,0.4805581271648407,8.293662071228027,362.06158447265625,173.44540405273438,412.32867431640625,279.6371154785156,0
34,8,1,detected,419.6597589957725,221.877190737962,-2.209846258163452,0.4187077283859253,8.229865074157715,401.3243408203125,167.87611389160156,443.8323974609375,274.6717224121094,0
34,10,1,detected,977.3799243211132,227.45738841147164,3.0734386444091797,0.3460708558559418,5.8304219245910645,941.8750610351562,149.62355041503906,1028.4527587890625,305.3689270019531,0
34,1,0,predicted,811.8904149771588,179.97581831682103,6.868961508760354,-0.17264915178008233,24.315509796142578,0,0,0,0,17
34,4,1,predicted,1266.907737800744,198.24277842316434,5.748740250905242,0.11624430276349348,6.21121883392334,0,0,0,0,17
34,7,2,predicted,1232.713139850045,188.38661335743032,7.7085691676450985,0.04205798400873102,8.787535667419434,0,0,0,0,16
34,9,2,predicted,1194.493735498947,182.52531129459982,13.8153801991335,-0.05869379060415117,16.782468795776367,0,0,0,0,13
35,0,0,detected,150.6494300787818,284.7261158034013,-1.8226850032806396,0.3905753493309021,2.791604518890381,0.0,200.1577911376953,301.35333251953125,368.9916076660156,0
35,3,0,detected,464.19055415119215,183.6287494933812,-6.679880619049072,-0.09026865661144257,31.93678855895996,447.18609619140625,171.41941833496094,481.4338073730469,195.69558715820312,0
35,5,1,detected,1029.3511513153867,224.65399192251292,3.26623272895813,0.2891162931919098,5.529108047485352,987.427978515625,137.9771728515625,1073.6651611328125,306.8294982910156,0
35,6,1,detected,391.73821299217144,226.9326512574207,-2.4082038402557373,0.46184733510017395,7.78096342086792,368.4002990722656,174.43218994140625,418.4637145996094,280.4162902832031,0
35,8,1,detected,427.9585570009883,222.07657945001617,-2.0930936336517334,0.4278700053691864,8.182657241821289,411.389892578125,169.9878692626953,450.648193359375,275.12322998046875,0
35,10,1,detected,987.8453962099928,227.88361423883174,3.1426687240600586,0.3519134223461151,5.790974140167236,952.9937744140625,149.58404541015625,1040.450439453125,308.2855224609375,0
35,1,0,predicted,806.7571847216512,180.11483066800915,6.692565051507942,-0.16787218191055384,24.315509796142578,0,0,0,0,18
35,2,2,predicted,1018.3668409184875,181.97154051833166,3.276942350677861,-0.024421498344599304,5.706039905548096,0,0,0,0,1
35,4,1,predicted,1272.227298833734,197.87751567954442,5.795435033792051,0.11303804863759888,6.21121883392334,0,0,0,0,18
35,7,2,predicted,1238.1664099819473,187.9939215058126,7.776292738007692,0.037181186490803396,8.787535667419434,0,0,0,0,17
35,9,2,predicted,1194.5677826817869,182.52122501813238,13.817136424001276,-0.05879070746274708,16.782468795776367,0,0,0,0,14
36,0,0,detected,150.67752638920953,284.69735807860854,-1.8358582258224487,0.3933981955051422,2.8117804527282715,0.0,200.31809997558594,301.4506530761719,368.9821472167969,0
36,3,0,detected,464.3607266810917,183.56166005864097,-6.730104923248291,-0.09094736725091934,32.17691421508789,447.2615051269531,171.30419921875,481.7684631347656,195.5598907470703,0
36,5,1,detected,1038.6212916965487,223.07642174557577,3.3600001335144043,0.27670589089393616,5.594156742095947,996.0386962890625,134.40032958984375,1077.973876953125,307.0411682128906,0
36,6,1,detected,400.4837037670315,226.74552071051338,-2.309236526489258,0.4508509337902069,7.78096342086792,380.18914794921875,172.9850616455078,424.1709289550781,279.7998046875,0
36,8,1,detected,437.92487393742255,221.91928609516236,-2.019960880279541,0.4277564287185669,8.407720565795898,419.93719482421875,170.32916259765625,464.5669860839844,272.8434753417969,0
36,10,1,detected,1003.881946894926,226.10316766210843,3.296689510345459,0.2930390536785126,5.759798049926758,976.2503051757812,143.3235321044922,1059.4818115234375,300.2272644042969,0
36,1,0,predicted,801.5716419468592,180.25478188153699,6.514370945871877,-0.16306294931710075,24.315509796142578,0,0,0,0,19
36,2,2,predicted,1018.8135578864698,181.91011003191628,3.2805446764676303,-0.024916873809049934,5.706039905548096,0,0,0,0,2
36,4,1,predicted,1277.6037869883405,197.5078917508431,5.842629519486623,0.1097935122945736,6.21121883392334,0,0,0,0,19
36,7,2,predicted,1243.671169620924,187.5977359556889,7.844655750974624,0.032261001110020414,8.787535667419434,0,0,0,0,18
36,9,2,predicted,1194.6420630843493,182.51712037365476,13.818898180291868,-0.05888805996730584,16.782468795776367,0,0,0,0,15
37,0,0,detected,150.7829750450372,284.70489829762516,-1.833448886871338,0.3928819000720978,2.8080904483795166,0.0,200.49497985839844,301.7926330566406,368.97998046875,0
37,2,2,detected,1016.7909722716576,183.18269938974436,3.3434078693389893,-0.008296296931803226,5.870411396026611,989.0090942382812,148.0433807373047,1042.863525390625,221.16026306152344,0
37,3,0,detected,465.80684348536533,183.49220807864944,-6.309065341949463,-0.0870215892791748,30.78798484802246,452.11505126953125,171.54776000976562,482.03814697265625,195.1866455078125,0
37,5,1,detected,1052.4064612600048,221.79591628072217,3.4672067165374756,0.2745525538921356,5.550622463226318,1012.6500244140625,134.25535583496094,1096.4171142578125,306.2002258300781,0
37,6,1,detected,409.91085063562906,226.29830182670852,-2.2142951488494873,0.44065576791763306,7.795136451721191,391.4375,173.47821044921875,432.5337219238281,277.35223388671875,0
37,8,1,detected,446.7413965370227,221.92750714545036,-1.8885518312454224,0.41710346937179565,8.198332786560059,427.01824951171875,171.23770141601562,472.4089050292969,272.7093505859375,0
37,10,1,detected,1024.9995867897255,225.4385637196577,3.480224370956421,0.3068411350250244,5.713657855987549,1007.4837646484375,144.2763671875,1079.4495849609375,303.551513671875,0
37,1,0,predicted,796.3337866527827,180.39567195740455,6.3343791918521575,-0.1582214539997231,24.315509796142578,0,0,0,0,20
37,4,1,predicted,1283.0372022645636,197.1339066370604,5.890323707988958,0.10651069373441766,6.21121883392334,0,0,0,0,20
37,7,2,predicted,1249.2274187669755,187.1980567070592,7.913658206545894,0.02729742786638207,8.787535667419434,0,0,0,0,19
37,9,2,predicted,1194.7165767066342,182.51299736116695,13.820665468005268,-0.05898584811782746,16.782468795776367,0,0,0,0,16
38,0,0,detected,150.8292177379823,284.7193443663219,-1.8238747119903564,0.39083030819892883,2.793426752090454,0.0,200.55003356933594,301.76666259765625,368.9794616699219,0
38,2,2,detected,1012.9472880816664,182.45768271978739,13.413721084594727,-0.13515084981918335,23.907987594604492,991.5090942382812,148.93751525878906,1028.2576904296875,213.74131774902344,0
38,3,0,detected,466.2568537207045,183.35670674278705,-6.262468338012695,-0.08578723669052124,30.351274490356445,450.9533386230469,170.9942626953125,482.1794738769531,195.21060180664062,0
38,5,1,detected,1068.2400558497518,220.0564567191821,3.609924793243408,0.25167232751846313,5.56505823135376,1028.492431640625,132.0136260986328,1114.94482421875,303.49444580078125,0
38,6,1,detected,420.8982231813752,226.4302374438329,-2.1213135719299316,0.4626268744468689,7.98419713973999,400.66021728515625,173.77102661132812,447.527587890625,279.8631896972656,0
38,8,1,detected,453.4383840835778,222.199486274082,-1.8271205425262451,0.4278700053691864,8.182657241821289,433.9681701660156,171.0026092529297,474.5340270996094,274.6311950683594,0
38,10,1,detected,1039.0002963236693,222.75425341954278,3.4447648525238037,0.24380753934383392,5.56505823135376,1014.1668090820312,148.8700408935547,1086.2021484375,283.95684814453125,0
38,1,0,predicted,791.0436188394217,180.53750089561183,6.152589789448786,-0.15334769595842082,24.315509796142578,0,0,0,0,21
38,4,1,predicted,1288.527544662403,196.75556033819632,5.938517599299057,0.10318959295713125,6.21121883392334,0,0,0,0,21
38,7,2,predicted,1254.8351574201015,186.79488375992355,7.983300104721502,0.022290466759888716,8.787535667419434,0,0,0,0,20
38,9,2,predicted,1194.7913235486417,182.50885598066895,13.822438287141484,-0.05908407191431192,16.782468795776367,0,0,0,0,17
39,0,0,detected,150.94702893734714,284.69426234664144,-1.8151875734329224,0.38981252908706665,2.7861521244049072,0.0,200.32403564453125,302.12103271484375,368.98443603515625,0
39,2,2,detected,1011.0211384784745,182.40373726823867,8.366048812866211,-0.06321951746940613,14.911253929138184,991.3291015625,148.4758758544922,1027.306640625,216.26478576660156,0
39,3,0,detected,464.56377504377315,183.77196012105583,-7.032558441162109,-0.0468837209045887,33.17464828491211,445.2615661621094,171.68885803222656,480.67279052734375,197.69105529785156,0
39,5,1,detected,1087.212879228195,218.58740690154286,3.7750847339630127,0.25167232751846313,5.56505823135376,1037.2073974609375,129.32901000976562,1148.475830078125,304.7218933105469,0
39,6,1,detected,431.97583409035445,226.09821834997518,-2.0122320652008057,0.4521869421005249,7.999121189117432,408.09075927734375,170.33175659179688,461.7468566894531,280.6434326171875,0
39,8,1,detected,461.1050079149728,221.83200321306308,-1.7247148752212524,0.41393157839775085,8.135988235473633,441.6241149902344,167.64093017578125,483.66876220703125,274.4128723144531,0
39,10,1,detected,1045.5992969554397,222.74934317255935,3.5099284648895264,0.3052111864089966,5.683306694030762,997.775146484375,144.5252685546875,1101.0665283203125,301.4748229980469,0
39,1,0,predicted,785.7011385067763,180.68026869615883,5.9690027386617635,-0.14844167519319393,24.315509796142578,0,0,0,0,22
39,4,1,predicted,1294.0748141818588,196.37285285425085,5.9872111934169165,0.09983020996271419,6.21121883392334,0,0,0,0,22
39,7,2,predicted,1260.4943855803022,186.3882171142819,8.05358144550145,0.017240117790540008,8.787535667419434,0,0,0,0,21
39,9,2,predicted,1194.8663036103717,182.50469623216077,13.824216637700513,-0.05918273135675922,16.782468795776367,0,0,0,0,18
40,0,0,detected,151.05966412209943,284.7372141367581,-1.8246911764144897,0.3918534219264984,2.800739288330078,0.0,200.71737670898438,302.32196044921875,368.9667663574219,0
40,2,2,detected,1010.4280316319099,182.33557126475606,8.484296798706055,-0.0641130730509758,15.122013092041016,991.286865234375,148.19515991210938,1028.5997314453125,216.35791015625,0
40,3,0,detected,463.465276824101,183.9657563779216,-7.3756103515625,-0.049170736223459244,34.79292678833008,443.91363525390625,171.79397583007812,481.0738220214844,196.93528747558594,0
40,5,1,detected,1101.2322618691912,217.21120921281135,3.84586763381958,0.2359427958726883,5.56505823135376,1045.42236328125,128.4622344970703,1158.57177734375,303.5211181640625,0
40,6,1,detected,439.9112282422057,226.23018402191434,-4.253268718719482,1.008000135421753,17.39646339416504,414.5624694824219,172.55035400390625,464.9891357421875,280.70068359375,0
40,8,1,detected,469.90374079746545,221.8823278264123,-1.612800121307373,0.4262399971485138,8.151485443115234,452.9310302734375,169.44578552246094,491.6116943359375,274.5997009277344,0
40,10,1,detected,1056.5755804298433,222.29622630829786,3.6400749683380127,0.2899174690246582,5.698441982269287,1020.8764038085938,145.53909301757812,1107.9268798828125,297.4118347167969,0
40,1,0,predicted,780.3063456548464,180.82397535904556,5.783618039491089,-0.14350339170404247,24.315509796142578,0,0,0,0,23
40,4,1,predicted,1299.679010822931,195.98578418522402,6.03640449034254,0.09643254475116667,6.21121883392334,0,0,0,0,23
40,7,2,predicted,1266.2051032475774,185.97805677013426,8.124502228885733,0.012146380958335935,8.787535667419434,0,0,0,0,22
40,9,2,predicted,1194.9415168918242,182.5005181156424,13.826000519682351,-0.05928182644516938,16.782468795776367,0,0,0,0,19
41,0,0,detected,151.18093665265962,284.67997845068413,-1.8294804096221924,0.3928819000720978,2.8080904483795166,0.0,200.46835327148438,302.5653991699219,368.6710205078125,0
41,2,2,detected,1010.1868815764956,182.31108001078331,8.387123107910156,-0.06321951746940613,14.911253929138184,991.3262939453125,148.26242065429688,1028.75634765625,216.42587280273438,0
41,3,0,detected,464.660830453364,183.4693503847293,-7.867752552032471,-0.16056637465953827,37.871944427490234,449.2110900878906,171.35427856445312,482.31585693359375,193.45741271972656,0
41,5,1,detected,1113.0785116838736,215.81998854947318,3.874136447906494,0.2251501977443695,5.493619918823242,1059.253173828125,125.0313720703125,1164.1845703125,304.3885803222656,0
41,6,1,detected,450.47149159165616,225.33070734324542,-1.795324683189392,0.4263896346092224,7.93975830078125,431.6888122558594,168.4058380126953,473.33349609375,278.699951171875,0
41,8,1,detected,479.9396271007427,221.43779123733393,-1.4720605611801147,0.39939627051353455,8.0745849609375,457.6140441894531,165.8323516845703,508.72625732421875,275.1807556152344,0
41,10,1,detected,1066.0158090480493,220.90728687817256,3.769756555557251,0.26224392652511597,5.798820972442627,1029.3577880859375,143.34837341308594,1114.8819580078125,292.4461975097656,0
41,1,0,predicted,774.8592402836321,180.96862088427204,5.5964356919367635,-0.13853284549096542,24.315509796142578,0,0,0,0,24
41,4,1,predicted,1305.3401345856198,195.5943543311158,6.086097490075925,0.09299659732248848,6.21121883392334,0,0,0,0,24
41,7,2,predicted,1271.9673104219273,185.56440272748065,8.196062454874356,0.00700925626327686,8.787535667419434,0,0,0,0,23
41,9,2,predicted,1195.016963392999,182.49632163111383,13.827789933086999,-0.05938135717954238,16.782468795776367,0,0,0,0,20
42,0,0,detected,151.21086617851736,284.67628854677145,-1.8199270963668823,0.39083030819892883,2.793426752090454,0.0,200.69813537597656,302.4507141113281,368.67083740234375,0
42,2,2,detected,1009.9801717628844,182.22253513886068,8.336999893188477,-0.06300000101327896,14.859477996826172,990.9437866210938,147.717529296875,1028.8114013671875,216.53472900390625,0
42,3,0,detected,463.73972431059263,183.55342716807874,-1.6615384817123413,-0.02215384691953659,7.837966442108154,445.8965148925781,171.43179321289062,479.9401550292969,196.0979766845703,0
42,5,1,detected,1123.1821502843586,214.83457512570715,3.933910608291626,0.22457364201545715,5.479551792144775,1076.0870361328125,128.21762084960938,1164.3895263671875,301.0736389160156,0
42,6,1,detected,461.2314748320773,224.4874201567842,-1.6595802307128906,0.41211050748825073,7.881270408630371,443.383544921875,169.3888702392578,482.96612548828125,276.4933776855469,0
42,8,1,detected,487.6620026505118,221.8556193496695,-1.4150038957595825,0.422218918800354,8.0745849609375,464.4045104980469,167.8247528076172,512.67333984375,277.8189392089844,0
42,1,0,predicted,769.3598223931333,181.11420527183824,5.407455695998786,-0.13353003655396378,24.315509796142578,0,0,0,0,25
42,4,1,predicted,1311.058185469925,195.19856329192618,6.136290192617076,0.0895223676766796,6.21121883392334,0,0,0,0,25
42,7,2,predicted,1277.7810071033518,185.14725498632106,8.268262123467318,0.0018287437053624222,8.787535667419434,0,0,0,0,24
42,9,2,predicted,1195.0926431138964,182.49210677857508,13.829584877914458,-0.05948132355987824,16.782468795776367,0,0,0,0,21
42,10,1,predicted,1069.2163986490339,220.75183433456877,3.7469442663181782,0.2929906518359584,5.798820972442627,0,0,0,0,1
43,0,0,detected,151.2659190467201,284.6038143360739,-1.8246911764144897,0.3918534219264984,2.800739288330078,0.0,199.964599609375,302.6013488769531,368.9739990234375,0
43,2,2,detected,1009.9059017902521,182.19445536313427,8.39530086517334,-0.06344056874513626,14.963391304016113,990.929443359375,147.84214782714844,1028.928466796875,216.618896484375,0
43,3,0,detected,464.25831764573365,183.70541481826004,-7.716414451599121,-0.05213793367147446,36.89249801635742,445.8448181152344,171.78929138183594,483.65509033203125,196.30189514160156,0
43,5,1,detected,1135.7762108067063,213.81748817042055,4.057912826538086,0.21766583621501923,5.500680923461914,1095.3792724609375,125.68631744384766,1174.534423828125,301.5719909667969,0
43,6,1,detected,471.6021019527943,223.5276165699018,-1.5651017427444458,0.4024547338485718,7.910406112670898,448.2205810546875,166.5133514404297,497.6518859863281,277.1744079589844,0
43,8,1,detected,495.4107227821266,221.37850779179226,-1.3287273645401,0.4009091258049011,8.105170249938965,475.21417236328125,166.86798095703125,517.0865478515625,273.8969421386719,0
43,10,1,detected,1089.5831448466554,219.21684143458768,4.029242515563965,0.2564815580844879,5.8543500900268555,1061.0157470703125,139.00442504882812,1137.742431640625,294.6917419433594,0
43,1,0,predicted,763.80809198335,181.26072852174417,5.216678051677153,-0.12849496489303755,24.315509796142578,0,0,0,0,26
43,4,1,predicted,1316.8331634758467,194.7984110676552,6.186982597965987,0.0860098558137403,6.21121883392334,0,0,0,0,26
43,7,2,predicted,1283.646193291851,184.7266135466555,8.341101234664617,-0.0033951567154070217,8.787535667419434,0,0,0,0,25
43,9,2,predicted,1195.1685560545163,182.48787355802614,13.831385354164732,-0.059581725586176935,16.782468795776367,0,0,0,0,22
44,0,0,detected,151.29591480990672,284.62772882547637,-1.812827229499817,0.38930559158325195,2.78252911567688,0.0,200.71142578125,302.6114196777344,368.69171142578125,0
44,2,2,detected,1009.9682358318279,182.1307656149718,8.387123107910156,-0.06321951746940613,14.911253929138184,991.0322265625,147.551513671875,1029.191162109375,216.6372528076172,0
44,3,0,detected,464.28185652004925,183.7447117985259,-6.303549766540527,-0.08518309891223907,30.13753318786621,446.7294006347656,171.80479431152344,481.8884582519531,195.8573760986328,0
44,5,1,detected,1149.1493659838602,212.65465254744578,4.215510845184326,0.21234852075576782,5.56505823135376,1106.2724609375,123.44303131103516,1191.4072265625,301.047607421875,0
44,6,1,detected,479.5220845475305,223.62629172289883,-1.48703134059906,0.43279266357421875,7.852348327636719,453.52880859375,170.19760131835938,503.447509765625,278.2925109863281,0
44,8,1,detected,502.3604765763818,221.46829134803878,-1.2647908926010132,0.41393157839775085,8.135988235473633,481.8871154785156,166.28695678710938,522.5921630859375,277.1799011230469,0
44,10,1,detected,1101.0433119601028,219.04778969692708,4.129323959350586,0.28363037109375,5.902799606323242,1067.7772216796875,140.64181518554688,1147.1334228515625,297.5768127441406,0
44,1,0,predicted,758.2040490542822,181.40819063398982,5.024102758971869,-0.12342763050818673,24.315509796142578,0,0,0,0,27
44,4,1,predicted,1322.6650686033847,194.39389765830282,6.238174706122662,0.0824590617336703,6.21121883392334,0,0,0,0,27
44,7,2,predicted,1289.5628689874247,184.30247840848395,8.414579788466256,-0.008662444999031826,8.787535667419434,0,0,0,0,26
44,9,2,predicted,1195.2447022148588,182.483621969467,13.833191361837814,-0.05968256325843849,16.782468795776367,0,0,0,0,23
45,0,0,detected,151.4201175637126,284.6403768842928,-1.8223060369491577,0.3913412094116211,2.7970783710479736,0.0,200.69126892089844,303.02099609375,368.6819152832031,0
45,2,2,detected,1009.9827245978329,182.13601523631536,8.329079627990723,-0.06278201192617416,14.808061599731445,991.034912109375,147.86134338378906,1029.12060546875,216.63137817382812,0
45,3,0,detected,464.3892922090193,183.73848421039878,-6.885415554046631,-0.0930461585521698,32.91946029663086,447.2229309082031,171.4152374267578,481.7525329589844,196.03713989257812,0
45,5,1,detected,1166.3110012840532,212.48337192637325,4.291383266448975,0.22342930734157562,5.451630115509033,1120.0362548828125,126.40939331054688,1217.9869384765625,301.76300048828125,0
45,6,1,detected,488.0558745062788,223.63586779862374,-1.3897058963775635,0.43358826637268066,7.8667826652526855,463.91973876953125,169.2572021484375,511.05450439453125,278.8178405761719,0
45,8,1,detected,510.27345649290555,221.02304522228258,-1.1705807447433472,0.4016698896884918,8.120550155639648,490.521728515625,165.90843200683594,531.2816772460938,274.37750244140625,0
45,10,1,detected,1110.5074152859493,218.7273555370677,4.302891254425049,0.2822970449924469,6.0530829429626465,1075.74658203125,140.85470581054688,1155.00146484375,296.09136962890625,0
45,1,0,predicted,752.54769360593,181.5565916085752,4.829729817882933,-0.11832803339941131,24.315509796142578,0,0,0,0,28
45,4,1,predicted,1328.5539008525393,193.98502306386905,6.289866517087099,0.07886998543646964,6.21121883392334,0,0,0,0,28
45,7,2,predicted,1295.5310341900731,183.8748495718064,8.488697784872231,-0.013973121145511988,8.787535667419434,0,0,0,0,27
45,9,2,predicted,1195.3210815949237,182.4793520128977,13.835002900933713,-0.05978383657666288,16.782468795776367,0,0,0,0,24
46,0,0,detected,151.4938429508038,284.6581193014337,-1.8246911764144897,0.3918534219264984,2.800739288330078,0.0,200.7361602783203,303.0663146972656,368.68804931640625,0
46,2,2,detected,1009.9503151665482,182.13761035214634,8.5358304977417,-0.06434042751789093,15.175637245178223,990.890869140625,147.7339630126953,1029.1109619140625,216.73793029785156,0
46,3,0,detected,464.42988941478063,183.75501955987255,-6.832855224609375,-0.09233588725328445,32.66816711425781,447.19488525390625,171.49319458007812,481.7319030761719,196.08914184570312,0
46,5,1,detected,1178.7216226104244,212.62353792322637,4.232099533081055,0.21760794520378113,5.3095903396606445,1129.9385986328125,126.0448226928711,1224.0,303.4682312011719,0
46,6,1,detected,499.54422862684083,222.98700558765964,-1.2571686506271362,0.4190562069416046,8.014101028442383,481.67364501953125,168.1321563720703,521.2182006835938,275.8960266113281,0
46,8,1,detected,519.2504540040837,220.11284966148258,-1.0439324378967285,0.3744540810585022,8.029136657714844,496.88250732421875,166.92881774902344,544.4501342773438,269.692138671875,0
46,10,1,detected,1124.9116424108406,216.97984170842224,4.5165324211120605,0.24226610362529755,6.1223602294921875,1094.0965576171875,134.94131469726562,1174.28662109375,292.18701171875,0
46,1,0,predicted,746.8390256382934,181.70593144550028,4.633559228410346,-0.1131961735667113,24.315509796142578,0,0,0,0,29
46,4,1,predicted,1334.4996602233102,193.57178728435392,6.3420580308593,0.07524262692213854,6.21121883392334,0,0,0,0,29
46,7,2,predicted,1301.5506888997961,183.4437270366229,8.563455223882544,-0.01932718515484716,8.787535667419434,0,0,0,0,28
46,9,2,predicted,1195.3976941947112,182.4750636883182,13.836819971452423,-0.05988554554085012,16.782468795776367,0,0,0,0,25
47,0,0,detected,151.49589104627884,284.6245660748443,-1.8234978914260864,0.3915971517562866,2.79890775680542,0.0,200.1488800048828,302.93829345703125,368.9908447265625,0
47,2,2,detected,1009.9751306652561,182.127165485291,8.300358772277832,-0.06256552040576935,14.756999015808105,990.8292846679688,147.65110778808594,1029.3197021484375,216.74267578125,0
47,3,0,detected,464.41492672818197,183.7389796771739,-6.730104923248291,-0.09094736725091934,32.17691421508789,447.10601806640625,171.3555450439453,481.68939208984375,196.05764770507812,0
47,5,1,detected,1188.2052803699823,211.45688531607234,4.237310886383057,0.18552148342132568,5.250957012176514,1143.8099365234375,117.4634017944336,1224.0,304.37030029296875,0
47,6,1,detected,509.1817577146273,222.91133707146136,-1.1622090339660645,0.4287761449813843,7.98419713973999,486.7710876464844,169.5677032470703,531.6337280273438,276.8056335449219,0
47,8,1,detected,527.8438893120697,220.16648447481086,-0.951370894908905,0.39640453457832336,8.014101028442383,506.71453857421875,167.47120666503906,550.7255859375,273.52899169921875,0
47,10,1,detected,1139.5037726185938,215.57848624944492,4.6112775802612305,0.2408876270055771,6.0875244140625,1112.7530517578125,132.8866424560547,1184.362060546875,293.154541015625,0
47,1,0,predicted,741.0780451513723,181.8562101447651,4.4355909905541075,-0.1080320510100867,24.315509796142578,0,0,0,0,30
47,4,1,predicted,1340.5023467156977,193.1541903197574,6.394749247439263,0.07157698619067673,6.21121883392334,0,0,0,0,30
47,7,2,predicted,1307.6218331165937,183.0091108029334,8.638852105497197,-0.02472463702703769,8.787535667419434,0,0,0,0,29
47,9,2,predicted,1195.4745400142212,182.4707569957285,13.838642573393946,-0.059987690151000216,16.782468795776367,0,0,0,0,26
48,0,0,detected,151.49232658448994,284.6208227458358,-1.8163701295852661,0.3900664746761322,2.7879672050476074,0.0,200.27236938476562,302.923095703125,368.9898986816406,0
48,2,2,detected,1009.9975431318238,182.11358724105054,8.357999801635742,-0.06300000101327896,14.859477996826172,990.9002075195312,147.6913299560547,1029.280517578125,216.65798950195312,0
48,3,0,detected,464.45126509801923,183.74285123629406,-6.781091213226318,-0.09163636714220047,32.42068099975586,447.2519226074219,171.4233856201172,481.7074279785156,196.08505249023438,0
48,5,1,detected,1197.408439494354,208.8868211449237,4.370507717132568,0.1504477709531784,5.322798252105713,1162.026611328125,114.34517669677734,1224.0,297.0292053222656,0
48,6,1,detected,519.0669052516303,223.04382629047586,-1.0435324907302856,0.4263896346092224,7.93975830078125,493.1376953125,169.56321716308594,545.1804809570312,277.90655517578125,0
48,8,1,detected,535.2170432867559,219.84873157305412,-0.8801194429397583,0.3836418092250824,7.98419713973999,514.4552001953125,167.33901977539062,555.2503662109375,271.44097900390625,0
48,10,1,detected,1154.107458409867,214.23574994373678,4.806936740875244,0.22723700106143951,6.184291362762451,1125.6329345703125,132.42845153808594,1199.8114013671875,291.37847900390625,0
48,1,0,predicted,735.2647521451668,182.00742770636964,4.235825104314218,-0.10283566572953748,24.315509796142578,0,0,0,0,31
48,4,1,predicted,1346.5619603297016,192.73223217007947,6.44794016682699,0.06787306324208427,6.21121883392334,0,0,0,0,31
48,7,2,predicted,1313.744466840466,182.57100087073792,8.714888429716188,-0.030165476762083577,8.787535667419434,0,0,0,0,30
48,9,2,predicted,1195.5516190534538,182.4664319351286,13.840470706758278,-0.06009027040711315,16.782468795776367,0,0,0,0,27
49,0,0,detected,151.52883137178512,284.61070806173007,-1.8223060369491577,0.3913412094116211,2.7970783710479736,0.0,200.22998046875,303.0680236816406,368.98516845703125,0
49,2,2,detected,1010.0741649474096,182.1155977210578,8.5358304977417,-0.06434042751789093,15.175637245178223,991.0887451171875,147.74671936035156,1029.33056640625,216.66651916503906,0
49,3,0,detected,464.47097176229437,183.73131838352066,-6.781091213226318,-0.09163636714220047,32.42068099975586,447.3942565917969,171.4186553955078,481.5713806152344,196.00369262695312,0
49,5,1,detected,1208.2819023041418,209.8037886924228,4.4886908531188965,0.21194493770599365,5.356107234954834,1186.9212646484375,134.42161560058594,1224.0,293.0057067871094,0
49,6,1,detected,526.3032738312226,223.8904550704201,-1.439229965209961,0.6630160808563232,11.44259262084961,499.1466064453125,171.7119140625,548.7518310546875,280.294677734375,0
49,8,1,detected,545.1068637837437,219.74757620783296,-0.7461084723472595,0.3843589127063751,7.999121189117432,526.8626708984375,166.9170684814453,566.8526611328125,272.6305847167969,0
49,10,1,detected,1166.2213109715935,213.5240019664497,4.859225273132324,0.23428407311439514,6.139927864074707,1124.8433837890625,132.49452209472656,1219.3272705078125,292.9461364746094,0
49,1,0,predicted,729.3991466196767,182.1595841303139,4.034261569690672,-0.09760701772506368,24.315509796142578,0,0,0,0,32
49,4,1,predicted,1352.6785010653218,192.30591283532019,6.501630789022477,0.06413085807636136,6.21121883392334,0,0,0,0,32
49,7,2,predicted,1319.9185900714128,182.12939724003647,8.791564196539516,-0.03564970435998448,8.787535667419434,0,0,0,0,31
49,9,2,predicted,1195.6289313124087,182.46208850651854,13.84230437154542,-0.06019328630918894,16.782468795776367,0,0,0,0,28
50,0,0,detected,151.60242111323805,284.5685572929478,-1.8199270963668823,0.39083030819892883,2.793426752090454,0.0,200.02049255371094,303.2768859863281,368.9803466796875,0
50,2,2,detected,1010.043329956821,182.15697217250693,8.357999801635742,-0.06300000101327896,14.859477996826172,991.0690307617188,148.02293395996094,1029.087646484375,216.62522888183594,0
50,3,0,detected,464.51056267647607,183.7268760926142,-6.679880619049072,-0.09026865661144257,31.93678855895996,447.4140930175781,171.3719024658203,481.6631774902344,196.07484436035156,0
50,6,1,detected,535.7714089575312,223.94989308497725,-0.8672179579734802,0.4392402470111847,7.969329357147217,512.044677734375,170.173583984375,558.7135620117188,278.4576416015625,0
50,8,1,detected,554.5969194184632,219.45919342574678,-0.6431642174720764,0.3836418092250824,7.98419713973999,534.9934692382812,167.4764404296875,576.5392456054688,270.7234802246094,0
50,10,1,detected,1173.572549199925,212.86698616895248,4.80760383605957,0.23097030818462372,6.0530829429626465,1125.7718505859375,131.14337158203125,1223.6600341796875,293.3284606933594,0
50,1,0,predicted,723.4812285749022,182.3126794165979,3.830900386683475,-0.09234610699666528,24.315509796142578,0,0,0,0,33
50,4,1,predicted,1358.8519689225586,191.8752323154795,6.555821114025729,0.06035037069350777,6.21121883392334,0,0,0,0,33
50,5,1,predicted,1222.440162361925,208.85335650970535,4.62070344378228,0.1805570690888026,5.356107234954834,0,0,0,0,1
50,7,2,predicted,1326.1442028094343,181.68429991082903,8.868879405967185,-0.04117731982074073,8.787535667419434,0,0,0,0,32
50,9,2,predicted,1195.706476791086,182.45772670989828,13.844143567755376,-0.06029673785722757,16.782468795776367,0,0,0,0,29
51,0,0,detected,151.64906916742333,284.52428317930304,-1.8140065670013428,0.389558881521225,2.784339427947998,0.0,199.9332733154297,303.31640625,368.980224609375,0
51,2,2,detected,1009.9759298648598,182.16706983973995,8.484296798706055,-0.0641130730509758,15.122013092041016,990.9679565429688,147.8902587890625,1028.9896240234375,216.63194274902344,0
51,3,0,detected,464.53633956208756,183.6945952986939,-6.679880619049072,-0.09026865661144257,31.93678855895996,447.4256286621094,171.28097534179688,481.6748352050781,195.9896240234375,0
51,6,1,detected,545.7180521094411,223.3714961455296,-0.7476310133934021,0.412870854139328,7.895811557769775,523.8762817382812,169.69517517089844,567.3872680664062,275.1285095214844,0
51,8,1,detected,564.558637625937,219.20131347345162,-0.525426983833313,0.3689168095588684,7.910406112670898,540.38525390625,166.77696228027344,591.5018920898438,271.0907897949219,0
51,10,1,detected,1179.83819192536,211.9297966786337,4.736485958099365,0.2088397890329361,5.910952568054199,1135.732177734375,129.1492462158203,1223.95654296875,292.2826232910156,0
51,1,0,predicted,717.5109980108432,182.4667135652216,3.6257415552926266,-0.08705293354434228,24.315509796142578,0,0,0,0,34
51,4,1,predicted,1365.0823639014118,191.44019061055747,6.610511141836744,0.05653160109352376,6.21121883392334,0,0,0,0,34
51,5,1,predicted,1236.8158320376338,207.88277958725868,4.72951952514922,0.17321032422415855,5.356107234954834,0,0,0,0,2
51,7,2,predicted,1332.4213050545304,181.2357088831156,8.94683405799919,-0.046748323144352344,8.787535667419434,0,0,0,0,33
51,9,2,predicted,1195.784255489486,182.45334654526783,13.845988295388143,-0.06040062505122905,16.782468795776367,0,0,0,0,30
52,0,0,detected,151.7808580702122,284.52271660243827,-1.8163701295852661,0.3900664746761322,2.7879672050476074,0.0,200.10604858398438,303.72406005859375,368.9886169433594,0
52,2,2,detected,1009.962164560714,182.25160296129226,8.505667686462402,-0.0641130730509758,15.122013092041016,990.9483032226562,148.23736572265625,1029.077880859375,216.74673461914062,0
52,3,0,detected,464.4866686643711,183.74093355554209,-6.781091213226318,-0.09163636714220047,32.42068099975586,447.3260192871094,171.51113891601562,481.54193115234375,196.18260192871094,0
52,6,1,detected,555.9208061623377,223.11335039449085,-0.63254314661026,0.41059818863868713,7.852348327636719,530.0687866210938,169.91514587402344,581.7844848632812,275.831787109375,0
52,8,1,detected,571.5588701127604,219.9657043205545,-0.46608445048332214,0.39950093626976013,7.852348327636719,546.23095703125,167.6043701171875,594.064208984375,276.0633544921875,0
52,10,1,detected,1190.138881333959,209.9757174674343,4.793844699859619,0.17327149212360382,5.838376045227051,1163.4444580078125,124.86970520019531,1224.0,288.27435302734375,0
52,1,0,predicted,711.4884549274998,182.62168657618503,3.4187850755181266,-0.08172749736809469,24.315509796142578,0,0,0,0,35
52,4,1,predicted,1371.3696860018815,191.00078772055403,6.665700872455522,0.052674549276409056,6.21121883392334,0,0,0,0,35
52,5,1,predicted,1251.4089113312677,206.89205792508278,4.839981280297472,0.1657110945231945,5.356107234954834,0,0,0,0,3
52,7,2,predicted,1338.7498968067011,180.7836241568962,9.025428152635532,-0.052362714330818974,8.787535667419434,0,0,0,0,34
52,9,2,predicted,1195.8622674076084,182.44894801262717,13.847838554443722,-0.06050494789119405,16.782468795776367,0,0,0,0,31
53,0,0,detected,151.69770576937148,284.53282370419583,-1.8282809257507324,0.39262428879737854,2.8062491416931152,0.0,200.1809844970703,303.1718444824219,368.97918701171875,0
53,2,2,detected,1010.0324061020506,182.28047100076768,8.243507385253906,-0.06213699281215668,14.655923843383789,991.0606079101562,148.03927612304688,1029.24755859375,216.746337890625,0
53,3,0,detected,464.4837545236304,183.77299094528615,-6.730104923248291,-0.09094736725091934,32.17691421508789,447.5097961425781,171.4964599609375,481.4403381347656,196.19052124023438,0
53,6,1,detected,564.2381240983542,222.91739366958407,-0.5548624396324158,0.41059818863868713,7.852348327636719,536.4426879882812,167.9414825439453,588.5099487304688,277.70556640625,0
53,8,1,detected,579.8482373563128,220.1637015504839,-0.3662092089653015,0.38840368390083313,7.852348327636719,558.5924072265625,166.7401885986328,600.4829711914062,274.7510986328125,0
53,10,1,detected,1199.8445411813648,210.36567710964226,3.3790910243988037,0.15463638305664062,4.052585124969482,1181.2210693359375,128.7898712158203,1224.0,295.8950500488281,0
53,1,0,predicted,705.4135993248719,182.77759844948818,3.210030947359975,-0.0763697984679225,24.315509796142578,0,0,0,0,36
53,4,1,predicted,1377.7139352239676,190.5570236454692,6.721390305882062,0.04877921524216367,6.21121883392334,0,0,0,0,36
53,5,1,predicted,1266.2194002428273,205.88119152317768,4.952088709227039,0.15805937998591052,5.356107234954834,0,0,0,0,4
53,7,2,predicted,1345.1299780659465,180.3280457321708,9.104661689876215,-0.05802049338014096,8.787535667419434,0,0,0,0,35
53,9,2,predicted,1195.9405125454534,182.44453111197632,13.849694344922115,-0.0606097063771219,16.782468795776367,0,0,0,0,32
54,0,0,detected,151.63074700062512,284.5744102219597,-1.8175541162490845,0.390320748090744,2.7897846698760986,0.0,200.37684631347656,303.0797424316406,368.9891662597656,0
54,2,2,detected,1010.0574594443459,182.32015660866875,8.445979118347168,-0.06366316229104996,15.015893936157227,991.0596923828125,148.10609436035156,1029.206298828125,216.78932189941406,0
54,3,0,detected,464.4856543360332,183.76885560822265,-6.730104923248291,-0.09094736725091934,32.17691421508789,447.455078125,171.40489196777344,481.50811767578125,196.1182098388672,0
54,6,1,detected,571.8804264848551,222.90531038246368,-5.20128059387207,4.596480369567871,85.5905990600586,543.3235473632812,168.84561157226562,595.7310180664062,277.5453186035156,0
54,8,1,detected,587.8204360019323,219.6133306302876,-2.7490909099578857,3.6287999153137207,77.80963134765625,567.4639282226562,165.2533416748047,606.8126220703125,271.9846496582031,0
54,1,0,predicted,699.2864312029595,182.93444918513106,2.9994791708181685,-0.07097983684382572,24.315509796142578,0,0,0,0,37
54,4,1,predicted,1384.1151115676703,190.108898385303,6.777579442116366,0.04484559899078784,6.21121883392334,0,0,0,0,37
54,5,1,predicted,1281.2472987723122,204.85018038154337,5.065841811937918,0.1502551806123067,5.356107234954834,0,0,0,0,5
54,7,2,predicted,1351.5615488322665,179.86897360893946,9.184534669721234,-0.06372166029231795,8.787535667419434,0,0,0,0,36
54,9,2,predicted,1196.018990903021,182.44009584331528,13.851555666823321,-0.0607149005090126,16.782468795776367,0,0,0,0,33
54,10,1,predicted,1206.7593976225187,209.89510374929145,3.406349398945543,0.142581053838022,4.052585124969482,0,0,0,0,1
55,0,0,detected,151.62350415714556,284.5610023947786,-1.8187397718429565,0.3905753493309021,2.791604518890381,0.0,200.1279296875,303.1798095703125,368.973388671875,0
55,2,2,detected,1010.1263526985961,182.31438717268853,8.243507385253906,-0.06213699281215668,14.655923843383789,991.2410888671875,147.95166015625,1029.2303466796875,216.73191833496094,0
55,3,0,detected,464.4857758110449,183.84084948275202,-6.730104923248291,-0.09094736725091934,32.17691421508789,447.55889892578125,171.62010192871094,481.4017639160156,196.35887145996094,0
55,6,1,detected,583.3752058867369,222.06709864451764,-2.822399854660034,3.5280001163482666,71.32549285888672,562.6083984375,166.40509033203125,606.1771850585938,274.91619873046875,0
55,8,1,detected,595.493401150309,219.341416292792,-1.471135139465332,2.6970813274383545,57.83148193359375,573.507080078125,164.19483947753906,615.4583129882812,273.7799377441406,0
55,1,0,predicted,693.1069505617627,183.09223878311366,2.78712974589271,-0.06555761249580434,24.315509796142578,0,0,0,0,38
55,4,1,predicted,1390.5732150329893,189.65641194005542,6.834268281158432,0.04087370052228134,6.21121883392334,0,0,0,0,38
55,5,1,predicted,1296.4926069197224,203.79902450017985,5.181240588430108,0.142298496402383,5.356107234954834,0,0,0,0,6
55,7,2,predicted,1358.044609105661,179.4064077872021,9.265047092170592,-0.06946621506735029,8.787535667419434,0,0,0,0,37
55,9,2,predicted,1196.097702480311,182.43564220664405,13.853422520147339,-0.06082053028686615,16.782468795776367,0,0,0,0,34
55,10,1,predicted,1213.7857536747085,209.41600225310066,3.446591257772538,0.1398371088072968,4.052585124969482,0,0,0,0,2
56,0,0,detected,151.67141603977078,284.5425219942874,-1.8163701295852661,0.3900664746761322,2.7879672050476074,0.0,200.0572052001953,303.37432861328125,368.98834228515625,0
56,2,2,detected,1010.2140746136564,182.25422649708418,8.300358772277832,-0.06256552040576935,14.756999015808105,991.3231201171875,147.72015380859375,1029.3428955078125,216.6201171875,0
56,3,0,detected,464.54418598306677,183.91015540512197,-6.781091213226318,-0.045818183571100235,32.42068099975586,447.8083801269531,171.59866333007812,481.3703918457031,196.48867797851562,0
56,6,1,detected,594.8002529812428,221.71304181034833,-2.0982859134674072,4.4434285163879395,87.33734130859375,573.5213012695312,165.17178344726562,617.5923461914062,277.60931396484375,0
56,1,0,predicted,686.8751574012814,183.25096724343598,2.5729826725836,-0.06010312542385837,24.315509796142578,0,0,0,0,39
56,4,1,predicted,1397.0882456199247,189.19956430972644,6.891456823008261,0.03686351983664416,6.21121883392334,0,0,0,0,39
56,5,1,predicted,1311.955324685058,202.7277238790871,5.298285038703612,0.13418932735613923,5.356107234954834,0,0,0,0,7
56,7,2,predicted,1364.5791588861302,178.94034826695878,9.346198957224289,-0.07525415770523801,8.787535667419434,0,0,0,0,38
56,8,1,predicted,604.3802164634509,219.22885644801966,-0.6227628379751065,2.7975151367443134,57.83148193359375,0,0,0,0,1
56,9,2,predicted,1196.1766472773236,182.43117020196263,13.855294904894167,-0.06092659571068254,16.782468795776367,0,0,0,0,35
56,10,1,predicted,1220.9236093379343,208.92837262106985,3.4874717053037276,0.13704432081501627,4.052585124969482,0,0,0,0,3
57,0,0,detected,151.6747547250529,284.5559541747792,-1.8163701295852661,0.3900664746761322,2.7879672050476074,0.0,200.24534606933594,303.3002624511719,368.9598693847656,0
57,2,2,detected,1010.3334779753009,182.21565790997118,8.329079627990723,-0.06278201192617416,14.808061599731445,991.4654541015625,147.7655029296875,1029.478759765625,216.59791564941406,0
57,3,0,detected,464.57223353153705,183.94045355590413,-6.730104923248291,-0.09094736725091934,32.17691421508789,447.7793273925781,171.4928741455078,481.3962097167969,196.47874450683594,0
57,6,1,detected,600.8682044998977,221.95327869641906,-1.7920000553131104,4.144000053405762,79.25054931640625,575.0496215820312,170.66099548339844,618.5746459960938,275.07061767578125,0
57,5,1,predicted,1327.6354520683192,201.63627851826516,5.416975162758429,0.12592767347357559,5.356107234954834,0,0,0,0,8
57,7,2,predicted,1371.165198173674,178.47079504820948,9.427990264882322,-0.08108548820598072,8.787535667419434,0,0,0,0,39
57,8,1,predicted,613.3972394330409,219.11433066474174,0.11419599920096461,2.7881549755962483,57.83148193359375,0,0,0,0,2
57,9,2,predicted,1196.2558252940587,182.42667982927102,13.857172821063811,-0.06103309678046179,16.782468795776367,0,0,0,0,36
57,10,1,predicted,1228.172964612196,208.43221485319904,3.5289907415391113,0.13420268986118047,4.052585124969482,0,0,0,0,4
58,0,0,detected,151.6465295859476,284.5821175852481,-1.8342949151992798,0.3939158320426941,2.8154802322387695,0.0,200.322998046875,303.19140625,368.98028564453125,0
58,2,2,detected,1010.2885034555004,182.206866995669,8.596800804138184,-0.06480000168085098,15.284034729003906,991.2605590820312,147.85520935058594,1029.2913818359375,216.61737060546875,0
58,3,0,detected,464.6152880631582,184.04845628096228,-6.730104923248291,-0.04547368362545967,32.17691421508789,447.90277099609375,171.78244018554688,481.382080078125,196.71449279785156,0
58,6,1,detected,604.1811704070019,221.8551394873904,-0.31943660974502563,0.7879437208175659,15.068766593933105,576.5322875976562,168.34718322753906,619.2921142578125,275.7008361816406,0
58,11,1,detected,15.397266363725066,227.2325210571289,0.0,0.0,0.0,0.03752131387591362,172.90370178222656,30.75701141357422,281.56134033203125,0
58,5,1,predicted,1343.5329890695057,200.524688417714,5.537310960594558,0.11751353475469208,5.356107234954834,0,0,0,0,9
58,8,1,predicted,622.544470059079,218.99783894295825,0.8617966727581801,2.778634138828312,57.83148193359375,0,0,0,0,3
58,9,2,predicted,1196.335236530516,182.42217108856923,13.859056268656259,-0.06114003349620388,16.782468795776367,0,0,0,0,37
58,10,1,predicted,1235.5338194974938,207.92752894948825,3.571148366478689,0.13131221594578948,4.052585124969482,0,0,0,0,5
59,0,0,detected,151.61098848917004,284.64323987568065,-1.8282809257507324,0.39262428879737854,2.8062491416931152,0.0,200.58656311035156,303.11376953125,368.9715270996094,0
59,2,2,detected,1010.394554521514,182.18891844662718,8.329079627990723,-0.06278201192617416,14.808061599731445,991.5967407226562,147.7657928466797,1029.4307861328125,216.6313018798828,0
59,3,0,detected,464.5865090782243,184.16299974515746,-6.730104923248291,-0.04547368362545967,32.17691421508789,447.83734130859375,171.8361358642578,481.2613830566406,196.8886260986328,0
59,6,1,detected,608.9630761327693,221.39785989973123,-0.17341937124729156,0.758709728717804,15.33881664276123,588.1265258789062,164.45382690429688,620.4755859375,277.2080078125,0
59,11,1,detected,16.454885018972032,227.57936420594305,-0.0,0.0,0.0,0.05385982617735863,173.77975463867188,33.406646728515625,282.2218322753906,0
59,5,1,predicted,1359.6479356886175,199.39295357743364,5.659292432212,0.1089469111994887,5.356107234954834,0,0,0,0,10
59,8,1,predicted,631.8219083415653,218.87938128266921,1.6200391826965492,2.768952626440507,57.83148193359375,0,0,0,0,4
59,9,2,predicted,1196.414880986696,182.41764397985725,13.860945247671522,-0.06124740585790882,16.782468795776367,0,0,0,0,38
59,10,1,predicted,1243.0061739938276,207.41431490993745,3.6139445801224612,0.12837289906884317,4.052585124969482,0,0,0,0,6
60,0,0,detected,151.62710534696612,284.6628207016141,-1.8223060369491577,0.3913412094116211,2.7970783710479736,0.0,200.4420623779297,303.24200439453125,368.9678955078125,0
60,2,2,detected,1010.3983615746076,182.19543073912047,8.329079627990723,-0.06278201192617416,14.808061599731445,991.4796752929688,147.87794494628906,1029.3626708984375,216.6312713623047,0
60,3,0,detected,464.5602292824575,184.30013632390546,-6.730104923248291,-0.04547368362545967,32.17691421508789,447.8274230957031,172.04019165039062,481.2278747558594,197.02195739746094,0
60,11,1,detected,16.56724163133618,225.92941607213115,-0.0,0.0,0.0,0.0,174.8745880126953,33.303619384765625,271.1107177734375,0
60,5,1,predicted,1375.9802919256547,198.24107399742405,5.782919577610754,0.10022780280796524,5.356107234954834,0,0,0,0,11
60,6,1,predicted,618.8728261106538,221.19869040049934,0.14898513738108615,0.784694211013692,15.33881664276123,0,0,0,0,1
60,8,1,predicted,641.2295542804997,218.7589576838746,2.3889235290160626,2.7591104384328307,57.83148193359375,0,0,0,0,5
60,9,2,predicted,1196.4947586625985,182.41309850313507,13.862839758109596,-0.0613552138655766,16.782468795776367,0,0,0,0,39
60,10,1,predicted,1250.5900281011973,206.89257273454663,3.6573793824704275,0.12538473923034152,4.052585124969482,0,0,0,0,7
61,0,0,detected,151.6318153847084,284.7120567313999,-1.8151875734329224,0.38981252908706665,2.7861521244049072,0.0,200.65834045410156,303.2317199707031,368.9639892578125,0
61,2,2,detected,1010.4205392476117,182.18842337334166,8.5358304977417,-0.06434042751789093,15.175637245178223,991.58203125,147.76808166503906,1029.3336181640625,216.66558837890625,0
61,3,0,detected,464.5521286421415,184.38147905938098,-6.730104923248291,-0.04547368362545967,32.17691421508789,447.83349609375,171.98411560058594,481.2413024902344,196.9807586669922,0
61,5,1,predicted,1392.5300577806174,197.06904967768526,5.908192396790822,0.0913562095801219,5.356107234954834,0,0,0,0,12
61,6,1,predicted,628.8951713024478,220.9968951250875,0.36624372231246716,0.780319810098254,15.33881664276123,0,0,0,0,2
61,8,1,predicted,650.7674078758821,218.6365681465744,3.1684497117167205,2.749107574805284,57.83148193359375,0,0,0,0,6
61,10,1,predicted,1258.285381819603,206.3623024233158,3.7014527735225875,0.12234773643028456,4.052585124969482,0,0,0,0,8
61,11,1,predicted,16.57008907431027,225.92249738785,-0.0,0.0,0.0,0,0,0,0,1
62,0,0,detected,151.6236120169214,284.768740921986,-1.8258860111236572,0.39211001992225647,2.8025734424591064,0.0,200.78228759765625,303.1944885253906,368.96917724609375,0
62,2,2,detected,1010.426883321949,182.18963732295379,8.357999801635742,-0.06300000101327896,14.859477996826172,991.5221557617188,147.83726501464844,1029.3739013671875,216.62930297851562,0
62,3,0,detected,464.5313878736164,184.45396321268555,-6.679880619049072,-0.04513432830572128,31.93678855895996,447.8035583496094,172.04225158691406,481.20977783203125,197.0150604248047,0
62,5,1,predicted,1409.2972332535055,195.87688061821726,6.035110889752202,0.08233213151595871,5.356107234954834,0,0,0,0,13
62,6,1,predicted,639.0301117081514,220.79247407349564,0.5859430809725428,0.7758884891300446,15.33881664276123,0,0,0,0,3
62,8,1,predicted,660.4354691277127,218.51221267076866,3.9586177307985317,2.738944035557868,57.83148193359375,0,0,0,0,7
62,10,1,predicted,1266.0922351490444,205.823503976245,3.746164753278941,0.11926189066867245,4.052585124969482,0,0,0,0,9
62,11,1,predicted,16.572938896403734,225.915568916511,-0.0,0.0,0.0,0,0,0,0,2
63,0,0,detected,151.66284855009272,284.79428985593336,-1.8199270963668823,0.39083030819892883,2.793426752090454,0.0,200.6855010986328,303.35791015625,368.9749755859375,0
63,2,2,detected,1010.4335597871288,182.20743878489253,8.416448593139648,-0.06344056874513626,14.963391304016113,991.5322265625,147.86041259765625,1029.375,216.7038116455078,0
63,3,0,detected,464.5156323595267,184.5074866387821,-6.730104923248291,-0.04547368362545967,32.17691421508789,447.7755432128906,172.0418701171875,481.21826171875,197.0322723388672,0
63,5,1,predicted,1426.281818344319,194.66456681902005,6.1636750564948946,0.07315556861547565,5.356107234954834,0,0,0,0,14
63,6,1,predicted,649.2776473277645,220.58542724572382,0.808083213361313,0.7714002481090642,15.33881664276123,0,0,0,0,4
63,8,1,predicted,670.2337380359915,218.38589125645734,4.759427586261488,2.7286198206905814,57.83148193359375,0,0,0,0,8
63,10,1,predicted,1274.0105880895221,205.2761773933342,3.79151532173949,0.11612720194550501,4.052585124969482,0,0,0,0,10
63,11,1,predicted,16.57579109761657,225.90863065811413,-0.0,0.0,0.0,0,0,0,0,3
64,0,0,detected,151.65512571507134,284.75472436924,-1.8175541162490845,0.390320748090744,2.7897846698760986,0.0,200.34275817871094,303.25836181640625,368.96832275390625,0
64,2,2,detected,1010.4939170503355,182.21650871511602,8.5358304977417,-0.06434042751789093,15.175637245178223,991.6304931640625,147.80540466308594,1029.4873046875,216.73211669921875,0
64,3,0,detected,464.5093228188792,184.51814350918534,-6.679880619049072,-0.04513432830572128,31.93678855895996,447.77197265625,171.9610137939453,481.2281188964844,196.953369140625,0
64,5,1,predicted,1443.483813053058,193.43210828009362,6.293884897018901,0.0638265208786725,5.356107234954834,0,0,0,0,15
64,6,1,predicted,659.6377781612872,220.375754641772,1.032664119478778,0.7668550870353118,15.33881664276123,0,0,0,0,5
64,8,1,predicted,680.1622146007182,218.25760390364044,5.570879278105588,2.7181349302034232,57.83148193359375,0,0,0,0,9
64,10,1,predicted,1282.0404406410357,204.72032267458337,3.837504478904233,0.11294367026078227,4.052585124969482,0,0,0,0,11
64,11,1,predicted,16.578645677948778,225.9016826126594,-0.0,0.0,0.0,0,0,0,0,4
65,0,0,detected,151.6579034630309,284.7440724906844,-1.8223060369491577,0.3913412094116211,2.7970783710479736,0.0,200.45645141601562,303.28509521484375,368.96258544921875,0
65,2,2,detected,1010.5038396637011,182.24191514666248,8.505667686462402,-0.0641130730509758,15.122013092041016,991.6256103515625,147.86553955078125,1029.4156494140625,216.78213500976562,0
65,3,0,detected,464.4888993839998,184.5494923799532,-6.679880619049072,-0.04513432830572128,31.93678855895996,447.7392883300781,172.05213928222656,481.1968994140625,197.0137939453125,0
65,5,1,predicted,1460.9032173797223,192.17950500143797,6.425740411324219,0.05434498830554948,5.356107234954834,0,0,0,0,16
65,6,1,predicted,670.1105042087195,220.16345626164022,1.2596857993249373,0.7622530059087886,15.33881664276123,0,0,0,0,6
65,8,1,predicted,690.2208988218932,218.127350612318,6.3929728063308415,2.7074893640963973,57.83148193359375,0,0,0,0,10
65,10,1,predicted,1290.1817928035853,204.15593981999254,3.8841322247731696,0.10971129561450418,4.052585124969482,0,0,0,0,12
65,11,1,predicted,16.58150263740036,225.89472478014682,-0.0,0.0,0.0,0,0,0,0,5
66,0,0,detected,151.65049074777107,284.7197822170762,-1.8175541162490845,0.390320748090744,2.7897846698760986,0.0,200.3404998779297,303.2543029785156,368.9783020019531,0
66,2,2,detected,1010.471773814919,182.26004891821685,8.596800804138184,-0.06480000168085098,15.284034729003906,991.5914916992188,147.97769165039062,1029.3106689453125,216.66578674316406,0
66,3,0,detected,464.4736608704427,184.55892859925572,-6.679880619049072,-0.04513432830572128,31.93678855895996,447.7093505859375,171.95457458496094,481.2083435058594,197.04061889648438,0
66,5,1,predicted,1478.540031324312,190.90675698305313,6.559241599410851,0.044710970896106594,5.356107234954834,0,0,0,0,17
66,6,1,predicted,680.6958254700613,219.94853210532844,1.4891482528997915,0.7575940047294939,15.33881664276123,0,0,0,0,7
66,8,1,predicted,700.4097906995163,217.99513138248997,7.2257081709372395,2.6966831223694996,57.83148193359375,0,0,0,0,11
66,10,1,predicted,1298.4346445771707,203.58302882956173,3.9313985593462997,0.10643007800667095,4.052585124969482,0,0,0,0,13
66,11,1,predicted,16.584361975971312,225.88775716057634,-0.0,0.0,0.0,0,0,0,0,6
67,0,0,detected,151.66315782714554,284.72199890329074,-1.8151875734329224,0.38981252908706665,2.7861521244049072,0.0,200.4657745361328,303.317138671875,368.9720764160156,0
67,2,2,detected,1010.510259130005,182.2303686481846,8.445979118347168,-0.06366316229104996,15.015893936157227,991.56640625,147.7780303955078,1029.5372314453125,216.604248046875,0
67,3,0,detected,464.43377998480855,184.59041906756954,-6.630400657653809,-0.04480000212788582,31.700220108032227,447.6650390625,172.04486083984375,481.13262939453125,197.10801696777344,0
67,5,1,predicted,1496.394254886827,189.61386422493908,6.694388461278794,0.03492446865034384,5.356107234954834,0,0,0,0,18
67,6,1,predicted,691.3937419453127,219.7309821728367,1.7210514802033403,0.7528780834974279,15.33881664276123,0,0,0,0,8
67,8,1,predicted,710.7288902335874,217.86094621415637,8.069085371924782,2.685716205022731,57.83148193359375,0,0,0,0,12
67,10,1,predicted,1306.7989959617921,203.0015897032909,3.9793034826236244,0.10310001743728239,4.052585124969482,0,0,0,0,14
67,11,1,predicted,16.587223693661638,225.88077975394802,-0.0,0.0,0.0,0,0,0,0,7
68,0,0,detected,151.65534605983373,284.73727351205537,-1.8234978914260864,0.3915971517562866,2.79890775680542,0.0,200.5601043701172,303.2663879394531,368.9607238769531,0
68,2,2,detected,1010.5176538215596,182.2199822114173,8.62761402130127,-0.06503225862979889,15.33881664276123,991.6253662109375,147.9611358642578,1029.4332275390625,216.483642578125,0
68,3,0,detected,464.3618448585551,184.63018515849305,-6.630400657653809,-0.04480000212788582,31.700220108032227,447.51611328125,172.0506591796875,481.0876770019531,197.21432495117188,0
68,5,1,predicted,1514.4658880672675,188.3008267270958,6.831180996928051,0.024985481568261008,5.356107234954834,0,0,0,0,19
68,6,1,predicted,702.2042536344737,219.51080646416494,1.9553954812355838,0.7481052422125902,15.33881664276123,0,0,0,0,9
68,8,1,predicted,721.1781974241068,217.72479510731722,8.92310440929348,2.6745886120560938,57.83148193359375,0,0,0,0,13
68,10,1,predicted,1315.2748469574494,202.41162244118007,4.0278469946051425,0.09972111390633852,4.052585124969482,0,0,0,0,15
68,11,1,predicted,16.590087790471333,225.87379256026182,-0.0,0.0,0.0,0,0,0,0,8
69,0,0,detected,151.6966576095572,284.7694269309068,-1.8187397718429565,0.3905753493309021,2.791604518890381,0.0,200.69058227539062,303.4365539550781,368.95880126953125,0
69,2,2,detected,1010.5744084404533,182.22122549197098,8.596800804138184,-0.06480000168085098,15.284034729003906,991.8137817382812,147.8715057373047,1029.44140625,216.6223907470703,0
69,3,0,detected,464.25650758315777,184.64225382896208,-6.533606052398682,-0.044145986437797546,31.237443923950195,447.2716064453125,171.8503875732422,481.0730285644531,197.32350158691406,0
69,5,1,predicted,1532.7549308656335,186.9676444895233,6.96961920635862,0.0148940096498583,5.356107234954834,0,0,0,0,20
69,6,1,predicted,713.1273605375443,219.28800497931323,2.1921802559965218,0.7432754808749817,15.33881664276123,0,0,0,0,10
69,8,1,predicted,731.7577122710742,217.5866780619725,9.787765283043319,2.6633003434695857,57.83148193359375,0,0,0,0,14
69,10,1,predicted,1323.862197564143,201.81312704322926,4.077029095290856,0.09629336741383948,4.052585124969482,0,0,0,0,16
69,11,1,predicted,16.5929542664004,225.86679557951777,-0.0,0.0,0.0,0,0,0,0,9
70,0,0,detected,151.64981902298453,284.76909084829583,-1.8246911764144897,0.3918534219264984,2.800739288330078,0.0,200.53085327148438,303.1872863769531,368.9777526855469,0
70,2,2,detected,1010.5460697477138,182.19616303396054,8.357999801635742,-0.06300000101327896,14.859477996826172,991.5628051757812,147.79525756835938,1029.4808349609375,216.53855895996094,0
70,3,0,detected,464.1176930356142,184.7009777297331,-6.630400657653809,-0.04480000212788582,31.700220108032227,447.0346374511719,171.92056274414062,480.98760986328125,197.564453125,0
70,5,1,predicted,1551.2613832819247,185.61431751222162,7.109703089570501,0.004650052895135725,5.356107234954834,0,0,0,0,21
70,6,1,predicted,724.1630626545243,219.06257771828152,2.4314058044861517,0.7383887994846015,15.33881664276123,0,0,0,0,11
70,8,1,predicted,742.4674347744897,217.4465950781222,10.663067993174304,2.6518513992632067,57.83148193359375,0,0,0,0,15
70,10,1,predicted,1332.5610477818723,201.20610350943844,4.126849784680762,0.09281677795978512,4.052585124969482,0,0,0,0,17
70,11,1,predicted,16.59582312144884,225.85978881171584,-0.0,0.0,0.0,0,0,0,0,10
71,0,0,detected,151.65928228553892,284.8028970832379,-1.8342949151992798,0.3939158320426941,2.8154802322387695,0.0,200.741455078125,303.3111572265625,368.97381591796875,0
71,2,2,detected,1010.5558050513686,182.20328529940454,8.566206932067871,-0.0645693987607956,15.229643821716309,991.6795043945312,147.92295837402344,1029.4522705078125,216.55911254882812,0
71,3,0,detected,464.0032238279779,184.74361422393292,-6.675200462341309,-0.04480000212788582,31.700220108032227,446.9437255859375,171.90277099609375,480.9082336425781,197.5940399169922,0
71,5,1,predicted,1569.9852453161416,184.24084579519072,7.251432646563696,-0.005746388695906717,5.356107234954834,0,0,0,0,22
71,6,1,predicted,735.3113599854139,218.83452468106984,2.6730721267044766,0.7334451980414503,15.33881664276123,0,0,0,0,12
71,8,1,predicted,753.3073649343534,217.30454615576633,11.549012539686442,2.6402417794369586,57.83148193359375,0,0,0,0,16
71,10,1,predicted,1341.3713976106376,200.5905518398076,4.177309062774864,0.08929134554417545,4.052585124969482,0,0,0,0,18
71,11,1,predicted,16.598694355616654,225.85277225685607,-0.0,0.0,0.0,0,0,0,0,11
72,0,0,detected,151.67234819256245,284.7712312308126,-1.8294804096221924,0.3928819000720978,2.8080904483795166,0.0,200.39605712890625,303.3438415527344,368.9822692871094,0
72,2,2,detected,1010.6141554367273,182.23399382816677,8.445979118347168,-0.06366316229104996,15.015893936157227,991.7901611328125,147.9800567626953,1029.5401611328125,216.6534423828125,0
72,3,0,detected,463.87449182779176,184.7891722653865,-6.626118183135986,-0.044470589607954025,31.467130661010742,446.81927490234375,171.8631591796875,480.763427734375,197.733154296875,0
72,5,1,predicted,1588.9265169682837,182.8472293384306,7.394807877338205,-0.016295315123269243,5.356107234954834,0,0,0,0,23
72,6,1,predicted,746.5722525302131,218.6038458676782,2.9171792226514963,0.7284446765455279,15.33881664276123,0,0,0,0,13
72,8,1,predicted,764.2775027506651,217.1605312949049,12.445598922579725,2.6284714839908396,57.83148193359375,0,0,0,0,17
72,10,1,predicted,1350.2932470504388,199.96647203433676,4.228406929573159,0.08571707016701045,4.052585124969482,0,0,0,0,19
72,11,1,predicted,16.60156796890384,225.84574591493842,-0.0,0.0,0.0,0,0,0,0,12
73,0,0,detected,151.64624721688958,284.7473002294452,-1.8187397718429565,0.3905753493309021,2.791604518890381,0.0,200.39393615722656,303.2239685058594,368.9779357910156,0
73,2,2,detected,1010.5412556048472,182.20369898624583,8.215372085571289,-0.06192491576075554,14.605903625488281,991.5177612304688,147.63235473632812,1029.4324951171875,216.68228149414062,0
73,3,0,detected,463.7062836782003,184.85353939983497,-6.530087471008301,-0.043826088309288025,31.011085510253906,446.4893493652344,171.90040588378906,480.702880859375,197.89669799804688,0
73,5,1,predicted,1608.0851982383513,181.43346814194126,7.539828781894025,-0.026996726386951633,5.356107234954834,0,0,0,0,24
73,6,1,predicted,757.9457402889218,218.37054127810654,3.16372709232721,0.7233872349968339,15.33881664276123,0,0,0,0,14
73,8,1,predicted,775.377848223425,217.0145504955379,13.352827141854153,2.6165405129248502,57.83148193359375,0,0,0,0,18
73,10,1,predicted,1359.326596101276,199.33386409302594,4.280143385075648,0.0820939518282903,4.052585124969482,0,0,0,0,20
73,11,1,predicted,16.6044439613104,225.8387097859629,-0.0,0.0,0.0,0,0,0,0,13
74,0,0,detected,151.63017376393304,284.7360482002079,-1.8246911764144897,0.3918534219264984,2.800739288330078,0.0,200.4185333251953,303.2139892578125,368.98968505859375,0
74,2,2,detected,1010.533904687678,182.169329536914,8.387123107910156,-0.06321951746940613,14.911253929138184,991.6087646484375,147.76239013671875,1029.4488525390625,216.47300720214844,0
74,3,0,detected,463.524041140881,184.89946066274032,-6.436800479888916,-0.04320000112056732,30.568069458007812,446.26220703125,171.85867309570312,480.5597229003906,197.94656372070312,0
74,5,1,predicted,1627.4612891263441,179.99956220572273,7.686495360231157,-0.037850622486953894,5.356107234954834,0,0,0,0,25
74,6,1,predicted,769.4318232615401,218.13461091235493,3.4127157357316187,0.7182728733953688,15.33881664276123,0,0,0,0,15
74,8,1,predicted,786.608401352633,216.86660375766533,14.270697197509733,2.6044488662389913,57.83148193359375,0,0,0,0,19
74,10,1,predicted,1368.4714447631493,198.6927280158751,4.332518429282331,0.07842199052801482,4.052585124969482,0,0,0,0,21
74,11,1,predicted,16.60732233283633,225.8316638699295,-0.0,0.0,0.0,0,0,0,0,14
75,0,0,detected,151.63853759518588,284.6790494296946,-1.8234978914260864,0.3915971517562866,2.79890775680542,0.0,200.13763427734375,303.2762451171875,368.9752502441406,0
75,2,2,detected,1010.5961287219916,182.19998177478482,8.300358772277832,-0.06256552040576935,14.756999015808105,991.7257690429688,147.99562072753906,1029.5765380859375,216.5707244873047,0
75,3,0,detected,463.3054074430872,184.96889118063,-6.391149044036865,0.0,30.351274490356445,445.9681396484375,171.93736267089844,480.3730773925781,198.098388671875,0
75,5,1,predicted,1647.0547896322626,178.54551152977498,7.8348076123496035,-0.04885700342327603,5.356107234954834,0,0,0,0,26
75,6,1,predicted,781.030501448068,217.89605477042332,3.664145152864722,0.7131015917411322,15.33881664276123,0,0,0,0,16
75,8,1,predicted,797.9691621382891,216.7166910812872,15.199209089546459,2.5921965439332615,57.83148193359375,0,0,0,0,20
75,10,1,predicted,1377.7277930360585,198.04306380288426,4.385532062193209,0.07470118626618402,4.052585124969482,0,0,0,0,22
75,11,1,predicted,16.610203083481633,225.82460816683826,-0.0,0.0,0.0,0,0,0,0,15
76,0,0,detected,151.64343318417207,284.6590788054383,-1.8211156129837036,0.39108559489250183,2.7952513694763184,0.0,200.25611877441406,303.2801818847656,368.9830627441406,0
76,2,2,detected,1010.5657926432723,182.18092822151806,8.387123107910156,-0.06321951746940613,14.911253929138184,991.6721801757812,147.8628387451172,1029.4013671875,216.45278930664062,0
76,3,0,detected,462.9842976468487,184.99487920562484,-6.388732433319092,-0.04259154945611954,30.13753318786621,445.5162353515625,171.8264617919922,480.0290832519531,198.07571411132812,0
76,5,1,predicted,1666.8656997561063,177.071316114098,7.984765538249362,-0.06001586919591824,5.356107234954834,0,0,0,0,27
76,6,1,predicted,792.7417748485054,217.65487285231174,3.91801534372652,0.7078733900341244,15.33881664276123,0,0,0,0,17
76,8,1,predicted,809.4601305803933,216.56481246640348,16.138362817964328,2.5797835460076612,57.83148193359375,0,0,0,0,21
76,10,1,predicted,1387.0956409200037,197.3848714540534,4.43918428380828,0.0709315390427979,4.052585124969482,0,0,0,0,23
76,11,1,predicted,16.61308621324631,225.81754267668916,-0.0,0.0,0.0,0,0,0,0,16
77,0,0,detected,151.66656748062695,284.6096991848524,-1.8294804096221924,0.3928819000720978,2.8080904483795166,0.0,200.03817749023438,303.35845947265625,368.9886779785156,0
77,2,2,detected,1010.5470476734125,182.1789560064022,8.357999801635742,-0.06300000101327896,14.859477996826172,991.627197265625,147.801513671875,1029.4324951171875,216.58197021484375,0
77,3,0,detected,462.6184374251695,185.05282376585347,-6.5266194343566895,0.0,30.78798484802246,445.1464538574219,171.8870086669922,479.6249694824219,198.26319885253906,0
77,5,1,predicted,1686.8940194978754,175.57697595869183,8.136369137930432,-0.07132721980488033,5.356107234954834,0,0,0,0,28
77,6,1,predicted,804.5656434628524,217.41106515802016,4.174326308317013,0.7025882682743452,15.33881664276123,0,0,0,0,18
77,8,1,predicted,821.0813066789457,216.41096791301422,17.08815838276335,2.567209872462192,57.83148193359375,0,0,0,0,22
77,10,1,predicted,1396.5749884149848,196.71815096938258,4.493475094127546,0.06711304885785663,4.052585124969482,0,0,0,0,24
77,11,1,predicted,16.615971722130357,225.81046739948218,-0.0,0.0,0.0,0,0,0,0,17
78,0,0,detected,151.65571641434886,284.59628543962356,-1.8211156129837036,0.39108559489250183,2.7952513694763184,0.0,200.18408203125,303.2763671875,368.974853515625,0
78,2,2,detected,1010.5563316043601,182.19361242700853,8.689906120300293,-0.06550180912017822,15.449565887451172,991.5679321289062,147.8032989501953,1029.5606689453125,216.67454528808594,0
78,3,0,detected,462.18732163794346,185.13117729514158,-6.342000484466553,0.0,29.718955993652344,444.42626953125,171.9180908203125,479.4094543457031,198.46522521972656,0
78,5,1,predicted,1707.13974885757,174.06249106355645,8.289618411392818,-0.08279105525016227,5.356107234954834,0,0,0,0,29
78,6,1,predicted,816.502107291109,217.16463168754862,4.4330780466362,0.6972462264617947,15.33881664276123,0,0,0,0,19
78,8,1,predicted,832.8326904339461,216.25515742111938,18.04859578394352,2.5544755232968517,57.83148193359375,0,0,0,0,23
78,10,1,predicted,1406.1658355210018,196.04290234887173,4.548404493151006,0.06324571571136003,4.052585124969482,0,0,0,0,25
78,11,1,predicted,16.618859610133775,225.80338233521735,-0.0,0.0,0.0,0,0,0,0,18
79,0,0,detected,151.64944038973798,284.57470772913,-1.8199270963668823,0.39083030819892883,2.793426752090454,0.0,200.10231018066406,303.2743225097656,368.98321533203125,0
79,2,2,detected,1010.5109213199129,182.20631127875365,8.5358304977417,-0.06434042751789093,15.175637245178223,991.55908203125,147.87147521972656,1029.3828125,216.6171112060547,0
79,3,0,detected,461.8271709420539,185.24396373427481,-6.342000484466553,0.0,29.718955993652344,444.0037841796875,171.98626708984375,479.2795104980469,198.7503204345703,0
79,5,1,predicted,1727.6028878351901,172.52786142869186,8.444513358636515,-0.09440737553176409,5.356107234954834,0,0,0,0,30
79,6,1,predicted,828.5511663332751,216.91557244089708,4.694270558684079,0.6918472645964727,15.33881664276123,0,0,0,0,20
79,8,1,predicted,844.7142818453947,216.09738099071896,19.01967502150483,2.54158049851164,57.83148193359375,0,0,0,0,24
79,10,1,predicted,1415.8681822380547,195.35912559252088,4.603972480878658,0.05932953960330811,4.052585124969482,0,0,0,0,26
79,11,1,predicted,16.621749877256565,225.79628748389464,-0.0,0.0,0.0,0,0,0,0,19
80,0,0,detected,151.61898557878078,284.5787641874449,-1.8175541162490845,0.390320748090744,2.7897846698760986,0.0,200.22662353515625,303.17364501953125,368.9756164550781,0
80,2,2,detected,1010.5216482993857,182.19445986818437,8.658648490905762,-0.0652661919593811,15.39399242401123,991.542724609375,147.78135681152344,1029.5228271484375,216.5784149169922,0
80,3,0,detected,461.48872861283365,185.37914153844397,-6.386350154876709,0.0,29.926782608032227,443.54296875,172.0116424560547,479.1351623535156,199.06515502929688,0
80,5,1,predicted,1748.2834364307355,170.97308705409804,8.601053979661524,-0.106176180649686,5.356107234954834,0,0,0,0,31
80,6,1,predicted,840.7128205893507,216.66388741806557,4.957903844460653,0.6863913826783796,15.33881664276123,0,0,0,0,21
80,8,1,predicted,856.7260809132914,215.937638621813,20.001396095447294,2.5285247981065604,57.83148193359375,0,0,0,0,25
80,10,1,predicted,1425.6820285661438,194.66682070033005,4.660179057310507,0.055364520533701035,4.052585124969482,0,0,0,0,27
80,11,1,predicted,16.62464252349873,225.7891828455141,-0.0,0.0,0.0,0,0,0,0,20
81,0,0,detected,151.63422202405073,284.5863992665227,-1.8175541162490845,0.390320748090744,2.7897846698760986,0.0,200.2418975830078,303.2878112792969,368.9875793457031,0
81,2,2,detected,1010.5077614974185,182.16938321195195,8.596800804138184,-0.06480000168085098,15.284034729003906,991.464599609375,147.6612091064453,1029.52880859375,216.59625244140625,0
81,3,0,detected,461.1579756232178,185.4861212314614,-6.342000484466553,0.0,29.718955993652344,443.1208801269531,171.9684600830078,478.9388122558594,199.1822052001953,0
81,5,1,predicted,1769.1813946442062,169.39816793977502,8.759240274467846,-0.11809747060392776,5.356107234954834,0,0,0,0,32
81,6,1,predicted,852.9870700593359,216.40957661905406,5.223977903965921,0.6808785807075148,15.33881664276123,0,0,0,0,22
81,8,1,predicted,868.8680876376362,215.77593031440145,20.993759005770904,2.5153084220816093,57.83148193359375,0,0,0,0,26
81,10,1,predicted,1435.6073745052688,193.9659876722992,4.7170242224465495,0.05135065850253864,4.052585124969482,0,0,0,0,28
81,11,1,predicted,16.627537548860264,225.78206842007566,-0.0,0.0,0.0,0,0,0,0,21
82,0,0,detected,151.66217347209667,284.6057894249704,-1.8199270963668823,0.39083030819892883,2.793426752090454,0.0,200.33824157714844,303.364501953125,368.97412109375,0
82,2,2,detected,1010.5139528709142,182.1660309509054,8.5358304977417,-0.06434042751789093,15.175637245178223,991.5568237304688,147.73646545410156,1029.48486328125,216.60707092285156,0
82,3,0,detected,460.74815267707277,185.59764255863237,-6.383999824523926,0.0,29.718955993652344,442.5008239746094,172.00970458984375,478.63018798828125,199.3654327392578,0
82,5,1,predicted,1790.2967624756025,167.8031040857228,8.919072243055481,-0.1301712453944894,5.356107234954834,0,0,0,0,33
82,6,1,predicted,865.3739147432307,216.1526400438626,5.4924927371998855,0.6753088586838791,15.33881664276123,0,0,0,0,23
82,8,1,predicted,881.1403020184291,215.61225606848433,21.99676375247566,2.501931370436787,57.83148193359375,0,0,0,0,27
82,10,1,predicted,1445.6442200554297,193.25662650842835,4.7745079762867855,0.04728795350982093,4.052585124969482,0,0,0,0,29
82,11,1,predicted,16.630434953341172,225.77494420757935,-0.0,0.0,0.0,0,0,0,0,22
83,0,0,detected,151.71448094321997,284.6274017922225,-1.8175541162490845,0.390320748090744,2.7897846698760986,0.0,200.37364196777344,303.5083923339844,368.98431396484375,0
83,2,2,detected,1010.4612602124425,182.16227066209586,8.445979118347168,-0.06366316229104996,15.015893936157227,991.4271240234375,147.7843017578125,1029.4063720703125,216.54873657226562,0
83,3,0,detected,460.3716980069632,185.7793143110845,-6.339972972869873,0.041710346937179565,29.51399803161621,442.07135009765625,172.2508544921875,478.40020751953125,199.75389099121094,0
83,5,1,predicted,1811.629539924924,166.18789549194133,9.080549885424428,-0.1423975050213711,5.356107234954834,0,0,0,0,34
83,6,1,predicted,877.873354641035,215.89307769249112,5.763448344162542,0.6696822166074716,15.33881664276123,0,0,0,0,24
83,8,1,predicted,893.5427240556702,215.44661588406166,23.010410335561566,2.4883936431720963,57.83148193359375,0,0,0,0,28
83,10,1,predicted,1455.7925652166266,192.5387372087175,4.832630318831215,0.04317640555554789,4.052585124969482,0,0,0,0,30
83,11,1,predicted,16.633334736941453,225.7678102080252,-0.0,0.0,0.0,0,0,0,0,23
84,0,0,detected,151.63516452001946,284.6095051625456,-1.8163701295852661,0.3900664746761322,2.7879672050476074,0.0,200.1865234375,303.11712646484375,368.9689025878906,0
84,2,2,detected,1010.4857880730341,182.16256384403852,8.566206932067871,-0.0645693987607956,15.229643821716309,991.5415649414062,147.8081512451172,1029.4803466796875,216.54071044921875,0
84,3,0,detected,459.9482802644805,185.94765007171168,-6.381682872772217,0.041710346937179565,29.51399803161621,441.3411560058594,172.1197967529297,478.232421875,200.13137817382812,0
84,5,1,predicted,1833.179726992171,164.55254215843067,9.243673201574689,-0.15477624948457272,5.356107234954834,0,0,0,0,35
84,6,1,predicted,890.4853897527489,215.63088956493968,6.0368447248538954,0.6639986544782931,15.33881664276123,0,0,0,0,25
84,8,1,predicted,906.0753537493594,215.2790097611334,24.03469875502862,2.4746952402875344,57.83148193359375,0,0,0,0,29
84,10,1,predicted,1466.0524099888594,191.81231977316665,4.891391250079839,0.039016014639719696,4.052585124969482,0,0,0,0,31
84,11,1,predicted,16.636236899661107,225.76066642141316,-0.0,0.0,0.0,0,0,0,0,24
85,0,0,detected,151.65114403552147,284.65167347373153,-1.827082633972168,0.3923669755458832,2.804409980773926,0.0,200.51345825195312,303.32470703125,368.9736022949219,0
85,2,2,detected,1010.467017910938,182.193203039014,8.505667686462402,-0.0641130730509758,15.122013092041016,991.49462890625,147.96978759765625,1029.4112548828125,216.56076049804688,0
85,3,0,detected,459.49918058156175,186.2056785534506,-6.1689605712890625,0.04032000154256821,28.53019905090332,440.7239990234375,172.20103454589844,477.9413146972656,200.89793395996094,0
85,5,1,predicted,1854.9473236773435,162.8970440851908,9.408442191506262,-0.16730747878409416,5.356107234954834,0,0,0,0,36
85,6,1,predicted,903.2100200783724,215.36607566120824,6.312681879273942,0.658258172296343,15.33881664276123,0,0,0,0,26
85,8,1,predicted,918.7381910994966,215.10943769969958,25.069629010876817,2.4608361617831016,57.83148193359375,0,0,0,0,30
85,10,1,predicted,1476.4237543721283,191.0773742017758,4.950790770032658,0.034806780762336176,4.052585124969482,0,0,0,0,32
85,11,1,predicted,16.639141441500133,225.75351284774328,-0.0,0.0,0.0,0,0,0,0,25
86,0,0,detected,151.63754235837425,284.6812046868176,-1.8175541162490845,0.390320748090744,2.7897846698760986,0.0,200.5094757080078,303.24517822265625,368.9728698730469,0
86,2,2,detected,1010.5245498702333,182.19823100071358,8.416448593139648,-0.06344056874513626,14.963391304016113,991.6517333984375,147.8554229736328,1029.5025634765625,216.5709991455078,0
86,3,0,detected,459.1506347664904,186.40217166802742,-6.048000335693359,0.03952941298484802,27.970783233642578,440.37457275390625,172.2473602294922,477.80267333984375,200.94102478027344,0
86,5,1,predicted,1876.9323299804414,161.22140127222173,9.57485685521915,-0.17999119291993548,5.356107234954834,0,0,0,0,37
86,6,1,predicted,916.0472456179054,215.09863598129684,6.590959807422684,0.652460770061622,15.33881664276123,0,0,0,0,27
86,8,1,predicted,931.531236106082,214.93789969976018,26.115201103106166,2.4468164076587984,57.83148193359375,0,0,0,0,31
86,10,1,predicted,1486.9065983664332,190.33390049454493,5.01082887868967,0.030548703923397338,4.052585124969482,0,0,0,0,33
86,11,1,predicted,16.64204836245853,225.74634948701552,-0.0,0.0,0.0,0,0,0,0,26
87,0,0,detected,151.63523845887732,284.6454501560322,-1.8199270963668823,0.39083030819892883,2.793426752090454,0.0,200.1744384765625,303.2625427246094,368.9638366699219,0
87,2,2,detected,1010.4458575853774,182.20460358132746,8.596800804138184,-0.06480000168085098,15.284034729003906,991.3857421875,147.91183471679688,1029.368408203125,216.52976989746094,0
87,3,0,detected,458.8217014494746,186.56239948736354,-5.894886493682861,0.0382784828543663,27.08563232421875,440.01153564453125,172.27743530273438,477.5625915527344,201.0498046875,0
87,5,1,predicted,1899.1347459014646,159.52561371952342,9.742917192713348,-0.19282739189209688,5.356107234954834,0,0,0,0,38
87,6,1,predicted,928.997066371348,214.82857052520544,6.871678509300118,0.646606447774129,15.33881664276123,0,0,0,0,28
87,8,1,predicted,944.4544887691155,214.76439576131523,27.17141503171666,2.4326359779146256,57.83148193359375,0,0,0,0,32
87,10,1,predicted,1497.500941971774,189.58189865147406,5.071505576050877,0.026241784122903178,4.052585124969482,0,0,0,0,34
87,11,1,predicted,16.644957662536303,225.7391763392299,-0.0,0.0,0.0,0,0,0,0,27
88,0,0,detected,151.65284312242025,284.65267185652993,-1.8234978914260864,0.3915971517562866,2.79890775680542,0.0,200.35897827148438,303.3330078125,368.9776611328125,0
88,2,2,detected,1010.3759554138445,182.25926969719686,8.658648490905762,-0.0652661919593811,15.39399242401123,991.323974609375,148.08505249023438,1029.3153076171875,216.65782165527344,0
88,3,0,detected,458.5241036327178,186.72729142583051,-5.932433605194092,0.03852229565382004,27.25815200805664,439.7441101074219,172.2693328857422,477.3059997558594,201.3834686279297,0
88,5,1,predicted,1921.5545714404132,157.8096814270959,9.912623203988858,-0.20581607570057817,5.356107234954834,0,0,0,0,39
88,6,1,predicted,942.0594823387,214.55587929293407,7.154837984906247,0.6406952054338653,15.33881664276123,0,0,0,0,29
88,8,1,predicted,957.5079490885971,214.5889258843647,28.2382707967083,2.418294872550582,57.83148193359375,0,0,0,0,33
88,10,1,predicted,1508.2067851881507,188.8213686725632,5.132820862116278,0.02188602136085386,4.052585124969482,0,0,0,0,35
88,11,1,predicted,16.647869341733447,225.73199340438643,-0.0,0.0,0.0,0,0,0,0,28
89,0,0,detected,151.63940143813474,284.6638221679866,-1.8151875734329224,0.38981252908706665,2.7861521244049072,0.0,200.40121459960938,303.2509460449219,368.97125244140625,0
89,2,2,detected,1010.3533030281222,182.23945837563593,8.300358772277832,-0.06256552040576935,14.756999015808105,991.2210083007812,147.77566528320312,1029.462646484375,216.6099090576172,0
89,3,0,detected,458.350913695308,186.89901145381666,-5.857811450958252,0.0760754719376564,26.915281295776367,439.6328125,172.2259979248047,477.29742431640625,201.774658203125,0
89,6,1,predicted,955.2344935199617,214.28056228448273,7.4404382342410695,0.6347270430408304,15.33881664276123,0,0,0,0,30
89,8,1,predicted,970.6916170645269,214.4114900689086,29.315768398081094,2.4037930915666674,57.83148193359375,0,0,0,0,34
89,10,1,predicted,1519.0241280155633,188.05231055781235,5.194774736885872,0.017481415637249222,4.052585124969482,0,0,0,0,36
89,11,1,predicted,16.65078340004996,225.72480068248507,-0.0,0.0,0.0,0,0,0,0,29
90,0,0,detected,151.5812252099237,284.6961703992658,-1.8246911764144897,0.3918534219264984,2.800739288330078,0.0,200.55953979492188,303.0598449707031,368.9599609375,0
90,2,2,detected,1010.3205544409674,182.2748917874098,8.357999801635742,-0.06300000101327896,14.859477996826172,991.2631225585938,147.9477081298828,1029.3394775390625,216.73703002929688,0
90,3,0,detected,458.28342800878784,187.05679389010666,-5.821200370788574,0.07560000568628311,26.747060775756836,439.6044616699219,172.16722106933594,477.3682861328125,202.06875610351562,0
90,6,1,detected,889.9744940643467,213.88650398234424,3.706407070159912,0.3746548593044281,9.467986106872559,864.962890625,157.3318634033203,914.1555786132812,270.4358825683594,0
90,8,1,predicted,984.0054926969048,214.23208831494694,30.40390783583503,2.3891306349628842,57.83148193359375,0,0,0,0,35
90,10,1,predicted,1529.9529704540118,187.27472430722148,5.257367200359661,0.013027966952089264,4.052585124969482,0,0,0,0,37
90,11,1,predicted,16.653699837485846,225.71759817352586,-0.0,0.0,0.0,0,0,0,0,30
91,0,0,detected,151.63336115976338,284.7014561229118,-1.8211156129837036,0.39108559489250183,2.7952513694763184,0.0,200.4320068359375,303.36224365234375,368.9794616699219,0
91,2,2,detected,1010.2275027347712,182.29309706464502,8.132108688354492,-0.06129729747772217,14.457870483398438,991.0844116210938,147.96617126464844,1029.231201171875,216.6746368408203,0
91,3,0,detected,458.2851700239636,187.2141595926194,-5.785043716430664,0.07513044029474258,26.580930709838867,439.49468994140625,172.1898193359375,477.5824890136719,202.3404998779297,0
91,8,1,detected,888.7662789959822,217.68865282183722,3.1495249271392822,0.36516231298446655,8.0745849609375,864.3871459960938,164.4181365966797,912.366943359375,271.0721130371094,0
91,6,1,predicted,900.7627455005222,213.602079792069,3.8637988431531856,0.38271101287950393,9.467986106872559,0,0,0,0,1
91,10,1,predicted,1540.9933125034966,186.48860992079062,5.320598252537644,0.008525675305374146,4.052585124969482,0,0,0,0,38
91,11,1,predicted,16.656618654041104,225.71038587750877,-0.0,0.0,0.0,0,0,0,0,31
92,0,0,detected,151.6337245586068,284.6620546119829,-1.827082633972168,0.3923669755458832,2.804409980773926,0.0,200.17872619628906,303.2672424316406,368.97210693359375,0
92,2,2,detected,1010.2043004717829,182.35899942350235,7.866353511810303,-0.05929412320256233,13.985391616821289,991.2023315429688,148.10023498535156,1029.1978759765625,216.85975646972656,0
92,3,0,detected,458.4933338688684,187.36785228154147,-5.74933385848999,0.07466667145490646,26.416851043701172,439.4412841796875,172.03994750976562,478.38128662109375,202.765380859375,0
92,8,1,detected,895.8960873673608,217.22093120574243,3.28619647026062,0.36124855279922485,8.245721817016602,870.5316162109375,163.6066436767578,917.8999633789062,270.16632080078125,0
92,6,1,predicted,911.6114635510818,213.3149543161775,4.0089604504124265,0.37886912157297,9.467986106872559,0,0,0,0,2
92,10,1,predicted,1552.1451541640172,185.69396739851976,5.384467893419821,0.0039745406971037085,4.052585124969482,0,0,0,0,39
92,11,1,predicted,16.659539849715735,225.70316379443383,-0.0,0.0,0.0,0,0,0,0,32
93,0,0,detected,151.6230420531319,284.68119557635083,-1.8199270963668823,0.39083030819892883,2.793426752090454,0.0,200.4745635986328,303.22723388671875,368.96270751953125,0
93,2,2,detected,1010.1894821622474,182.39648011050272,7.739884376525879,-0.05834084004163742,13.76054573059082,991.2835693359375,148.1269989013672,1029.1026611328125,216.77452087402344,0
93,3,0,detected,458.8574428672064,187.60605172487706,-5.6423420906066895,0.07375609874725342,26.094694137573242,439.4921569824219,172.11041259765625,479.2751770019531,203.49746704101562,0
93,8,1,detected,902.0902790835873,216.71698429187708,3.3835787773132324,0.3654736876487732,8.3421630859375,875.2698364257812,162.89219665527344,924.1668090820312,269.4661560058594,0
93,6,1,predicted,922.5206482160255,213.02512755466975,4.1549311330747365,0.37499108563073846,9.467986106872559,0,0,0,0,3
93,11,1,predicted,16.66246342450974,225.69593192430102,-0.0,0.0,0.0,0,0,0,0,33
94,0,0,detected,151.6041133672943,284.66258408189566,-1.8211156129837036,0.39108559489250183,2.7952513694763184,0.0,200.2718963623047,303.17694091796875,368.9700622558594,0
94,2,2,detected,1010.1652460913149,182.38291924134174,7.6174187660217285,-0.057417724281549454,13.542816162109375,991.3444213867188,148.12269592285156,1028.9771728515625,216.5356903076172,0
94,3,0,detected,459.22711831941734,187.79594184073594,-5.574361801147461,0.07286747545003891,25.78030014038086,439.5707702636719,172.02471923828125,479.8753356933594,203.72927856445312,0
94,6,1,detected,905.9130052315712,214.28778084250112,3.3612923622131348,0.337292343378067,8.229865074157715,877.72607421875,161.84556579589844,925.8390502929688,268.01556396484375,0
94,8,1,detected,911.1378035083866,216.62295513343543,3.464276075363159,0.35917243361473083,8.198332786560059,888.4406127929688,164.15115356445312,933.7280883789062,269.2193603515625,0
94,11,1,predicted,16.665389378423114,225.68869026711036,-0.0,0.0,0.0,0,0,0,0,34
95,0,0,detected,151.62310997796214,284.6567356060091,-1.8140065670013428,0.389558881521225,2.784339427947998,0.0,200.32138061523438,303.2830505371094,368.96588134765625,0
95,2,2,detected,1010.1843452102195,182.42591855171176,7.3387322425842285,-0.055317074060440063,13.047347068786621,991.3041381835938,148.258544921875,1029.131591796875,216.71954345703125,0
95,3,0,detected,459.6893362669819,187.96900315174798,-5.344744682312012,0.1054883748292923,24.8809871673584,439.76531982421875,172.11288452148438,480.69671630859375,203.89634704589844,0
95,6,1,detected,913.5242010118759,213.90338598672102,3.4874484539031982,0.32441380620002747,8.198332786560059,888.9991455078125,160.19065856933594,937.8801879882812,267.1636962890625,0
95,8,1,detected,922.2118377642889,216.32097206338113,3.659393072128296,0.36476266384124756,8.325933456420898,897.184326171875,164.28892517089844,949.84228515625,267.8368225097656,0
95,11,1,predicted,16.668317711455863,225.68143882286182,-0.0,0.0,0.0,0,0,0,0,35
96,0,0,detected,151.60725379966024,284.6862363972798,-1.8163701295852661,0.3900664746761322,2.7879672050476074,0.0,200.49774169921875,303.18902587890625,368.9930114746094,0
96,2,2,detected,1010.2251410662836,182.47403368147286,7.142742156982422,-0.05383976176381111,12.698901176452637,991.3916625976562,148.3014373779297,1029.15869140625,216.78257751464844,0
96,3,0,detected,460.4088540686946,188.18881618630238,-5.248552322387695,0.10427586734294891,24.594999313354492,440.1471252441406,172.21701049804688,482.1204528808594,204.40399169921875,0
96,6,1,detected,922.5215909855967,212.88276651244826,3.6102263927459717,0.3018195927143097,8.214068412780762,899.1934814453125,158.07736206054688,947.6727905273438,265.3923645019531,0
96,8,1,detected,931.321518985432,215.60439827637398,3.6609339714050293,0.3328121602535248,8.120550155639648,905.8828125,161.48052978515625,956.1753540039062,268.0361633300781,0
96,11,1,predicted,16.671248423607985,225.6741775915554,-0.0,0.0,0.0,0,0,0,0,36
97,0,0,detected,151.60929466179036,284.70075724272937,-1.8294804096221924,0.3928819000720978,2.8080904483795166,0.0,200.47186279296875,303.22625732421875,368.97894287109375,0
97,2,2,detected,1010.2868241988712,182.48304461260346,7.121610164642334,-0.053680479526519775,12.661331176757812,991.5179443359375,148.2906494140625,1029.184814453125,216.64144897460938,0
97,3,0,detected,461.1634243982211,188.39272508006596,-5.218560218811035,0.10368001461029053,24.454456329345703,440.5106201171875,172.14541625976562,483.2199401855469,204.7901153564453,0
97,8,1,detected,939.1374987843249,214.3425563583479,3.7297914028167725,0.30985960364341736,8.120550155639648,914.0614624023438,160.04603576660156,961.814208984375,265.55126953125,0
97,6,1,predicted,930.3847231231516,212.60203385577287,3.6959515589654712,0.3204166929215433,8.214068412780762,0,0,0,0,1
97,11,1,predicted,16.67418151487948,225.66690657319114,-0.0,0.0,0.0,0,0,0,0,37
98,0,0,detected,151.58849071929333,284.72332287912946,-1.8234978914260864,0.3915971517562866,2.79890775680542,0.0,200.5440673828125,303.1451721191406,368.98052978515625,0
98,2,2,detected,1010.2943111560337,182.48033179815278,6.936899662017822,-0.05228818953037262,12.332939147949219,991.4976806640625,148.21185302734375,1029.1173095703125,216.66712951660156,0
98,3,0,detected,462.1266066066034,188.63150192091817,-5.154545783996582,0.10309091955423355,24.315509796142578,440.9134521484375,172.15647888183594,484.9966735839844,205.37457275390625,0
98,6,1,detected,936.9306100617646,211.27323797201288,3.782918930053711,0.2918919026851654,8.261640548706055,914.0467529296875,157.44200134277344,958.7672119140625,262.95343017578125,0
98,8,1,detected,946.799792501605,213.44802927599184,3.850830078125,0.3122294545173645,8.182657241821289,923.0770874023438,159.93128967285156,968.1646728515625,265.4478759765625,0
98,11,1,predicted,16.677116985270345,225.659625767769,-0.0,0.0,0.0,0,0,0,0,38
99,0,0,detected,151.5945547128349,284.72941212564956,-1.8187397718429565,0.3905753493309021,2.791604518890381,0.0,200.48756408691406,303.2064208984375,368.9766540527344,0
99,2,2,detected,1010.2742186456516,182.46012350579198,6.780575275421143,-0.051109857857227325,12.055013656616211,991.493896484375,148.20773315429688,1029.0313720703125,216.56321716308594,0
99,3,0,detected,463.25274120035743,188.78421868251195,-5.028674602508545,0.101932592689991,24.04230308532715,441.2879943847656,171.92608642578125,487.0270080566406,205.53102111816406,0
99,6,1,detected,942.287402340899,210.39367426451147,3.874500036239624,0.2835000157356262,8.3584566116333,917.7113037109375,158.0677490234375,963.786376953125,261.4556884765625,0
99,8,1,detected,956.1486710114897,213.0170190472471,3.978034496307373,0.32379353046417236,8.182657241821289,931.2046508789062,161.84754943847656,981.5037231445312,264.3356628417969,0
99,11,1,predicted,16.680054834780584,225.652335175289,-0.0,0.0,0.0,0,0,0,0,39
100,0,0,detected,151.60849071598426,284.7633837645811,-1.8151875734329224,0.38981252908706665,2.7861521244049072,0.0,200.6725616455078,303.2471008300781,368.97125244140625,0
100,2,2,detected,1010.2457005905391,182.38959945899217,6.705024719238281,-0.050540387630462646,11.920695304870605,991.500244140625,148.12130737304688,1028.955078125,216.313232421875,0
100,3,0,detected,464.5166452882051,188.97892813558917,-4.966793537139893,0.13515084981918335,23.907987594604492,441.7337951660156,172.1199493408203,489.2032165527344,205.8907470703125,0
100,6,1,detected,951.0339083034933,209.38266865409406,3.985116481781006,0.2695814073085785,8.293662071228027,927.8477783203125,156.3373260498047,976.35107421875,260.7939147949219,0
100,8,1,detected,964.492309857758,212.1297741142358,4.03583288192749,0.29895058274269104,8.135988235473633,938.2064208984375,159.33856201171875,989.576171875,263.6407165527344,0
101,0,0,detected,151.6272702320971,284.8187677556759,-1.8187397718429565,0.3905753493309021,2.791604518890381,0.0,200.85360717773438,303.291259765625,368.9786682128906,0
101,2,2,detected,1010.6755773954454,182.3150748983112,4.519011497497559,-0.033977530896663666,8.014101028442383,992.9824829101562,147.97434997558594,1029.125244140625,216.31689453125,0
101,3,0,detected,465.74866931059495,189.19105899787624,-4.87849760055542,0.13365745544433594,23.643810272216797,442.0240173339844,172.20921325683594,491.1678161621094,206.27935791015625,0
101,6,1,detected,961.7106639442447,209.21688654222245,4.086172580718994,0.2786026895046234,8.214068412780762,940.5621948242188,157.16351318359375,987.8239135742188,262.4837341308594,0
101,8,1,detected,973.6071808731742,211.07734556332423,4.088629722595215,0.28314608335494995,8.014101028442383,945.5725708007812,158.1494140625,1001.7302856445312,262.3691711425781,0
102,0,0,detected,151.64607262273003,284.7681846109057,-1.827082633972168,0.3923669755458832,2.804409980773926,0.0,200.31712341308594,303.32659912109375,368.9711608886719,0
102,2,2,detected,1010.9784440117344,182.4805798314021,4.587741851806641,-0.034494299441576004,8.135988235473633,992.9671630859375,147.97573852539062,1029.4713134765625,217.63873291015625,0
102,3,0,detected,467.28964456511034,189.35389258707607,-4.707632541656494,0.1307675689458847,23.132593154907227,442.6394958496094,172.09190368652344,494.0238037109375,206.50242614746094,0
102,6,1,detected,972.2543013130507,208.2677141583907,4.226594924926758,0.25686487555503845,8.261640548706055,949.2882080078125,154.96192932128906,999.4871215820312,260.1131286621094,0
102,8,1,predicted,982.6934432022688,210.45497120907712,4.198415832457119,0.28829901391219265,8.014101028442383,0,0,0,0,1
103,0,0,detected,151.68508117706486,284.79222693350283,-1.8282809257507324,0.39262428879737854,2.8062491416931152,0.0,200.67408752441406,303.4372253417969,368.97991943359375,0
103,2,2,detected,1010.9442906025499,182.67841505304887,4.584960460662842,-0.023040002211928368,8.151485443115234,992.343017578125,147.73773193359375,1029.408935546875,218.3566436767578,0
103,3,0,detected,469.3455480788541,189.5400804656846,-4.592598915100098,0.12936899065971375,22.88518524169922,443.24664306640625,172.1572723388672,498.2403564453125,206.8983154296875,0
103,6,1,detected,977.1822409164243,207.56375087258667,4.267789363861084,0.2593684196472168,8.3421630859375,951.2848510742188,155.32305908203125,998.0404663085938,259.3443603515625,0
103,8,1,detected,992.069401791245,209.90083637255546,4.394340515136719,0.2775372862815857,8.182657241821289,967.6094970703125,157.67527770996094,1016.7646484375,262.3104553222656,0
104,0,0,detected,151.67832456694092,284.7443119655793,-1.8211156129837036,0.39108559489250183,2.7952513694763184,0.0,200.2891387939453,303.3401184082031,368.9725341796875,0
104,2,2,detected,1009.1089268556375,183.56244755004474,4.576551914215088,0.0,8.198332786560059,989.4754028320312,148.71766662597656,1025.5089111328125,221.86419677734375,0
104,3,0,detected,471.47580440019647,189.63969790647351,-4.527914524078369,0.12936899065971375,22.88518524169922,444.09564208984375,171.8228302001953,501.5469665527344,207.0706024169922,0
104,6,1,detected,984.0913067338487,206.80957762742605,4.391014099121094,0.2485479712486267,8.3748140335083,958.7877197265625,153.5670928955078,1008.06396484375,259.4992980957031,0
104,8,1,detected,998.4916621727251,208.30988528781913,4.390231132507324,0.2400907576084137,8.089848518371582,971.3699340820312,151.8715362548828,1021.7584228515625,262.0659484863281,0
105,0,0,detected,151.64245707610007,284.7705602966483,-1.8246911764144897,0.3918534219264984,2.800739288330078,0.0,200.65908813476562,303.21954345703125,368.9697265625,0
105,3,0,detected,473.64728883589083,189.7096775946807,-4.280123233795166,0.12406153976917267,21.946306228637695,445.1998291015625,171.69271850585938,504.62530517578125,207.23468017578125,0
105,6,1,detected,989.7887989706321,206.3805653729545,4.539018154144287,0.2535090148448944,8.541975975036621,962.6036987304688,153.98936462402344,1013.8775634765625,259.44378662109375,0
105,8,1,detected,1003.6169192555865,207.30303107948328,4.574316024780273,0.2475789487361908,8.3421630859375,975.9658813476562,151.68663024902344,1025.426513671875,262.1320495605469,0
105,2,2,predicted,1009.0120109392071,183.65168135644706,4.599863272774289,-0.015621898677079905,8.198332786560059,0,0,0,0,1
106,0,0,detected,151.63325045024726,284.74603765674146,-1.8246911764144897,0.3918534219264984,2.800739288330078,0.0,200.39077758789062,303.2520751953125,368.9771728515625,0
106,3,0,detected,476.0713585484307,189.85237829362694,-4.14456844329834,0.12280203402042389,21.723501205444336,446.9402160644531,171.73184204101562,507.94281005859375,207.79684448242188,0
106,6,1,detected,1000.7786266378059,205.26226382116076,4.682709217071533,0.2275485247373581,8.474316596984863,975.2059326171875,148.02674865722656,1032.13916015625,260.7146301269531,0
106,2,2,predicted,1008.9123302930866,183.74351664443475,4.598708352191379,-0.014557876036153005,8.198332786560059,0,0,0,0,2
106,8,1,predicted,1012.0999022793166,206.50008460630278,4.7169671851597235,0.253474677170224,8.3421630859375,0,0,0,0,1
107,0,0,detected,151.64962093972525,284.72139162391386,-1.812827229499817,0.38930559158325195,2.78252911567688,0.0,200.3658905029297,303.33026123046875,368.96026611328125,0
107,3,0,detected,478.90056051662225,189.93854797885515,-3.991680383682251,0.12096001207828522,21.39764976501465,448.3603515625,171.49154663085938,512.632568359375,207.98190307617188,0
107,6,1,detected,1010.1247981691348,204.04644937925102,4.816671371459961,0.21729344129562378,8.541975975036621,988.280029296875,150.769287109375,1034.5633544921875,255.399658203125,0
107,2,2,predicted,1008.8098849172759,183.8379534140078,4.59752139887845,-0.01346371209151329,8.198332786560059,0,0,0,0,3
107,8,1,predicted,1020.5786853262687,205.678330921029,4.816927572989664,0.24378663389493593,8.3421630859375,0,0,0,0,2
108,0,0,detected,151.64151784170292,284.69003065668335,-1.8175541162490845,0.390320748090744,2.7897846698760986,0.0,200.2821044921875,303.2698974609375,368.9619140625,0
108,2,2,detected,1008.8980941808113,184.4324692583067,4.917881011962891,-0.012418892234563828,8.787535667419434,987.5736694335938,148.8733673095703,1030.3135986328125,220.77694702148438,0
108,3,0,detected,482.0058531451969,190.04233587163844,-3.843310594558716,0.11917241662740707,21.0814266204834,450.05718994140625,171.4626922607422,517.3358154296875,208.3066864013672,0
108,8,1,detected,1028.9689147394313,203.37632939834072,4.7560834884643555,0.1943591684103012,8.089848518371582,1010.2476196289062,148.50901794433594,1047.6409912109375,255.81845092773438,0
108,6,1,predicted,1018.0153551111977,203.30380804990529,4.9013592743538235,0.22096095187539175,8.541975975036621,0,0,0,0,1
109,0,0,detected,151.6845304322719,284.66719176353865,-1.827082633972168,0.3923669755458832,2.804409980773926,0.0,200.25579833984375,303.44525146484375,368.9862976074219,0
109,2,2,detected,1009.3542255346617,183.8151523033444,9.452977180480957,-0.07143308222293854,16.848543167114258,990.4234008789062,148.9597930908203,1029.0450439453125,216.664794921875,0
109,3,0,detected,485.51211219242776,190.08956352770997,-3.669903039932251,0.11743689328432083,20.774415969848633,452.3617248535156,171.28887939453125,522.4273681640625,208.358154296875,0
109,6,1,detected,1020.6796249192931,202.69963085335584,4.190252780914307,0.17545393109321594,7.302951812744141,996.4737548828125,149.9165496826172,1040.039794921875,255.85781860351562,0
109,8,1,detected,1037.511448598987,203.7287865812987,4.924138069152832,0.23172414302825928,8.198332786560059,1014.3680419921875,155.32337951660156,1060.762451171875,255.6194305419922,0
110,0,0,detected,151.66314753090197,284.6684543083974,-1.8175541162490845,0.390320748090744,2.7897846698760986,0.0,200.37266540527344,303.2861328125,368.97589111328125,0
110,2,2,detected,1009.4564906567254,182.72743185873153,4.5647454261779785,-0.05749049410223961,8.135988235473633,991.3598022460938,148.40139770507812,1027.821533203125,213.1287841796875,0
110,3,0,detected,489.5766333151791,190.16903475850611,-3.5697951316833496,0.11800976097583771,20.875755310058594,455.2169494628906,171.24563598632812,528.3198852539062,208.7182159423828,0
110,8,1,detected,1046.4613257741541,204.0051471391186,5.502792835235596,0.25358492136001587,8.971760749816895,1023.5953979492188,156.3046112060547,1070.082275390625,255.35853576660156,0
110,6,1,predicted,1028.0537425669645,201.94288666233712,4.294015441381481,0.17486446943315792,7.302951812744141,0,0,0,0,1
111,0,0,detected,151.7113806867416,284.67293497048473,-1.8187397718429565,0.3905753493309021,2.791604518890381,0.0,200.3957061767578,303.50567626953125,368.9742736816406,0
111,2,2,detected,1009.6723295382741,182.3030111742742,4.9001145362854,-0.04937142878770828,8.733734130859375,991.0787353515625,147.71646118164062,1028.7191162109375,215.2750701904297,0
111,3,0,detected,493.65910871253504,190.2434739694861,-3.353630304336548,0.1433175504207611,20.28213119506836,457.8400573730469,171.072265625,533.4949340820312,209.03773498535156,0
111,8,1,detected,1052.724087563614,203.3700113238462,5.565176963806152,0.22870589792728424,8.990609169006348,1026.9874267578125,153.47689819335938,1074.840576171875,253.83705139160156,0
111,6,1,predicted,1035.3968942803763,201.17243363911388,4.369802782341938,0.16691276310270192,7.302951812744141,0,0,0,0,2
112,0,0,detected,151.66279357337868,284.6769557650412,-1.830681562423706,0.39313986897468567,2.809934139251709,0.0,200.406982421875,303.2356872558594,368.9677429199219,0
112,2,2,detected,1009.7110213733602,182.02701148155455,4.707952976226807,-0.04743529483675957,8.391234397888184,991.2294311523438,147.67872619628906,1028.3126220703125,215.37197875976562,0
112,3,0,detected,498.2532430334994,190.33607925643201,-3.065049886703491,0.1368325799703598,19.36438751220703,460.9827575683594,170.88119506835938,540.0420532226562,209.5059814453125,0
112,8,1,detected,1059.321346398334,202.4441126124124,5.4043378829956055,0.20645783841609955,8.593433380126953,1032.886962890625,149.63304138183594,1083.031494140625,254.8181915283203,0
112,6,1,predicted,1042.7090800595286,200.38827178368612,4.445270529494523,0.1588195703940528,7.302951812744141,0,0,0,0,3
113,0,0,detected,151.63546755653803,284.71213475239307,-1.8211156129837036,0.39108559489250183,2.7952513694763184,0.0,200.59693908691406,303.224365234375,368.9728088378906,0
113,2,2,detected,1009.7934097686802,181.83995339917627,5.432253360748291,-0.0547330342233181,9.682193756103516,990.8261108398438,147.13983154296875,1028.947021484375,215.94094848632812,0
113,3,0,detected,503.3382421010635,190.45845976097527,-2.9685139656066895,0.13871560990810394,19.630870819091797,464.5404052734375,170.80857849121094,547.073974609375,209.95657348632812,0
113,6,1,detected,1048.4547362161275,200.12140441365204,5.273856163024902,0.18144001066684723,8.559059143066406,1028.6468505859375,149.34848022460938,1067.6446533203125,251.533447265625,0
113,8,1,detected,1066.3123350142648,201.76684288918838,6.0748209953308105,0.22797340154647827,9.48897933959961,1041.4268798828125,150.20291137695312,1089.4061279296875,253.88275146484375,0
114,0,0,detected,151.62473406123954,284.7407386419646,-1.8163701295852661,0.3900664746761322,2.7879672050476074,0.0,200.6024627685547,303.23516845703125,368.9879150390625,0
114,2,2,detected,1009.6866459702657,181.7180139782984,5.757927894592285,-0.058014389127492905,10.26266098022461,990.7440795898438,147.16514587402344,1028.4776611328125,215.973876953125,0
114,3,0,detected,509.0594290089392,190.59224746077217,-2.7515676021575928,0.13621622323989868,19.27716064453125,469.0604248046875,170.77711486816406,554.6251831054688,210.3058624267578,0
114,6,1,detected,1051.8130006854967,199.63641430387824,5.382843017578125,0.172448068857193,8.715946197509766,1028.60205078125,148.1481475830078,1070.0845947265625,251.7972869873047,0
114,8,1,detected,1076.56048096607,201.57380132189485,6.758676052093506,0.24656115472316742,10.26266098022461,1053.363037109375,151.5365753173828,1103.4840087890625,253.94949340820312,0
115,0,0,detected,151.615320876229,284.71571361886373,-1.8258860111236572,0.39211001992225647,2.8025734424591064,0.0,200.33843994140625,303.2200012207031,368.9774169921875,0
115,2,2,detected,1009.6721043414391,181.6373881556635,8.336999893188477,-0.08399999886751175,14.859477996826172,990.7356567382812,146.95938110351562,1028.6265869140625,216.21044921875,0
115,3,0,detected,514.830063838919,190.71716277135053,-2.565000057220459,0.13500000536441803,19.105043411254883,473.373779296875,170.74282836914062,561.4130859375,210.55506896972656,0
115,6,1,detected,1056.704699015816,199.1109917138309,5.558639049530029,0.17566806077957153,8.878692626953125,1032.0845947265625,147.78628540039062,1078.38427734375,251.14874267578125,0
115,8,1,detected,1084.7507830238192,201.3590309067212,6.829320907592773,0.24597130715847015,10.238109588623047,1058.3663330078125,151.20083618164062,1111.1673583984375,253.62376403808594,0
116,0,0,detected,151.60073939845375,284.69849627617083,-1.8199270963668823,0.39083030819892883,2.793426752090454,0.0,200.3548126220703,303.1830749511719,368.96588134765625,0
116,2,2,detected,1009.717184447871,181.60698669800735,8.366048812866211,-0.0842926874756813,14.911253929138184,990.7659912109375,147.09149169921875,1028.7874755859375,216.23342895507812,0
116,3,0,detected,521.4565612695882,190.86434279126323,-2.334315776824951,0.1326315850019455,18.769866943359375,478.1179504394531,170.61570739746094,570.8919677734375,211.0701141357422,0
116,6,1,detected,1063.2536194510428,198.16355982639297,5.754531383514404,0.1531139314174652,9.028543472290039,1039.5604248046875,145.80978393554688,1086.9615478515625,249.8457489013672,0
116,8,1,detected,1092.2115345564735,200.4303985837641,6.864910125732422,0.21497631072998047,10.14106559753418,1066.56396484375,149.06996154785156,1116.7156982421875,251.1077423095703,0
117,0,0,detected,151.58284245453035,284.7214755121939,-1.8234978914260864,0.3915971517562866,2.79890775680542,0.0,200.55172729492188,303.143310546875,368.9825744628906,0
117,2,2,detected,1009.7291275931548,181.44792892986416,8.454422950744629,-0.08518309891223907,15.068766593933105,990.6839599609375,146.20431518554688,1028.8277587890625,216.28573608398438,0
117,3,0,detected,528.3032283503901,191.03533627554773,-2.1299479007720947,0.1577739268541336,18.606651306152344,482.5798034667969,170.5894012451172,579.91455078125,211.53196716308594,0
117,6,1,detected,1071.1701689425665,196.58067567437305,5.881775379180908,0.12786468863487244,9.04763126373291,1049.671142578125,144.14686584472656,1095.014404296875,246.1128692626953,0
117,8,1,detected,1098.8797105529031,199.47243933589374,6.8215813636779785,0.19691163301467896,9.952394485473633,1071.99267578125,147.38555908203125,1123.455322265625,250.86740112304688,0
118,0,0,detected,151.56288640929444,284.7015015227317,-1.8187397718429565,0.3905753493309021,2.791604518890381,0.0,200.34188842773438,303.1019287109375,368.9725341796875,0
118,2,2,detected,1009.9417352745218,181.30876432149708,8.689906120300293,-0.0873357430100441,15.449565887451172,991.0130004882812,145.83660888671875,1029.263916015625,216.4911346435547,0
118,3,0,detected,535.7583528778534,191.17832994531457,-1.9208240509033203,0.15574249625205994,18.367080688476562,488.20477294921875,170.5716094970703,589.6620483398438,211.71347045898438,0
118,6,1,detected,1078.5767270951962,195.68923017882017,5.971281051635742,0.12786468863487244,9.04763126373291,1055.5489501953125,143.22256469726562,1102.9749755859375,248.04107666015625,0
118,8,1,detected,1105.5397159300737,198.58211066487868,6.77816915512085,0.1790979653596878,9.748359680175781,1079.4100341796875,147.44725036621094,1129.5921630859375,249.38075256347656,0
119,0,0,detected,151.58825881644697,284.6877952498512,-1.8163701295852661,0.3900664746761322,2.7879672050476074,0.0,200.3422393798828,303.2330322265625,368.97613525390625,0
119,2,2,detected,1010.0425828733931,181.1965015958799,8.817231178283691,-0.08861538767814636,15.675932884216309,990.9046630859375,145.7107696533203,1029.3521728515625,216.5290985107422,0
119,3,0,detected,543.985832915172,191.37128025970134,-1.6872103214263916,0.15574249625205994,18.367080688476562,496.0319519042969,170.61412048339844,598.9871215820312,212.258056640625,0
119,6,1,detected,1085.4545574435813,195.25925704269304,6.125704765319824,0.1424582451581955,9.163875579833984,1063.550048828125,143.91567993164062,1107.807861328125,248.27572631835938,0
119,8,1,detected,1113.4498623589125,198.2825169800709,7.354485511779785,0.2055145651102066,10.387207984924316,1087.0340576171875,148.86636352539062,1140.0806884765625,249.64833068847656,0
120,0,0,detected,151.54105853400603,284.7113144615143,-1.8211156129837036,0.39108559489250183,2.7952513694763184,0.0,200.54879760742188,303.0098876953125,368.9710693359375,0
120,2,2,detected,1010.0465871612242,181.1705171094151,8.753106117248535,-0.08797091245651245,15.56192684173584,990.8358154296875,145.98825073242188,1029.248779296875,216.56532287597656,0
120,3,0,detected,552.3197288055047,191.47005273013403,-1.4923635721206665,0.1570909172296524,18.52610206604004,501.61334228515625,170.61117553710938,609.5572509765625,212.06336975097656,0
120,6,1,detected,1091.5998694339946,194.9380465080464,6.599071025848389,0.13776765763759613,9.748359680175781,1066.404296875,144.4739990234375,1116.068115234375,247.39845275878906,0
120,8,1,detected,1121.5842816364107,197.69452573415293,7.159143924713135,0.18284651637077332,9.952394485473633,1094.3892822265625,147.11520385742188,1149.38720703125,249.0153045654297,0
121,0,0,detected,151.49524961538765,284.7393861077134,-1.8175541162490845,0.390320748090744,2.7897846698760986,0.0,200.6114959716797,302.9264221191406,368.97625732421875,0
121,2,2,detected,1010.0131390946457,181.11759269155888,8.194730758666992,-0.08256655931472778,14.605903625488281,990.797607421875,145.84317016601562,1029.155029296875,216.49005126953125,0
121,3,0,detected,561.9753097146947,191.63915981177902,-1.2310088872909546,0.16056637465953827,18.935972213745117,510.98065185546875,170.57102966308594,621.1018676757812,212.73870849609375,0
121,6,1,detected,1097.2395377707521,194.21554898332448,6.667954921722412,0.12399090081453323,9.748359680175781,1070.81591796875,142.0947723388672,1122.2406005859375,246.69517517089844,0
121,8,1,detected,1128.6389802018286,196.8070056222321,7.724673748016357,0.16467326879501343,10.5928955078125,1103.078125,147.2037811279297,1153.0067138671875,245.99844360351562,0
122,0,0,detected,151.50726528689313,284.78120403646136,-1.8258860111236572,0.39211001992225647,2.8025734424591064,0.0,200.7452392578125,303.055419921875,368.9740295410156,0
122,2,2,detected,1010.1059155568233,181.15358293194544,8.596800804138184,-0.08640000224113464,15.284034729003906,990.91748046875,146.30426025390625,1029.441650390625,216.45928955078125,0
122,3,0,detected,568.2383972776001,191.7629097274126,-1.1372308731079102,0.15507693588733673,18.288589477539062,517.4652099609375,170.21400451660156,620.4864501953125,213.15248107910156,0
122,6,1,detected,1104.777990559972,192.92857976880998,7.09920072555542,0.10080000758171082,10.189356803894043,1081.58056640625,140.01736450195312,1129.9075927734375,244.0717315673828,0
122,8,1,detected,1135.6708802289745,196.0012975057068,8.069143295288086,0.1542857140302658,10.917167663574219,1111.041259765625,145.7010498046875,1159.2193603515625,246.27113342285156,0
123,0,0,detected,151.5257231520013,284.7766951089064,-1.8175541162490845,0.390320748090744,2.7897846698760986,0.0,200.53558349609375,303.1011047363281,368.9762268066406,0
123,2,2,detected,1010.2491624657298,181.2139555324991,8.505667686462402,-0.0854841023683548,15.122013092041016,991.1044921875,146.3832244873047,1029.615478515625,216.57467651367188,0
123,3,0,detected,573.5029101324402,191.80381012054306,-1.0037107467651367,0.1544170379638672,18.210765838623047,526.5396728515625,170.2288360595703,619.8854370117188,212.8904571533203,0
123,6,1,detected,1114.6657848907573,191.87525603775097,7.341923713684082,0.08723077923059464,10.287331581115723,1095.158203125,138.3341827392578,1139.9151611328125,244.7261199951172,0
123,8,1,detected,1143.011971424266,195.54863018215633,8.219077110290527,0.17058461904525757,10.973153114318848,1117.0103759765625,146.02442932128906,1168.588623046875,246.4207763671875,0
124,0,0,detected,151.47943239760207,284.80345202067883,-1.827082633972168,0.3923669755458832,2.804409980773926,0.0,200.7181854248047,302.89385986328125,368.9757995605469,0
124,2,2,detected,1010.287512297246,181.3053845037579,8.300358772277832,-0.08342069387435913,14.756999015808105,991.0972900390625,146.88128662109375,1029.5008544921875,216.35382080078125,0
124,3,0,detected,578.6730402897281,191.9370249015604,-0.8863449096679688,0.15641379356384277,18.44624900817871,536.322998046875,170.5377655029297,620.0942993164062,213.25010681152344,0
124,6,1,detected,1120.701807023168,191.18383319811957,7.457242965698242,0.08807767182588577,10.387207984924316,1100.22607421875,138.60809326171875,1140.0667724609375,244.55123901367188,0
124,8,1,detected,1151.1206062033327,194.90866801758656,8.273786544799805,0.15350255370140076,10.861750602722168,1125.501708984375,144.9774169921875,1177.6776123046875,245.40122985839844,0
125,0,0,detected,151.50818039698817,284.7818123761553,-1.8246911764144897,0.3918534219264984,2.800739288330078,0.0,200.47940063476562,303.08599853515625,368.9691467285156,0
125,2,2,detected,1010.3200813315925,181.2685940050716,8.104727745056152,-0.08145454525947571,14.409191131591797,991.0494384765625,146.2635498046875,1029.60009765625,216.34451293945312,0
125,3,0,detected,583.671620692655,192.0664679415338,-0.7345749139785767,0.17140080034732819,17.326030731201172,546.0362548828125,170.58248901367188,619.9242553710938,213.45101928710938,0
125,6,1,detected,1128.100741148462,190.76248290656133,7.6489410400390625,0.08894117176532745,10.489043235778809,1107.1661376953125,139.16885375976562,1150.353759765625,244.1610107421875,0
125,8,1,detected,1157.7012281552395,194.51407225957092,8.635464668273926,0.15874016284942627,11.232361793518066,1131.5831298828125,145.2601318359375,1182.1766357421875,245.25155639648438,0
126,0,0,detected,151.52386523846292,284.7444666293119,-1.8211156129837036,0.39108559489250183,2.7952513694763184,0.0,200.35186767578125,303.09033203125,368.96588134765625,0
126,2,2,detected,1010.309030666937,181.30481148927174,5.584928035736084,-0.05612993240356445,9.929303169250488,991.0559692382812,146.4962921142578,1029.49365234375,216.47760009765625,0
126,3,0,detected,588.8857183475033,192.04854784186566,-0.5973333120346069,0.14933332800865173,17.61123275756836,556.86083984375,169.78427124023438,619.7767333984375,213.62100219726562,0
126,6,1,detected,1133.720069438603,190.33051212569794,7.982132434844971,0.09210152179002762,10.861750602722168,1109.7889404296875,139.42242431640625,1155.940185546875,242.9002685546875,0
126,8,1,detected,1164.8525654233815,193.52454728196122,8.974452018737793,0.13006451725959778,11.504112243652344,1139.0950927734375,143.6604461669922,1190.1121826171875,242.51010131835938,0
127,0,0,detected,151.48083803408204,284.7327070993365,-1.812827229499817,0.38930559158325195,2.78252911567688,0.0,200.4394073486328,302.9004211425781,368.9697265625,0
127,2,2,detected,1010.2903649161718,181.31254867269047,8.387123107910156,-0.0842926874756813,14.911253929138184,991.0462646484375,146.46282958984375,1029.4559326171875,216.3909454345703,0
127,3,0,detected,594.2594026391236,192.08747189907515,-0.47484302520751953,0.14995042979717255,17.68400764465332,567.5316772460938,169.7112274169922,619.9903564453125,214.04627990722656,0
127,6,1,detected,1140.5264067544617,189.22563596696736,8.146286010742188,0.0462857149541378,10.917167663574219,1114.9306640625,136.29054260253906,1166.6041259765625,241.14602661132812,0
127,8,1,detected,1171.4928279590533,192.28696406358944,8.543757438659668,0.09186835587024689,10.83425235748291,1144.644287109375,141.80406188964844,1197.0848388671875,241.0427703857422,0
128,0,0,detected,151.4961925293663,284.75901693413397,-1.8294804096221924,0.3928819000720978,2.8080904483795166,0.0,200.65603637695312,303.03668212890625,368.96337890625,0
128,2,2,detected,1010.271331548648,181.29893472272494,5.132418155670166,-0.05158209055662155,9.124796867370605,990.971435546875,146.29562377929688,1029.4959716796875,216.43284606933594,0
128,3,0,detected,599.9923972867256,192.14309776161022,-0.3222295343875885,0.14872132241725922,17.5390567779541,579.6548461914062,169.86819458007812,619.8068237304688,214.09495544433594,0
128,6,1,detected,1144.8736045809894,187.08823938921597,7.701410293579102,-0.014503597281873226,10.26266098022461,1119.05126953125,135.3209228515625,1167.0748291015625,233.9877471923828,0
128,8,1,detected,1177.6011359597535,191.46080120546313,7.85961389541626,0.08361291140317917,9.860668182373047,1148.8023681640625,142.61434936523438,1204.4161376953125,240.33180236816406,0
129,0,0,detected,151.49263074124858,284.79656276557176,-1.8234978914260864,0.3915971517562866,2.79890775680542,0.0,200.7592315673828,302.99420166015625,368.9736022949219,0
129,2,2,detected,1010.1721940739559,181.25631518600218,4.9225029945373535,-0.049472395330667496,8.751594543457031,990.6720581054688,146.03326416015625,1029.463134765625,216.48753356933594,0
129,3,0,detected,605.8348906794339,192.39779474514373,-0.16866932809352875,0.16866932809352875,17.04991912841797,591.5220947265625,171.16799926757812,619.634765625,214.13011169433594,0
129,6,1,detected,1149.0979233019743,186.05736203971702,7.911198616027832,0.0,10.463397979736328,1122.6497802734375,134.8249969482422,1172.0899658203125,237.1197509765625,0
129,8,1,detected,1186.762247959408,190.7127068349815,7.8460540771484375,0.06810811161994934,9.638580322265625,1155.4356689453125,140.93316650390625,1221.451904296875,240.8514862060547,0
130,0,0,detected,151.48929056384645,284.7608931520918,-1.8223060369491577,0.3913412094116211,2.7970783710479736,0.0,200.39056396484375,302.9876708984375,368.9651184082031,0
130,2,2,detected,1010.1245138814098,181.35212256880422,5.373000144958496,-0.05400000140070915,9.552521705627441,990.8262329101562,146.77537536621094,1029.316162109375,216.4969940185547,0
130,6,1,detected,1157.572861151872,185.23052395316012,7.952538967132568,0.0,10.287331581115723,1135.1260986328125,133.42135620117188,1184.077392578125,237.72476196289062,0
130,8,1,detected,1193.137963218549,190.23350459162833,7.659039497375488,0.06602620333433151,9.343951225280762,1162.7242431640625,140.74044799804688,1222.0126953125,241.13009643554688,0
130,3,0,predicted,612.0783501910346,192.53701491577303,0.0018878962198441629,0.1816090271192261,17.04991912841797,0,0,0,0,1
131,0,0,detected,151.47019343632883,284.7728925600257,-1.8187397718429565,0.3905753493309021,2.791604518890381,0.0,200.62359619140625,302.92205810546875,368.9598388671875,0
131,2,2,detected,1010.0756786883617,181.46079288155627,5.483152866363525,-0.05510706454515457,9.748359680175781,990.71533203125,146.84909057617188,1029.334228515625,216.65557861328125,0
131,6,1,detected,1165.8318715128626,184.9952966130966,7.973016738891602,0.014365795999765396,10.165153503417969,1143.6954345703125,135.50430297851562,1191.400634765625,237.4629364013672,0
131,8,1,detected,1199.5029586935589,189.33504943855272,7.789291858673096,0.05316923186182976,9.405559539794922,1174.156982421875,139.59133911132812,1223.4769287109375,238.7851104736328,0
131,3,0,predicted,618.4465695852745,192.67667800903018,0.1553340737309673,0.18497429556758932,17.04991912841797,0,0,0,0,2
132,0,0,detected,151.47783385680682,284.7726209603444,-1.8234978914260864,0.3915971517562866,2.79890775680542,0.0,200.5636749267578,302.98516845703125,368.96685791015625,0
132,2,2,detected,1010.0492934663241,181.52796589209336,8.689906120300293,-0.0873357430100441,15.449565887451172,990.8514404296875,146.89910888671875,1029.190673828125,216.5337371826172,0
132,6,1,detected,1171.9617308870288,184.7534046643977,8.32717227935791,0.014896552078425884,10.5407133102417,1147.1552734375,135.27426147460938,1196.39208984375,237.00094604492188,0
132,8,1,detected,1204.2513494845625,188.59331926239597,8.03675651550293,0.040864866226911545,9.638580322265625,1181.1484375,138.9976806640625,1223.4359130859375,238.55743408203125,0
132,3,0,predicted,624.9395488621534,192.81678402491522,0.311786417630613,0.18835023651009478,17.04991912841797,0,0,0,0,3
133,0,0,detected,151.52551978679392,284.74073355340545,-1.8234978914260864,0.3915971517562866,2.79890775680542,0.0,200.37762451171875,303.1477966308594,368.9621887207031,0
133,2,2,detected,1010.0337964751243,181.58563610878136,8.566206932067871,-0.08609253168106079,15.229643821716309,990.8500366210938,146.89035034179688,1029.183349609375,216.59388732910156,0
133,6,1,detected,1180.1953587104895,184.01746107784814,8.213155746459961,-0.014434367418289185,10.213674545288086,1156.2503662109375,132.407470703125,1207.4075927734375,236.30081176757812,0
133,8,1,detected,1207.805470317175,187.6119636296193,8.077621459960938,0.027243243530392647,9.638580322265625,1186.187255859375,134.8505096435547,1223.88525390625,239.81533813476562,0
133,3,0,predicted,631.5572880216714,192.95733296342812,0.4712449279187812,0.1917368499467419,17.04991912841797,0,0,0,0,4
134,0,0,detected,151.5168902180715,284.6993718670528,-1.8223060369491577,0.3913412094116211,2.7970783710479736,0.0,200.2900390625,303.02667236328125,368.9384765625,0
134,2,2,detected,1009.967321566753,181.62493177645746,5.033660888671875,-0.050716985017061234,8.971760749816895,990.7147216796875,146.7887725830078,1029.0999755859375,216.6781005859375,0
134,6,1,detected,1189.1917242364627,183.19043116227763,8.200918197631836,-0.02832786925137043,10.022317886352539,1164.501708984375,131.259521484375,1218.228759765625,235.42434692382812,0
134,8,1,detected,1209.0090045788756,186.3867084875485,8.211963653564453,0.0,9.815435409545898,1185.1427001953125,132.3690643310547,1223.908203125,238.9731903076172,0
134,3,0,predicted,638.2997870638286,193.09832482456886,0.6337096045954748,0.19513413587753056,17.04991912841797,0,0,0,0,5
135,0,0,detected,151.5196561014631,284.67778211526456,-1.8234978914260864,0.3915971517562866,2.79890775680542,0.0,200.30429077148438,303.0525207519531,368.9729309082031,0
135,2,2,detected,1009.9881145433402,181.67775279994092,8.596800804138184,-0.08640000224113464,15.284034729003906,990.7594604492188,146.84271240234375,1029.2554931640625,216.76852416992188,0
135,6,1,detected,1196.3809180804649,183.00942812728132,8.409600257873535,-0.014400000683963299,10.189356803894043,1170.5430908203125,132.1292724609375,1223.202392578125,236.72923278808594,0
135,8,1,detected,1210.7378798358607,185.48478256833587,8.547648429870605,0.0,10.165153503417969,1190.2708740234375,133.7021484375,1223.960205078125,237.2410125732422,0
135,3,0,predicted,645.1670459886249,193.2397596083375,0.7991804476606909,0.19854209430246156,17.04991912841797,0,0,0,0,6
136,0,0,detected,151.60825612100243,284.6780276339823,-1.8258860111236572,0.39211001992225647,2.8025734424591064,0.0,200.40353393554688,303.3768310546875,368.96832275390625,0
136,2,2,detected,1009.9906803922933,181.759643735026,8.366048812866211,-0.0842926874756813,14.911253929138184,990.8973388671875,147.33816528320312,1029.0882568359375,216.5350799560547,0
136,6,1,detected,1200.2846939896635,182.7912243731547,9.048798561096191,-0.015468032099306583,10.945089340209961,1172.7281494140625,132.60610961914062,1223.2203369140625,235.4872589111328,0
136,3,0,predicted,652.1590647960603,193.38163731473398,0.9676574571144323,0.20196072522153413,17.04991912841797,0,0,0,0,7
136,8,1,predicted,1216.3295264285694,184.57964581778305,8.681674295281137,-0.00603872215252121,10.165153503417969,0,0,0,0,1
137,0,0,detected,151.5882951724672,284.68260062713637,-1.8246911764144897,0.3918534219264984,2.800739288330078,0.0,200.42730712890625,303.1380615234375,368.9706726074219,0
137,2,2,detected,1009.9911498280958,181.73047077376035,8.424758911132812,-0.08488421142101288,15.015893936157227,990.6998291015625,146.64601135253906,1029.282470703125,216.69476318359375,0
137,6,1,detected,1202.5459431145593,182.65386460772598,9.392001152038574,-0.03200000151991844,11.321507453918457,1174.100830078125,132.66558837890625,1224.0,235.30641174316406,0
137,3,0,predicted,659.2758434861348,193.52395794375832,1.1391406329566962,0.2053900286347483,17.04991912841797,0,0,0,0,8
137,8,1,predicted,1221.8423232138866,183.6650425756479,8.760870005656303,-0.019177725147378175,10.165153503417969,0,0,0,0,2
138,0,0,detected,151.55950430090127,284.6700572439473,-1.8282809257507324,0.39262428879737854,2.8062491416931152,0.0,200.33676147460938,303.0679016113281,368.9652404785156,0
138,2,2,detected,1009.9275377478025,181.7877947383666,8.030287742614746,-0.08090970665216446,14.312808990478516,990.6848754882812,147.17982482910156,1029.0595703125,216.630615234375,0
138,6,1,detected,1204.3580184129091,181.80234529998424,9.458043098449707,-0.06434042751789093,11.381728172302246,1177.6409912109375,129.7392578125,1223.938720703125,233.54371643066406,0
138,3,0,predicted,666.5173820588484,193.66672149541054,1.3136299751874827,0.20883000454210482,17.04991912841797,0,0,0,0,9
138,8,1,predicted,1227.2762701918123,182.74097284193041,8.83893297583579,-0.032452721822905733,10.165153503417969,0,0,0,0,3
139,0,0,detected,151.5340408945783,284.64931698484554,-1.8246911764144897,0.3918534219264984,2.800739288330078,0.0,200.26556396484375,303.0263671875,368.9649963378906,0
139,2,2,detected,1009.8606342951825,181.8929808934238,7.821030139923096,-0.059100981801748276,13.939836502075195,990.5738525390625,147.58460998535156,1029.0390625,216.61074829101562,0
139,6,1,detected,1205.7411120301263,181.04672762342074,10.373023986816406,-0.0703255832195282,12.4404935836792,1180.2613525390625,129.25987243652344,1224.0,232.92921447753906,0
139,3,0,predicted,673.8836805142012,193.80992796969062,1.4911254838067947,0.21228065294360288,17.04991912841797,0,0,0,0,10
139,8,1,predicted,1232.6313673623465,181.8074366166306,8.915863205819605,-0.04586371217910347,10.165153503417969,0,0,0,0,4
140,0,0,detected,151.53034683082407,284.69076884898334,-1.8211156129837036,0.39108559489250183,2.7952513694763184,0.0,200.6119384765625,303.0595703125,368.9581604003906,0
140,2,2,detected,1009.7508756210531,181.98783482353184,8.194730758666992,-0.06192491576075554,14.605903625488281,990.447998046875,147.5694122314453,1028.879638671875,216.74278259277344,0
140,3,0,detected,880.9817063569949,186.30137074940734,6.227200031280518,-0.02240000106394291,15.850110054016113,870.0496215820312,157.93243408203125,911.7322387695312,211.65353393554688,0
140,6,1,detected,1206.197342175446,180.27185321565761,12.347127914428711,-0.10463668406009674,14.808061599731445,1180.2646484375,128.3748016357422,1224.0,232.19790649414062,0
140,8,1,predicted,1237.9076147254893,180.8644338997485,8.991660695607747,-0.059410696215971386,10.165153503417969,0,0,0,0,5
141,0,0,detected,151.50511287650713,284.68685886431206,-1.8187397718429565,0.3905753493309021,2.791604518890381,0.0,200.38992309570312,302.9721374511719,368.9765930175781,0
141,2,2,detected,1009.6194007200382,182.0223852339063,7.872314929962158,-0.05948852747678757,14.031245231628418,990.2815551757812,147.1673583984375,1028.7589111328125,216.9438018798828,0
141,3,0,detected,899.2136014195664,185.44458692644713,6.427394866943359,-0.022317344322800636,15.79162311553955,870.2194213867188,158.94679260253906,930.4014282226562,210.67306518554688,0
141,6,1,detected,1207.6408357832274,180.33062303306764,14.795108795166016,-0.09996695071458817,17.68400764465332,1185.5865478515625,131.16738891601562,1224.0,232.82696533203125,0
141,8,1,predicted,1243.1050122812405,179.91196469128406,9.066325445200212,-0.07309367393350948,10.165153503417969,0,0,0,0,6
142,0,0,detected,151.52143940003563,284.6557410282432,-1.8282809257507324,0.39262428879737854,2.8062491416931152,0.0,200.2356414794922,303.0793151855469,368.95953369140625,0
142,2,2,detected,1009.4184651846015,182.093837720775,8.08436393737793,-0.06109091266989708,14.409191131591797,990.0385131835938,147.6165313720703,1028.495849609375,216.7777862548828,0
142,3,0,detected,912.4058065582582,185.64197827730177,6.677532196044922,0.02248327247798443,15.909032821655273,870.181640625,162.0109405517578,948.6761474609375,210.56536865234375,0
142,6,1,detected,1210.4851828324927,180.06948822229123,15.767057418823242,-0.13205240666866302,18.687902450561523,1194.239990234375,129.11300659179688,1224.0,232.86233520507812,0
142,8,1,predicted,1248.2235600296003,178.95002899123728,9.139857454597003,-0.08691264533171815,10.165153503417969,0,0,0,0,7
143,0,0,detected,151.54501444655486,284.6616472340601,-1.8282809257507324,0.39262428879737854,2.8062491416931152,0.0,200.4304962158203,303.13641357421875,368.9345703125,0
143,2,2,detected,1009.3324699245629,182.13684432954494,7.622400283813477,-0.057600002735853195,13.585808753967285,989.98486328125,147.49075317382812,1028.5989990234375,216.85623168945312,0
143,3,0,detected,923.5113914557937,185.69880112336207,6.854400157928467,0.02240000106394291,15.850110054016113,869.9839477539062,162.1528778076172,967.3631591796875,210.2233428955078,0
143,6,1,predicted,1214.722199503043,179.3766158737492,15.91818251613861,-0.14851627325793423,18.687902450561523,0,0,0,0,1
143,8,1,predicted,1253.2632579705685,177.97862679960818,9.21225672379812,-0.10086761041059703,10.165153503417969,0,0,0,0,8
144,0,0,detected,151.53327325191944,284.6764907644828,-1.8294804096221924,0.3928819000720978,2.8080904483795166,0.0,200.46597290039062,303.0487060546875,368.9625549316406,0
144,2,2,detected,1009.3300123393877,182.05496507784147,7.342679500579834,-0.07398165762424469,13.087246894836426,989.8414916992188,147.0055694580078,1028.8890380859375,216.66415405273438,0
144,3,0,detected,933.727628892203,185.43890271553502,7.078400135040283,0.0,15.850110054016113,868.8804321289062,161.51055908203125,987.730224609375,209.19744873046875,0
144,6,1,predicted,1218.8724904915275,178.68262969161026,16.027793692737475,-0.16684478135017666,18.687902450561523,0,0,0,0,2
144,8,1,predicted,1258.2241061041452,176.99775811639677,9.283523252803562,-0.11495856917014605,10.165153503417969,0,0,0,0,9
145,0,0,detected,151.51069574268752,284.6777594613286,-1.8211156129837036,0.39108559489250183,2.7952513694763184,0.0,200.40911865234375,302.9861755371094,368.9623107910156,0
145,2,2,detected,1010.0819674735928,182.0190988626158,7.6174187660217285,-0.0765569657087326,13.542816162109375,991.830078125,146.77700805664062,1029.7000732421875,217.03289794921875,0
145,3,0,detected,942.672428024791,185.20212676156078,7.177846431732178,0.0,15.675932884216309,868.7967529296875,161.06300354003906,1004.0862426757812,209.29812622070312,0
145,6,1,predicted,1222.9360557979467,177.98752967587447,16.135114402456086,-0.18520270632220562,18.687902450561523,0,0,0,0,3
145,8,1,predicted,1263.1061044303303,176.00742294160304,9.353657041613326,-0.12918552161036528,10.165153503417969,0,0,0,0,10
146,0,0,detected,151.5379147698054,284.6793136404208,-1.8234978914260864,0.3915971517562866,2.79890775680542,0.0,200.4069366455078,303.1290588378906,368.9679870605469,0
146,2,2,detected,1010.2388686595391,181.966955376039,7.665936470031738,-0.07704459130764008,13.62907600402832,991.091796875,147.0581817626953,1029.6273193359375,216.59402465820312,0
146,3,0,detected,951.0362871668888,185.0315862067602,7.32823371887207,0.0,15.618721961975098,866.91552734375,160.49557495117188,1022.3766479492188,209.8123321533203,0
146,6,1,predicted,1226.9128954223002,177.29131582654182,16.240144645294436,-0.20359004817402104,18.687902450561523,0,0,0,0,4
146,8,1,predicted,1267.909252949124,175.007621275227,9.422658090227419,-0.14354846773125468,10.165153503417969,0,0,0,0,11
147,0,0,detected,151.5517863310005,284.6872900319567,-1.8199270963668823,0.39083030819892883,2.793426752090454,0.0,200.46607971191406,303.12994384765625,368.9499206542969,0
147,2,2,detected,1010.952225808652,181.8782766021569,7.636557102203369,-0.0765569657087326,13.542816162109375,992.7125854492188,146.7326202392578,1030.3721923828125,216.61126708984375,0
147,3,0,detected,962.0740086723679,184.66457149722865,7.637255668640137,-0.022072993218898773,15.618721961975098,879.7743530273438,159.3686981201172,1036.703857421875,209.4601593017578,0
147,6,1,predicted,1230.8030093645882,176.5939881436123,16.34288442125254,-0.22200680690562302,18.687902450561523,0,0,0,0,5
147,8,1,predicted,1272.6335516605263,173.9983531172686,9.490526398645839,-0.15804740753281465,10.165153503417969,0,0,0,0,12
148,0,0,detected,151.50271746718386,284.750405850854,-1.8211156129837036,0.39108559489250183,2.7952513694763184,0.0,200.78009033203125,302.9213562011719,368.9823303222656,0
148,2,2,detected,1011.3839777318863,181.7810688940542,7.636557102203369,-0.0765569657087326,13.542816162109375,993.3923950195312,146.29287719726562,1029.9810791015625,216.84840393066406,0
148,3,0,detected,981.1692587443035,184.3987650848749,8.09300708770752,-0.0217553973197937,15.39399242401123,899.744384765625,158.88287353515625,1068.5654296875,209.87530517578125,0
148,6,1,predicted,1234.6063976248106,175.89554662708593,16.443333730330384,-0.24045298251701147,18.687902450561523,0,0,0,0,6
148,8,1,predicted,1277.279000564537,172.9796184677279,9.55726196686858,-0.17268234101504482,10.165153503417969,0,0,0,0,13
149,0,0,detected,151.5136050501093,284.79371427605395,-1.8151875734329224,0.38981252908706665,2.7861521244049072,0.0,200.791015625,303.0526123046875,368.95989990234375,0
149,2,2,detected,1012.0326136267148,181.88297108105874,7.6800007820129395,-0.057600002735853195,13.585808753967285,994.722900390625,146.95623779296875,1030.271728515625,217.2200927734375,0
149,3,0,detected,1000.2114499227687,184.24359367397756,7.535846710205078,-0.019322684034705162,13.672618865966797,918.4086303710938,157.50291442871094,1086.94580078125,211.40487670898438,0
149,6,1,predicted,1238.3230602029676,175.1959912769627,16.541492572527975,-0.25892857500818645,18.687902450561523,0,0,0,0,7
149,8,1,predicted,1281.8455996611563,171.95141732660488,9.62286479489565,-0.18745326817794516,10.165153503417969,0,0,0,0,14
150,0,0,detected,151.5664971439917,284.8397426819097,-1.8211156129837036,0.39108559489250183,2.7952513694763184,0.0,200.8862762451172,303.22900390625,368.9559326171875,0
150,2,2,detected,1011.4130119740079,181.8860373080561,7.690428256988525,-0.07729073613882065,13.672618865966797,992.5037231445312,146.04319763183594,1028.9923095703125,217.7105255126953,0
150,3,0,detected,1020.4465536155495,183.77036368933582,4.798702716827393,-0.023351352661848068,8.261640548706055,943.5224609375,159.03944396972656,1103.4283447265625,207.69381713867188,0
150,6,1,predicted,1241.952997099059,174.49532209324258,16.637360947845316,-0.27743358437914867,18.687902450561523,0,0,0,0,8
150,8,1,predicted,1286.3333489503839,170.91374969389955,9.687334882727042,-0.20236018902151567,10.165153503417969,0,0,0,0,15
151,0,0,detected,151.56926533173294,284.9107336785416,-1.8234978914260864,0.39555269479751587,2.79890775680542,0.0,201.1197509765625,303.1410827636719,368.9532775878906,0
151,2,2,detected,1011.6662084773167,181.63078158079247,7.6851983070373535,-0.07704459130764008,13.62907600402832,993.5819702148438,145.6086883544922,1030.0147705078125,216.5912322998047,0
151,3,0,detected,1041.7915303435832,183.15697533107664,7.568739891052246,-0.05243930593132973,12.368582725524902,966.8018188476562,158.28118896484375,1123.726318359375,206.7804718017578,0
151,6,1,predicted,1245.496208313085,173.7935390759256,16.730938856282396,-0.2959680106298974,18.687902450561523,0,0,0,0,9
151,8,1,predicted,1290.74224843222,169.86661556961187,9.75067223036276,-0.21740310354575682,10.165153503417969,0,0,0,0,16
152,0,0,detected,151.53009521953211,284.8897780058884,-1.8294804096221924,0.3928819000720978,2.8080904483795166,0.0,200.68411254882812,302.9901123046875,368.9569091796875,0
152,2,2,detected,1010.6747391635253,181.74899656324715,7.622400283813477,-0.057600002735853195,13.585808753967285,990.515380859375,147.22987365722656,1028.929931640625,216.7866668701172,0
152,3,0,detected,1064.8265708304148,182.4430321476039,9.836071968078613,-0.08609253168106079,15.229643821716309,993.5233764648438,157.2837677001953,1144.85693359375,206.09359741210938,0
152,6,1,predicted,1248.9526938450454,173.09064222501175,16.822226297839226,-0.3145318537604327,18.687902450561523,0,0,0,0,10
152,8,1,predicted,1295.072298106665,168.81001495374187,9.812876837802806,-0.2325820117506681,10.165153503417969,0,0,0,0,17
153,0,0,detected,151.5237209641583,284.83744673666575,-1.8199270963668823,0.39083030819892883,2.793426752090454,0.0,200.45033264160156,303.0389099121094,368.9674377441406,0
153,2,2,detected,1010.1332545652693,181.622244394089,6.939467906951904,-0.06991907209157944,12.368582725524902,990.3311767578125,145.99337768554688,1028.9423828125,216.74472045898438,0
153,3,0,detected,1085.2868679746239,181.58180875848797,10.696836471557617,-0.1128358244895935,15.96839427947998,1008.6851806640625,156.0677490234375,1165.04833984375,205.1706085205078,0
153,6,1,predicted,1252.3224536949401,172.38663154050104,16.9112232725158,-0.3331251137707544,18.687902450561523,0,0,0,0,11
153,8,1,predicted,1299.323497973718,167.74394784628956,9.873948705047175,-0.24789691363624958,10.165153503417969,0,0,0,0,18
154,0,0,detected,151.52012140862107,284.8052904935564,-1.8258860111236572,0.39211001992225647,2.8025734424591064,0.0,200.49440002441406,303.037109375,368.95733642578125,0
154,2,2,detected,1010.0174747648748,181.65234018404797,8.827412605285645,-0.08894117921590805,15.733565330505371,990.8423461914062,146.43951416015625,1029.0054931640625,217.02674865722656,0
154,3,0,detected,1101.7346637124008,180.81449488842304,11.550494194030762,-0.11858823895454407,16.782468795776367,1012.732177734375,155.34144592285156,1186.3336181640625,204.9162139892578,0
154,6,1,predicted,1255.6054878627695,171.68150702239348,16.99792978031212,-0.35174779066086265,18.687902450561523,0,0,0,0,12
154,8,1,predicted,1303.4958480333798,166.66841424725493,9.933887832095872,-0.2633478092025012,10.165153503417969,0,0,0,0,19
155,0,0,detected,151.51754796587076,284.79026260567235,-1.8234978914260864,0.3915971517562866,2.79890775680542,0.0,200.5371856689453,303.0339660644531,368.964111328125,0
155,2,2,detected,1010.0460818954352,181.72596549167315,8.445979118347168,-0.08488421142101288,15.015893936157227,991.1044921875,146.6421661376953,1029.0640869140625,217.1360626220703,0
155,3,0,detected,1121.665231657303,179.99365093717685,12.337920188903809,-0.1451520025730133,17.118118286132812,1038.87890625,154.52735900878906,1205.770263671875,204.02951049804688,0
155,6,1,predicted,1258.8017963485333,170.97526867068905,17.08234582122819,-0.3703998844307575,18.687902450561523,0,0,0,0,13
155,8,1,predicted,1307.58934828565,165.58341415663796,9.992694218948891,-0.2789346984494234,10.165153503417969,0,0,0,0,20
156,0,0,detected,151.52415097138515,284.8105342133509,-1.8187397718429565,0.3905753493309021,2.791604518890381,0.0,200.7213134765625,303.0630798339844,368.96832275390625,0
156,2,2,detected,1010.0985007438178,181.70949363088602,8.721391677856445,-0.08765217661857605,15.505542755126953,991.0067138671875,146.38975524902344,1029.3033447265625,216.9688720703125,0
156,3,0,detected,1140.9157460423205,179.14843349374266,12.621914863586426,-0.16733598709106445,16.915138244628906,1057.9849853515625,153.57754516601562,1223.384033203125,203.35015869140625,0
156,6,1,predicted,1261.9113791522316,170.26791648538773,17.164471395264005,-0.3890813950804395,18.687902450561523,0,0,0,0,14
156,8,1,predicted,1311.6039987305287,164.48894757443867,10.050367865606237,-0.29465758137701586,10.165153503417969,0,0,0,0,21
157,0,0,detected,151.52600664963106,284.7858714934364,-1.8116493225097656,0.38905268907546997,2.7807211875915527,0.0,200.4881591796875,303.0575256347656,368.965576171875,0
157,2,2,detected,1010.0859510791815,181.71478189553778,8.785051345825195,-0.08829197287559509,15.618721961975098,991.0003662109375,146.45620727539062,1029.1654052734375,217.00439453125,0
157,3,0,detected,1154.813338938852,178.2655007318271,12.991104125976562,-0.19353599846363068,17.118118286132812,1075.5946044921875,152.81121826171875,1224.0,202.35748291015625,0
157,6,1,predicted,1264.9342362738644,169.55945046648955,17.244306502419565,-0.407792322609908,18.687902450561523,0,0,0,0,15
157,8,1,predicted,1315.5397993680158,163.38501450065706,10.106908772067907,-0.31051645798527844,10.165153503417969,0,0,0,0,22
158,0,0,detected,151.53899668114198,284.73581340054983,-1.831884503364563,0.3933981955051422,2.8117804527282715,0.0,200.2935333251953,303.1022644042969,368.9653625488281,0
158,2,2,detected,1010.075668025979,181.75820700286468,8.948342323303223,-0.08993308991193771,15.909032821655273,990.9356079101562,146.7480926513672,1029.21484375,216.9506072998047,0
158,3,0,detected,1167.014188842365,177.3278597325528,13.31045913696289,-0.21860240399837494,17.186866760253906,1097.7901611328125,151.95663452148438,1223.60791015625,201.27882385253906,0
158,6,1,predicted,1267.8703677134315,168.8498706139945,17.321851142694868,-0.4265326670191631,18.687902450561523,0,0,0,0,16
158,8,1,predicted,1319.3967501981115,162.27161493529314,10.162316938333904,-0.32651132827421125,10.165153503417969,0,0,0,0,23
159,0,0,detected,151.5770490657377,284.70014242928465,-1.8282809257507324,0.39262428879737854,2.8062491416931152,0.0,200.30532836914062,303.2197265625,368.9551086425781,0
159,2,2,detected,1009.9713433318851,181.8024739724187,8.9591646194458,-0.09026865661144257,15.96839427947998,990.6400146484375,146.74111938476562,1029.1407470703125,217.03611755371094,0
159,3,0,detected,1177.3637442469492,176.43579442447623,13.806296348571777,-0.2478688657283783,17.5390567779541,1115.513671875,151.2127227783203,1223.949951171875,200.5816650390625,0
159,6,1,predicted,1270.7197734709332,168.1391769279026,17.397105316089917,-0.4453024283082046,18.687902450561523,0,0,0,0,17
159,8,1,predicted,1323.1748512208158,161.14874887834688,10.216592364404224,-0.3426421922438146,10.165153503417969,0,0,0,0,24
160,0,0,detected,151.53777460460898,284.71934778992477,-1.8223060369491577,0.3913412094116211,2.7970783710479736,0.0,200.5548095703125,303.0029602050781,368.9758605957031,0
160,2,2,detected,1009.8894388005974,181.81964550916135,8.73111343383789,-0.08797091245651245,15.56192684173584,990.6548461914062,146.7275848388672,1029.013671875,216.96151733398438,0
160,3,0,detected,1187.3583133735642,175.3595063364481,14.288399696350098,-0.27720001339912415,17.83137321472168,1135.77001953125,149.20901489257812,1223.8304443359375,199.84812927246094,0
160,6,1,predicted,1273.4824535463692,167.42736940821385,17.47006902260471,-0.4641016064770327,18.687902450561523,0,0,0,0,18
160,8,1,predicted,1326.8741024361284,160.0164163298183,10.269735050278873,-0.3589090498940881,10.165153503417969,0,0,0,0,25
161,0,0,detected,151.54893214205492,284.7205105707617,-1.8163701295852661,0.3900664746761322,2.7879672050476074,0.0,200.49057006835938,303.1173400878906,368.96368408203125,0
161,2,2,detected,1009.834630853901,181.87426239303065,8.39530086517334,-0.08458741754293442,14.963391304016113,990.5780639648438,146.89698791503906,1029.0369873046875,217.0477294921875,0
161,3,0,detected,1198.1679662433116,174.30903426822977,14.590800285339355,-0.30239999294281006,17.83137321472168,1159.38134765625,148.197021484375,1224.0,199.0480499267578,0
161,6,1,predicted,1276.1584079397398,166.71444805492823,17.540742262239252,-0.4829302015256472,18.687902450561523,0,0,0,0,19
161,8,1,predicted,1330.4945038440496,158.8746172897074,10.321744995957845,-0.37531190122503183,10.165153503417969,0,0,0,0,26
162,0,0,detected,151.50678498227617,284.7133744282729,-1.8140065670013428,0.389558881521225,2.784339427947998,0.0,200.4403839111328,302.9396667480469,368.9655456542969,0
162,2,2,detected,1009.8405856251088,181.95539999372622,8.668072700500488,-0.06550180912017822,15.449565887451172,990.6802978515625,146.9948272705078,1029.056884765625,217.20408630371094,0
162,3,0,detected,1207.6397974272113,172.45032058181692,14.942118644714355,-0.3811764717102051,17.981218338012695,1176.68212890625,140.63121032714844,1224.0,199.871337890625,0
162,6,1,predicted,1278.747636651045,166.00041286804571,17.60912503499354,-0.501788213454049,18.687902450561523,0,0,0,0,20
162,8,1,predicted,1334.0360554445792,157.7233517580142,10.372622201441143,-0.39185074623664573,10.165153503417969,0,0,0,0,27
163,0,0,detected,151.52741503029802,284.73514354244077,-1.8199270963668823,0.39083030819892883,2.793426752090454,0.0,200.61268615722656,303.094482421875,368.9554138183594,0
163,2,2,detected,1009.8127731893669,182.00263816837685,8.73111343383789,-0.06597818434238434,15.56192684173584,990.6695556640625,146.9849090576172,1028.9512939453125,217.14956665039062,0
163,3,0,detected,1217.6994783590922,170.5835031838211,19.796459197998047,-0.5618360638618469,23.385408401489258,1198.59912109375,140.64981079101562,1224.0,196.48350524902344,0
163,6,1,predicted,1281.2501396802845,165.28526384756634,17.675217340867572,-0.5206756422622374,18.687902450561523,0,0,0,0,21
163,8,1,predicted,1337.4987572377174,156.56261973473863,10.422366666728765,-0.4085255849289302,10.165153503417969,0,0,0,0,28
164,0,0,detected,151.5618457075152,284.76376577749124,-1.8199270963668823,0.39083030819892883,2.793426752090454,0.0,200.6871795654297,303.1842346191406,368.9594421386719,0
164,2,2,detected,1009.8845085901788,182.02675529362833,8.166857719421387,-0.0617142878472805,14.55622386932373,990.7753295898438,146.9020538330078,1029.162353515625,217.17581176757812,0
164,3,0,predicted,1234.8611605438396,169.63918759605005,20.585050806064324,-0.5076622589240368,23.385408401489258,0,0,0,0,1
164,6,1,predicted,1283.6659170274586,164.5690009934901,17.73901917986135,-0.5395924879502122,18.687902450561523,0,0,0,0,22
164,8,1,predicted,1340.882609223464,155.39242121988076,10.470978391820712,-0.42533641730188493,10.165153503417969,0,0,0,0,29
165,0,0,detected,151.5712040902257,284.74707452644276,-1.8234978914260864,0.3915971517562866,2.79890775680542,0.0,200.4572296142578,303.15521240234375,368.9648132324219,0
165,2,2,detected,1009.9237646404148,182.04637090783862,8.699479103088379,-0.06573913246393204,15.505542755126953,990.806396484375,146.8397979736328,1029.142822265625,217.25473022460938,0
165,3,0,predicted,1252.1935383281934,168.6723980068767,21.15787168474827,-0.5396138623833548,23.385408401489258,0,0,0,0,2
165,6,1,predicted,1285.994968692567,163.851624305817,17.800530551974873,-0.5585387505179736,18.687902450561523,0,0,0,0,23
165,8,1,predicted,1344.1876114018191,154.21275621344057,10.518457376716986,-0.4422832433555098,10.165153503417969,0,0,0,0,30
166,0,0,detected,151.55333852964975,284.78747188163504,-1.8199270963668823,0.39083030819892883,2.793426752090454,0.0,200.76222229003906,303.0714416503906,368.976318359375,0
166,2,2,detected,1009.9447209331232,182.07262734261883,8.514383316040039,-0.06434042751789093,15.175637245178223,990.9308471679688,147.009765625,1029.0223388671875,217.16123962402344,0
166,3,0,predicted,1269.6966117121538,167.68313441630107,21.7363339130826,-0.5723082131674181,23.385408401489258,0,0,0,0,3
166,6,1,predicted,1288.23729467561,163.13313378454706,17.859751457208144,-0.5775144299655215,18.687902450561523,0,0,0,0,24
166,8,1,predicted,1347.4137637727829,153.02362471541807,10.564803621417585,-0.45936606308980477,10.165153503417969,0,0,0,0,31
167,0,0,detected,151.49920265956524,284.76696439247775,-1.8175541162490845,0.390320748090744,2.7897846698760986,0.0,200.47613525390625,302.903076171875,368.9639892578125,0
167,2,2,detected,1010.0428441080135,182.08291993281927,8.387123107910156,-0.06321951746940613,14.911253929138184,991.0970458984375,146.8707733154297,1029.1815185546875,217.25180053710938,0
167,3,0,predicted,1287.3703806957203,166.67139682432312,22.320437491067302,-0.6057453112762274,23.385408401489258,0,0,0,0,4
167,6,1,predicted,1290.3928949765875,162.41352942968024,17.91668189556116,-0.5965195262928559,18.687902450561523,0,0,0,0,25
167,8,1,predicted,1350.561066336355,151.82502672581322,10.610017125922509,-0.47658487650477044,10.165153503417969,0,0,0,0,32
168,0,0,detected,151.4969829608316,284.736204756301,-1.8223060369491577,0.3913412094116211,2.7970783710479736,0.0,200.3709716796875,302.99505615234375,368.9725646972656,0
168,2,2,detected,1010.0657317305348,182.1364239697165,8.243507385253906,-0.06213699281215668,14.655923843383789,990.98193359375,146.96827697753906,1029.19921875,217.4360809326172,0
168,3,0,predicted,1305.2148452788933,165.6371852309429,22.91018241870239,-0.639925156709782,23.385408401489258,0,0,0,0,5
168,6,1,predicted,1292.4617695954994,161.69281124121653,17.971321867033925,-0.6155540394999774,18.687902450561523,0,0,0,0,26
168,8,1,predicted,1353.6295190925357,150.61696224462605,10.654097890231759,-0.4939396836004062,10.165153503417969,0,0,0,0,33
169,0,0,detected,151.5110346138358,284.7363055457845,-1.827082633972168,0.3923669755458832,2.804409980773926,0.0,200.5122833251953,303.05120849609375,368.96514892578125,0
169,2,2,detected,1010.0897818363153,182.21367833188438,7.997023582458496,-0.06027907505631447,14.217706680297852,991.0013427734375,147.20289611816406,1029.2265625,217.44000244140625,0
169,3,0,predicted,1323.2300054616728,164.58049963616037,23.505568695987858,-0.6748477494680819,23.385408401489258,0,0,0,0,6
169,6,1,predicted,1294.4439185323458,160.97097921915596,18.02367137162643,-0.6346179695868855,18.687902450561523,0,0,0,0,27
169,8,1,predicted,1356.6191220413248,149.39943127185657,10.697045914345333,-0.5114304843767121,10.165153503417969,0,0,0,0,34
170,0,0,detected,151.51165362571805,284.7022815526816,-1.8163701295852661,0.3900664746761322,2.7879672050476074,0.0,200.29701232910156,303.0272216796875,368.9743957519531,0
170,2,2,detected,1010.1276354412124,182.2730032392028,8.159675598144531,-0.06150508671998978,14.506880760192871,991.1061401367188,147.3199462890625,1029.2178955078125,217.35113525390625,0
170,3,0,predicted,1341.4158612440588,163.50134003997556,24.106596322923707,-0.7105130895511269,23.385408401489258,0,0,0,0,7
170,6,1,predicted,1296.3393417871266,160.24803336349854,18.073730409338683,-0.6537113165535803,18.687902450561523,0,0,0,0,28
170,8,1,predicted,1359.5298751827224,148.17243380750477,10.738861198263233,-0.5290572788336882,10.165153503417969,0,0,0,0,35
171,0,0,detected,151.52798691202239,284.71021447907464,-1.8234978914260864,0.3915971517562866,2.79890775680542,0.0,200.5041046142578,303.0867004394531,368.9622497558594,0
171,2,2,detected,1010.0959673782729,182.40056804697497,8.596800804138184,-0.06480000168085098,15.284034729003906,991.0642700195312,147.79396057128906,1029.0716552734375,217.395751953125,0
171,3,0,predicted,1359.7724126260512,162.39970644238844,24.71326529950994,-0.7469211769589181,23.385408401489258,0,0,0,0,8
171,6,1,predicted,1298.148039359842,159.52397367424425,18.121498980170685,-0.6728340804000614,18.687902450561523,0,0,0,0,29
171,8,1,predicted,1362.3617785167285,146.93596985157063,10.779543741985457,-0.546820066971335,10.165153503417969,0,0,0,0,36
172,0,0,detected,151.50560811334802,284.7236826874914,-1.8223060369491577,0.3913412094116211,2.7970783710479736,0.0,200.5503387451172,302.97296142578125,368.9626159667969,0
172,2,2,detected,1010.1186947367448,182.54769625612155,7.997023582458496,-0.06027907505631447,14.217706680297852,991.2234497070312,148.11578369140625,1029.0557861328125,217.4163818359375,0
172,3,0,predicted,1378.29965960765,161.27559884339902,25.325575625746552,-0.7840720116914545,23.385408401489258,0,0,0,0,9
172,6,1,predicted,1299.8700112504916,158.7988001513931,18.166977084122426,-0.691986261126329,18.687902450561523,0,0,0,0,30
172,8,1,predicted,1365.114832043343,145.69003940405418,10.819093545512008,-0.564718848789652,10.165153503417969,0,0,0,0,37
173,0,0,detected,151.48864238087654,284.71851642693383,-1.8246911764144897,0.3918534219264984,2.800739288330078,0.0,200.46697998046875,302.9511413574219,368.9561767578125,0
173,2,2,detected,1010.0787432293287,182.58559074023006,8.215372085571289,-0.06192491576075554,14.605903625488281,990.9989624023438,147.68307495117188,1029.08935546875,217.44863891601562,0
173,3,0,predicted,1396.9976021888554,160.12901724300733,25.94352730163355,-0.8219655937487361,23.385408401489258,0,0,0,0,10
173,6,1,predicted,1301.505257459076,158.07251279494508,18.210164721193916,-0.7111678587323832,18.687902450561523,0,0,0,0,31
173,8,1,predicted,1367.7890357625663,144.4346424649554,10.857510608842885,-0.5827536242886391,10.165153503417969,0,0,0,0,38
174,0,0,detected,151.5011696066528,284.7276247140049,-1.8234978914260864,0.3915971517562866,2.79890775680542,0.0,200.5294189453125,303.02899169921875,368.97088623046875,0
174,2,2,detected,1010.1319068809911,182.60287300182753,8.329079627990723,-0.06278201192617416,14.808061599731445,991.0860595703125,147.68333435058594,1029.274169921875,217.39712524414062,0
174,3,0,predicted,1415.8662403696671,158.95996164121334,26.56712032717093,-0.8606019231307631,23.385408401489258,0,0,0,0,11
174,6,1,predicted,1303.0537779855947,157.3451116049002,18.251061891385156,-0.7303788732182239,18.687902450561523,0,0,0,0,32
174,8,1,predicted,1370.3843896743979,143.1697790342743,10.894794931978085,-0.6009243934682963,10.165153503417969,0,0,0,0,39
175,0,0,detected,151.51661423448343,284.72305763850926,-1.8199270963668823,0.39083030819892883,2.793426752090454,0.0,200.45623779296875,303.0630187988281,368.9768371582031,0
175,2,2,detected,1010.0851633247185,182.64065585331218,7.918105125427246,-0.05968421325087547,14.077400207519531,991.1173706054688,147.97959899902344,1028.97021484375,217.2627716064453,0
175,3,0,predicted,1434.9055741500854,157.76843203801704,27.196354702358686,-0.8999809998375361,23.385408401489258,0,0,0,0,12
175,6,1,predicted,1304.5155728300479,156.61659658125845,18.289668594696135,-0.7496193045838518,18.687902450561523,0,0,0,0,33
176,0,0,detected,151.47689235036216,284.72618084839735,-1.8234978914260864,0.3915971517562866,2.79890775680542,0.0,200.50531005859375,302.8863220214844,368.9662170410156,0
176,2,2,detected,1010.076141486676,182.71918076186526,8.271835327148438,-0.062350522726774216,14.70628833770752,991.115478515625,148.12667846679688,1029.025146484375,217.43507385253906,0
176,3,0,predicted,1454.11560353011,156.55442843341845,27.83123042719683,-0.9401028238690542,23.385408401489258,0,0,0,0,13
176,6,1,predicted,1305.8906419924356,155.88696772401983,18.325984831126863,-0.7688891528292663,18.687902450561523,0,0,0,0,34
177,0,0,detected,151.5179974950683,284.71601546622696,-1.8223060369491577,0.3913412094116211,2.7970783710479736,0.0,200.4218292236328,303.11279296875,368.9745788574219,0
177,2,2,detected,1010.1252245616886,182.76423755125464,8.445979118347168,-0.06366316229104996,15.015893936157227,991.3064575195312,148.21412658691406,1029.033447265625,217.28900146484375,0
177,3,0,predicted,1473.4963285097413,155.31795082741758,28.471747501685357,-0.9809673952253177,23.385408401489258,0,0,0,0,14
177,6,1,predicted,1307.1789854727576,155.15622503318434,18.360010600677334,-0.7881884179544673,18.687902450561523,0,0,0,0,35
178,0,0,detected,151.5192127998611,284.7348525847797,-1.827082633972168,0.3923669755458832,2.804409980773926,0.0,200.57130432128906,303.0408935546875,368.982666015625,0
178,2,2,detected,1010.1078162105658,182.78379054415686,8.658648490905762,-0.0652661919593811,15.39399242401123,991.1192016601562,148.0345001220703,1029.0648193359375,217.4013214111328,0
178,3,0,predicted,1493.047749088979,154.05899922001439,29.117905925824264,-1.0225747139063273,23.385408401489258,0,0,0,0,15
178,6,1,predicted,1308.3806032710143,154.424368508752,18.391745903347555,-0.8075170999594548,18.687902450561523,0,0,0,0,36
179,0,0,detected,151.50695569403706,284.7110701083391,-1.8223060369491577,0.3913412094116211,2.7970783710479736,0.0,200.36666870117188,302.992919921875,368.9619140625,0
179,2,2,detected,1010.1408465115218,182.7659737388622,8.357999801635742,-0.06300000101327896,14.859477996826172,991.0908813476562,147.7732391357422,1029.2484130859375,217.48008728027344,0
179,3,0,predicted,1512.769865267823,152.7775736112089,29.769705699613553,-1.0649247799120822,23.385408401489258,0,0,0,0,16
179,6,1,predicted,1309.4954953872054,153.6913981507228,18.421190739137522,-0.8268751988442287,18.687902450561523,0,0,0,0,37
180,0,0,detected,151.48466099875787,284.7176033724199,-1.8140065670013428,0.389558881521225,2.784339427947998,0.0,200.49581909179688,302.9325256347656,368.9749755859375,0
180,2,2,detected,1010.2376033133746,182.73513791637535,8.47571849822998,-0.0638873279094696,15.068766593933105,991.2401733398438,147.84890747070312,1029.398193359375,217.30479431152344,0
180,3,0,predicted,1532.6626770462735,151.47367400100114,30.427146823053224,-1.1080175932425822,23.385408401489258,0,0,0,0,17
180,6,1,predicted,1310.523661821331,152.95731395909672,18.44834510804723,-0.8462627146087892,18.687902450561523,0,0,0,0,38
181,0,0,detected,151.50144790267856,284.70768514783,-1.8163701295852661,0.3900664746761322,2.7879672050476074,0.0,200.41256713867188,303.0361633300781,368.9697265625,0
181,2,2,detected,1010.23224153261,182.76391511529812,8.416448593139648,-0.06344056874513626,14.963391304016113,991.18798828125,148.08055114746094,1029.25146484375,217.389404296875,0
181,3,0,predicted,1552.7261844243305,150.1473003893911,31.090229296143274,-1.1518531538978274,23.385408401489258,0,0,0,0,18
181,6,1,predicted,1311.465102573391,152.22211593387377,18.473209010076694,-0.865679647253137,18.687902450561523,0,0,0,0,39
182,0,0,detected,151.4961427754256,284.7238545251219,-1.8223060369491577,0.3913412094116211,2.7970783710479736,0.0,200.5611572265625,302.9850769042969,368.96142578125,0
182,2,2,detected,1010.2283708203913,182.8098364167097,8.47571849822998,-0.0638873279094696,15.068766593933105,991.1712646484375,148.1990966796875,1029.264404296875,217.432373046875,0
182,3,0,predicted,1572.960387401994,148.79845277637872,31.758953118883714,-1.196431461877819,23.385408401489258,0,0,0,0,19
183,0,0,detected,151.48951366311215,284.6862943877419,-1.8163701295852661,0.3900664746761322,2.7879672050476074,0.0,200.2477264404297,302.9700622558594,368.9776916503906,0
183,2,2,detected,1010.1886484346824,182.79625505736624,8.387123107910156,-0.06321951746940613,14.911253929138184,991.0505981445312,147.8754425048828,1029.2449951171875,217.48411560058594,0
183,3,0,predicted,1593.365285979264,147.42713116196407,32.43331829127453,-1.2417525171825556,23.385408401489258,0,0,0,0,20
184,0,0,detected,151.52425474490238,284.68617883529026,-1.8187397718429565,0.3905753493309021,2.791604518890381,0.0,200.41114807128906,303.11151123046875,368.97576904296875,0
184,2,2,detected,1010.2131258344696,182.75047307153542,8.658648490905762,-0.0652661919593811,15.39399242401123,991.2210083007812,147.79383850097656,1029.2398681640625,217.35679626464844,0
184,3,0,predicted,1613.9408801561403,146.03333554614713,33.113324813315735,-1.2878163198120374,23.385408401489258,0,0,0,0,21
185,0,0,detected,151.55482818417224,284.67109196989253,-1.8223060369491577,0.3913412094116211,2.7970783710479736,0.0,200.3152618408203,303.16082763671875,368.98040771484375,0
185,2,2,detected,1010.2383584745016,182.72783243741122,8.5358304977417,-0.06434042751789093,15.175637245178223,991.109619140625,147.65110778808594,1029.4002685546875,217.56915283203125,0
185,3,0,predicted,1634.6871699326232,144.61706592892787,33.798972685007314,-1.3346228697662654,23.385408401489258,0,0,0,0,22
186,0,0,detected,151.57570117293443,284.6708140561043,-1.831884503364563,0.3933981955051422,2.8117804527282715,0.0,200.38912963867188,303.18194580078125,368.969482421875,0
186,2,2,detected,1010.2146059681784,182.68782120075429,8.566206932067871,-0.0645693987607956,15.229643821716309,991.16064453125,147.62753295898438,1029.214599609375,217.45660400390625,0
186,3,0,predicted,1655.6041553087125,143.17832231030633,34.490261906349275,-1.3821721670452387,23.385408401489258,0,0,0,0,23
187,0,0,detected,151.57268027938582,284.70159898324874,-1.8246911764144897,0.3918534219264984,2.800739288330078,0.0,200.58200073242188,303.1322326660156,368.9630126953125,0
187,2,2,detected,1010.2105940124214,182.6545410111443,8.387123107910156,-0.06321951746940613,14.911253929138184,991.0732421875,147.61297607421875,1029.3316650390625,217.4502716064453,0
187,12,0,detected,495.39129638671875,180.8808135986328,-6.552000045776367,-0.2800000011920929,39.625274658203125,481.4231262207031,172.42990112304688,509.3594665527344,189.33172607421875,0
187,3,0,predicted,1676.6918362844083,141.7171046902825,35.187192477341625,-1.4304642116489572,23.385408401489258,0,0,0,0,24
188,0,0,detected,151.6049422765964,284.70212189770376,-1.8258860111236572,0.39211001992225647,2.8025734424591064,0.0,200.44921875,303.25823974609375,368.9651184082031,0
188,2,2,detected,1010.1641443564038,182.65071090790912,8.445979118347168,-0.06366316229104996,15.015893936157227,991.04931640625,147.6978302001953,1029.1905517578125,217.49261474609375,0
188,12,0,detected,492.4639978883125,180.97320154469625,-7.868903636932373,-0.26012903451919556,46.016448974609375,478.1418151855469,172.31773376464844,505.2618408203125,189.85317993164062,0
188,3,0,predicted,1697.9502128597105,140.23341306885638,35.88976439798435,-1.479499003577421,23.385408401489258,0,0,0,0,25
189,0,0,detected,151.60496810205385,284.72436497078957,-1.8294804096221924,0.3928819000720978,2.8080904483795166,0.0,200.5719757080078,303.1988830566406,368.9740905761719,0
189,2,2,detected,1010.211076644705,182.64773833352314,8.357999801635742,-0.06300000101327896,14.859477996826172,991.1514282226562,147.7465057373047,1029.349609375,217.44839477539062,0
189,12,0,detected,490.63587184228476,181.13387209896615,-7.749000072479248,-0.25200000405311584,44.578433990478516,474.59033203125,172.1683807373047,503.8871765136719,190.6704559326172,0
189,3,0,predicted,1719.3792850346192,138.72724744602795,36.59797766827746,-1.529276542830631,23.385408401489258,0,0,0,0,26
190,0,0,detected,151.6377355059811,284.7093588514722,-1.831884503364563,0.3933981955051422,2.8117804527282715,0.0,200.3871612548828,303.3212890625,368.97174072265625,0
190,2,2,detected,1010.2143018006676,182.70625671879878,8.445979118347168,-0.06366316229104996,15.015893936157227,991.1624145507812,147.9795379638672,1029.263916015625,217.5872802734375,0
190,12,0,detected,488.0270711965729,181.2938287435595,-7.918515682220459,-0.24940206110477448,44.11886215209961,470.6487731933594,172.3313751220703,500.6219482421875,190.93003845214844,0
190,3,0,predicted,1740.9790528091344,137.19860782179722,37.311832288220955,-1.5797968294085858,23.385408401489258,0,0,0,0,27
191,0,0,detected,151.6559414251969,284.6695678091033,-1.8282809257507324,0.39262428879737854,2.8062491416931152,0.0,200.21112060546875,303.328857421875,368.9721984863281,0
191,2,2,detected,1010.2880350178311,182.67780545511548,8.47571849822998,-0.0638873279094696,15.068766593933105,991.2252197265625,147.56155395507812,1029.4700927734375,217.58578491210938,0
191,12,0,detected,484.87207738424706,181.57659231996956,-8.084571838378906,-0.1851428598165512,43.668670654296875,467.0561828613281,172.8456573486328,496.72210693359375,191.59930419921875,0
191,3,0,predicted,1762.749516183256,135.64749419616422,38.03132825781483,-1.631059863311286,23.385408401489258,0,0,0,0,28
192,0,0,detected,151.66828632976205,284.6862001653499,-1.831884503364563,0.3933981955051422,2.8117804527282715,0.0,200.49497985839844,303.34173583984375,368.9605712890625,0
192,2,2,detected,1010.2151087559782,182.65086082048973,8.566206932067871,-0.0645693987607956,15.229643821716309,991.1029052734375,147.62806701660156,1029.184814453125,217.48532104492188,0
192,12,0,detected,481.2266510298092,181.90191551444684,-8.164800643920898,-0.18144001066684723,42.7952995300293,463.9147033691406,173.3756866455078,491.6750183105469,191.9604949951172,0
192,3,0,predicted,1784.690675156984,134.07390656912892,38.75646557705909,-1.6830656445387315,23.385408401489258,0,0,0,0,29
193,0,0,detected,151.60704133892415,284.69231305200253,-1.8246911764144897,0.3918534219264984,2.800739288330078,0.0,200.45172119140625,303.091552734375,368.9681396484375,0
193,2,2,detected,1010.2418056278049,182.62262501160026,8.566206932067871,-0.0645693987607956,15.229643821716309,991.1453857421875,147.51841735839844,1029.3775634765625,217.54615783691406,0
193,12,0,detected,477.767580517516,182.14568661498961,-8.103145599365234,-0.17615534365177155,41.548831939697266,460.248291015625,173.16761779785156,488.90374755859375,192.26553344726562,0
193,3,0,predicted,1806.8025297303186,132.4778449406913,39.487244245953725,-1.7358141730909233,23.385408401489258,0,0,0,0,30
194,0,0,detected,151.55978123507234,284.6950280158182,-1.831884503364563,0.3933981955051422,2.8117804527282715,0.0,200.43743896484375,303.02972412109375,368.9718933105469,0
194,2,2,detected,1010.2375644409861,182.65359642279566,8.753106117248535,-0.06597818434238434,15.56192684173584,991.1531982421875,147.79258728027344,1029.304931640625,217.58587646484375,0
194,12,0,detected,474.8290391751677,182.4848995591878,-7.913271427154541,-0.11304673552513123,39.99560546875,458.34930419921875,173.35667419433594,486.0594177246094,193.2106475830078,0
194,3,0,predicted,1829.0850799032596,130.85930931085142,40.22366426449875,-1.7893054489678601,23.385408401489258,0,0,0,0,31
195,0,0,detected,151.55259505836926,284.6898789066399,-1.827082633972168,0.3923669755458832,2.804409980773926,0.0,200.4023895263672,303.0908508300781,368.96368408203125,0
195,2,2,detected,1010.1796930604272,182.69648637713664,8.5358304977417,-0.06434042751789093,15.175637245178223,991.0398559570312,147.93255615234375,1029.211181640625,217.5753173828125,0
195,12,0,detected,472.181432238992,182.84027140151116,-7.791567802429199,-0.10897297412157059,38.5543212890625,456.01513671875,173.29684448242188,483.7736511230469,194.0341033935547,0
195,3,0,predicted,1851.538325675807,129.21829967960923,40.96572563269415,-1.8435394721695424,23.385408401489258,0,0,0,0,32
196,0,0,detected,151.55650672402902,284.6593867140483,-1.8282809257507324,0.39262428879737854,2.8062491416931152,0.0,200.23541259765625,303.11883544921875,368.9683532714844,0
196,2,2,detected,1010.0476461088508,182.72383408436687,8.39530086517334,-0.06344056874513626,14.963391304016113,990.9491577148438,147.98707580566406,1028.9178466796875,217.50497436523438,0
196,12,0,detected,469.7581549389621,183.0978523366727,-7.9723639488220215,-0.10996364057064056,38.904815673828125,453.6760559082031,172.8453369140625,481.8040466308594,194.49049377441406,0
196,3,0,predicted,1874.162267047961,127.55481604696476,41.713428350539935,-1.8985162426959699,23.385408401489258,0,0,0,0,33
197,0,0,detected,151.60897866185803,284.6984578615654,-1.8294804096221924,0.3928819000720978,2.8080904483795166,0.0,200.59544372558594,303.3070373535156,368.9757385253906,0
197,2,2,detected,1009.9997577011851,182.75997128174018,8.636892318725586,-0.0652661919593811,15.39399242401123,991.0150756835938,148.13519287109375,1028.918212890625,217.4616241455078,0
197,12,0,detected,467.2061222812722,183.4002948324437,-7.798737049102783,-0.0530526340007782,37.53973388671875,450.76025390625,172.7361297607422,479.47064208984375,195.3955841064453,0
197,3,0,predicted,1896.9569040197214,125.86885841291799,42.46677241803611,-1.9542357605471425,23.385408401489258,0,0,0,0,34
198,0,0,detected,151.5928566057886,284.6872362120004,-1.8258860111236572,0.39211001992225647,2.8025734424591064,0.0,200.3583526611328,303.14996337890625,368.9753723144531,0
198,2,2,detected,1010.0221267745583,182.81717357808319,7.840729713439941,-0.059100981801748276,13.939836502075195,991.0941162109375,148.2941436767578,1029.010498046875,217.49681091308594,0
198,12,0,detected,464.8119206159598,183.82329448446916,-7.957894802093506,-0.0530526340007782,37.53973388671875,447.9149169921875,173.30862426757812,477.9399108886719,196.2177734375,0
198,3,0,predicted,1919.9222365910882,124.16042677746893,43.225757835182655,-2.0106980257230607,23.385408401489258,0,0,0,0,35
199,0,0,detected,151.60606451991464,284.6876216975829,-1.8211156129837036,0.39108559489250183,2.7952513694763184,0.0,200.42080688476562,303.2293701171875,368.9634704589844,0
199,2,2,detected,1009.9850755843979,182.83464471779413,8.575200080871582,-0.06480000168085098,15.284034729003906,990.9971313476562,148.13595581054688,1028.92724609375,217.51829528808594,0
199,12,0,detected,462.43932241642045,184.16082780970538,-7.354368209838867,-0.04838399961590767,34.236236572265625,445.2052917480469,173.18833923339844,476.0525207519531,196.55120849609375,0
199,3,0,predicted,1943.0582647620615,122.42952114061757,43.990384601979585,-2.067903038223725,23.385408401489258,0,0,0,0,36
200,0,0,detected,151.5674515732025,284.71376306046756,-1.8223060369491577,0.3913412094116211,2.7970783710479736,0.0,200.5696563720703,303.0614318847656,368.970458984375,0
200,2,2,detected,1009.9357699675658,182.83541491971056,8.08436393737793,-0.06109091266989708,14.409191131591797,990.9863891601562,148.16793823242188,1028.822265625,217.4209442138672,0
200,12,0,detected,460.21222244698157,184.41037853083026,-7.511226177215576,-0.04877419397234917,34.51233673095703,443.1026611328125,172.91476440429688,474.0868225097656,196.8614044189453,0
200,3,0,predicted,1966.3649885326413,120.67614150236392,44.760652718426904,-2.125850798049134,23.385408401489258,0,0,0,0,37
201,0,0,detected,151.55856940542154,284.7227577799856,-1.8199270963668823,0.39083030819892883,2.793426752090454,0.0,200.5101318359375,303.1001892089844,368.9709167480469,0
201,2,2,detected,1009.9650429375789,182.86774565172328,8.132108688354492,-0.06129729747772217,14.457870483398438,991.0055541992188,148.18345642089844,1029.00244140625,217.60289001464844,0
201,12,0,detected,457.8507817424034,184.81336270454153,-7.371000289916992,0.0,33.4338264465332,439.9504699707031,173.53050231933594,472.3669128417969,197.7522735595703,0
201,3,0,predicted,1989.8424079028275,118.90028786270797,45.5365621845246,-2.184541305199289,23.385408401489258,0,0,0,0,38
202,0,0,detected,151.57147277514687,284.6917212612563,-1.8246911764144897,0.3918534219264984,2.800739288330078,0.0,200.2987060546875,303.164794921875,368.9559020996094,0
202,2,2,detected,1010.0594199072141,182.8808048990954,8.132108688354492,-0.06129729747772217,14.457870483398438,991.2634887695312,148.10101318359375,1029.04052734375,217.62974548339844,0
202,12,0,detected,455.5966044944633,185.32450600563214,-7.294534683227539,0.04616794362664223,32.66816711425781,437.5099792480469,173.96360778808594,470.617919921875,198.80039978027344,0
202,13,0,detected,437.7072448730469,183.14810180664062,-12.027273178100586,-0.137454554438591,48.631019592285156,424.61016845703125,173.9982452392578,450.8043212890625,192.29795837402344,0
202,3,0,predicted,2013.4905228726202,117.10196022164973,46.31811300027268,-2.243974559674189,23.385408401489258,0,0,0,0,39
203,0,0,detected,151.61759023613808,284.7002573370912,-1.8246911764144897,0.3918534219264984,2.800739288330078,0.0,200.4664764404297,303.31268310546875,368.9739074707031,0
203,2,2,detected,1010.1140030515451,182.87091838508525,8.721391677856445,-0.06573913246393204,15.505542755126953,991.09423828125,147.9400177001953,1029.2373046875,217.68002319335938,0
203,12,0,detected,453.54895402981435,185.7819105786247,-7.115293979644775,0.044470589607954025,31.467130661010742,435.1845397949219,173.7973175048828,469.3499450683594,199.55612182617188,0
203,13,0,detected,434.92807099829804,183.16293320118072,-12.51795482635498,-0.1406511664390564,49.7619743347168,420.7818908691406,173.53575134277344,447.6270446777344,192.82615661621094,0
204,0,0,detected,151.63223008773562,284.7019251646277,-1.8234978914260864,0.3915971517562866,2.79890775680542,0.0,200.43820190429688,303.2819519042969,368.97503662109375,0
204,2,2,detected,1010.1472908745562,182.85534635198323,8.47571849822998,-0.0638873279094696,15.068766593933105,991.1669921875,147.8770751953125,1029.18701171875,217.69703674316406,0
204,12,0,detected,451.74143487440807,186.32196001458212,-6.851580619812012,0.08458741754293442,29.926782608032227,433.182861328125,174.23208618164062,468.2899169921875,200.5238800048828,0
204,13,0,detected,432.9022174786196,183.19057364240382,-13.514668464660645,-0.14933334290981293,52.833702087402344,416.6721496582031,173.56008911132812,446.0344543457031,192.9193115234375,0
205,0,0,detected,151.61873364742732,284.70982678120777,-1.8223060369491577,0.3913412094116211,2.7970783710479736,0.0,200.48605346679688,303.2049865722656,368.9674987792969,0
205,2,2,detected,1010.268522940879,182.82260920013343,8.948342323303223,-0.06744981557130814,15.909032821655273,991.2735595703125,147.77102661132812,1029.4700927734375,217.67771911621094,0
205,12,0,detected,449.9506361714788,186.7988569612175,-6.8460001945495605,0.08399999886751175,29.718955993652344,431.3915710449219,174.14170837402344,466.61968994140625,201.19261169433594,0
205,13,0,detected,430.5648683075118,183.17910659054783,-13.092141151428223,-0.1423058807849884,50.347408294677734,413.074951171875,173.47671508789062,443.7748718261719,192.83226013183594,0
206,0,0,detected,151.61679316543305,284.70485914747627,-1.8140065670013428,0.389558881521225,2.784339427947998,0.0,200.42530822753906,303.22320556640625,368.9638977050781,0
206,2,2,detected,1010.2929436982652,182.85604434507883,8.5358304977417,-0.06434042751789093,15.175637245178223,991.3447265625,148.15211486816406,1029.2655029296875,217.64480590820312,0
206,12,0,detected,448.3721981551396,187.28002631027965,-6.652800559997559,0.12096001207828522,28.53019905090332,429.85980224609375,174.28990173339844,465.4796447753906,201.9550323486328,0
206,13,0,detected,427.7517820318745,183.25871856003326,-13.626216888427734,-0.14573495090007782,51.56060028076172,409.7552490234375,173.8544464111328,440.4353332519531,193.02908325195312,0
207,0,0,detected,151.63340852555416,284.71140079286624,-1.8163701295852661,0.3900664746761322,2.7879672050476074,0.0,200.4711151123047,303.2890319824219,368.97900390625,0
207,2,2,detected,1010.4118756352724,182.93323630694215,8.329079627990723,-0.04185467213392258,14.808061599731445,991.6508178710938,148.4169464111328,1029.3577880859375,217.70582580566406,0
207,12,0,detected,447.00156613235936,187.70189356954623,-6.738040447235107,0.12177181243896484,28.721675872802734,428.54364013671875,174.082763671875,464.515380859375,202.65855407714844,0
207,13,0,detected,425.5527377714827,183.26755892342553,-13.608000755310059,-0.14400000870227814,50.94678497314453,407.91412353515625,173.43942260742188,439.1101989746094,193.1338348388672,0
208,0,0,detected,151.630060648973,284.74855532858555,-1.827082633972168,0.3923669755458832,2.804409980773926,0.0,200.67340087890625,303.24615478515625,368.9727478027344,0
208,2,2,detected,1010.4696394954768,182.9008260986905,8.785051345825195,-0.06621897965669632,15.618721961975098,991.5025634765625,147.92068481445312,1029.5018310546875,217.67691040039062,0
208,12,0,detected,446.06570569520903,188.19853073465023,-6.2748003005981445,0.15120001137256622,26.747060775756836,427.84515380859375,174.3697967529297,464.20648193359375,203.64431762695312,0
208,13,0,detected,422.6671515588184,183.36444945155327,-13.115326881408691,-0.13591012358665466,48.0846061706543,403.3836975097656,173.71829223632812,436.6153564453125,193.47683715820312,0
209,0,0,detected,151.6191829790997,284.7613509937663,-1.8234978914260864,0.3915971517562866,2.79890775680542,0.0,200.583251953125,303.2122802734375,368.9795227050781,0
209,2,2,detected,1010.5288964621566,182.89010608497202,8.721391677856445,-0.06573913246393204,15.505542755126953,991.48583984375,148.11773681640625,1029.6337890625,217.5602264404297,0
209,12,0,detected,445.6993556582559,188.7056681158445,-6.084654808044434,0.14661818742752075,25.93654441833496,427.4527587890625,174.2382049560547,464.9415283203125,204.75929260253906,0
209,13,0,detected,419.98124083141096,183.44172649983787,-12.158349990844727,-0.12470103055238724,44.11886215209961,400.0157470703125,173.49998474121094,435.10540771484375,193.74960327148438,0
210,0,0,detected,151.65422334459046,284.80086676385093,-1.8151875734329224,0.38981252908706665,2.7861521244049072,0.0,200.77883911132812,303.36328125,368.96771240234375,0
210,2,2,detected,1010.6548474200433,182.82117456409364,8.596800804138184,-0.06480000168085098,15.284034729003906,991.799072265625,147.72669982910156,1029.681640625,217.5856475830078,0
210,12,0,detected,446.23348985833115,189.12030846147942,-6.011566638946533,0.14573495090007782,25.78030014038086,427.9352111816406,174.11561584472656,467.1594543457031,205.2099609375,0
210,13,0,detected,417.21103026462225,183.58464971115907,-12.345402717590332,-0.12470103055238724,44.11886215209961,396.3780517578125,173.58888244628906,433.1473388671875,194.2612762451172,0
211,0,0,detected,151.5968331461033,284.7945731235725,-1.8140065670013428,0.389558881521225,2.784339427947998,0.0,200.55975341796875,303.0850524902344,368.9784851074219,0
211,2,2,detected,1010.654200081576,182.7755391729467,8.387123107910156,-0.06321951746940613,14.911253929138184,991.5950317382812,147.66702270507812,1029.6522216796875,217.67176818847656,0
211,12,0,detected,447.54477500793473,189.5845229898796,-5.665655612945557,0.17379312217235565,24.594999313354492,428.7396545410156,173.94448852539062,470.298828125,206.47035217285156,0
211,13,0,detected,414.53800311611906,183.78747194003537,-12.096000671386719,-0.06048000603914261,42.7952995300293,393.45751953125,173.8621826171875,431.02276611328125,194.6715850830078,0
212,0,0,detected,151.65270725112904,284.8000526158895,-1.8223060369491577,0.3913412094116211,2.7970783710479736,0.0,200.6170196533203,303.39984130859375,368.9825134277344,0
212,2,2,detected,1010.6670515549112,182.72425743264427,8.658648490905762,-0.0652661919593811,15.39399242401123,991.614990234375,147.5221405029297,1029.68408203125,217.70729064941406,0
212,12,0,detected,449.55055301712326,189.95769743705847,-5.467118740081787,0.17084746062755585,24.17813491821289,428.5362548828125,173.39932250976562,475.6075134277344,207.28042602539062,0
212,13,0,detected,411.6490250451374,184.04682966412483,-12.528000831604004,-0.0617142878472805,43.668670654296875,390.8403625488281,174.23565673828125,427.5631103515625,195.06910705566406,0
213,0,0,detected,151.69649052914315,284.8079936720559,-1.8246911764144897,0.3918534219264984,2.800739288330078,0.0,200.6573944091797,303.4595947265625,368.9673156738281,0
213,2,2,detected,1010.6252937849074,182.69973549605356,8.689906120300293,-0.06550180912017822,15.449565887451172,991.5300903320312,147.62461853027344,1029.5924072265625,217.68081665039062,0
213,12,0,detected,452.911277372873,190.26982638483588,-5.072516441345215,0.16258065402507782,23.008224487304688,429.1156005859375,172.91845703125,483.97454833984375,208.0604705810547,0
213,13,0,detected,408.28108797287,184.1904204177321,-12.154719352722168,-0.058718446642160416,41.548831939697266,386.82293701171875,174.06307983398438,424.0596008300781,194.93905639648438,0
214,0,0,detected,151.6464632092783,284.8278077713541,-1.8223060369491577,0.3913412094116211,2.7970783710479736,0.0,200.72349548339844,303.1927490234375,368.9875183105469,0
214,2,2,detected,1010.5754821805356,182.68586857469086,8.329079627990723,-0.06278201192617416,14.808061599731445,991.3781127929688,147.6938018798828,1029.638916015625,217.6355743408203,0
214,12,0,detected,457.360527620989,190.51037933370915,-4.756500244140625,0.1574999988079071,22.289216995239258,431.1983947753906,172.6227569580078,492.39361572265625,208.4814910888672,0
214,13,0,detected,404.93816545516825,184.45986655872423,-11.86990737915039,0.0,39.99560546875,383.91510009765625,174.64422607421875,420.4874572753906,195.48509216308594,0
215,0,0,detected,151.66911059480603,284.85681153421075,-1.8234978914260864,0.3915971517562866,2.79890775680542,0.0,200.83139038085938,303.3703918457031,368.9701843261719,0
215,2,2,detected,1010.5845661904763,182.71843174226402,8.62761402130127,-0.06503225862979889,15.33881664276123,991.4456176757812,147.9408721923828,1029.6998291015625,217.6464385986328,0
215,12,0,detected,463.14648868950934,190.68385679170382,-4.420873165130615,0.15350255370140076,21.723501205444336,433.882080078125,172.3659210205078,503.2202453613281,208.76849365234375,0
215,13,0,detected,401.644568788914,184.58332324023394,-11.928000450134277,-0.0560000017285347,39.625274658203125,380.2022705078125,173.95401000976562,417.869384765625,195.6887664794922,0
216,0,0,detected,151.69359771256183,284.8421482296121,-1.8163701295852661,0.3900664746761322,2.7879672050476074,0.0,200.61282348632812,303.4200439453125,368.97601318359375,0
216,2,2,detected,1010.5719148908195,182.75291626927782,8.689906120300293,-0.06550180912017822,15.449565887451172,991.4376831054688,147.92132568359375,1029.6458740234375,217.73452758789062,0
216,12,0,detected,470.6127293842787,190.72237808384858,-3.9828295707702637,0.14751219749450684,20.875755310058594,438.9516296386719,171.4882049560547,515.5001831054688,209.12728881835938,0
216,13,0,detected,398.25318276202506,184.761464351079,-12.265571594238281,0.0,39.99560546875,376.7486572265625,174.0401611328125,414.5206298828125,196.20416259765625,0
217,0,0,detected,151.71786258452593,284.8443586176456,-1.831884503364563,0.3933981955051422,2.8117804527282715,0.0,200.69195556640625,303.465576171875,368.97515869140625,0
217,2,2,detected,1010.5737375320296,182.7913227917471,8.785051345825195,-0.06621897965669632,15.618721961975098,991.4876098632812,148.0889434814453,1029.628173828125,217.65110778808594,0
217,12,0,detected,479.661572882009,190.7381777665602,-3.6521739959716797,0.14608696103096008,20.674057006835938,444.731689453125,170.8877716064453,529.881591796875,209.689208984375,0
217,13,0,detected,394.7750361480758,184.95423498374117,-12.320000648498535,0.0,39.625274658203125,373.2513427734375,174.0080108642578,411.0746765136719,196.66748046875,0
218,0,0,detected,151.71969881097422,284.8396150474033,-1.8140065670013428,0.389558881521225,2.784339427947998,0.0,200.6381072998047,303.4281311035156,368.99212646484375,0
218,2,2,detected,1010.5206323315441,182.84201871361103,8.5358304977417,-0.06434042751789093,15.175637245178223,991.3430786132812,148.18130493164062,1029.573486328125,217.7005157470703,0
218,12,0,detected,490.4124712722811,190.78667812791647,-3.2544002532958984,0.14400000870227814,20.378713607788086,451.97552490234375,170.36236572265625,546.2503051757812,210.4886474609375,0
218,13,0,detected,391.5020487791637,185.16009659766777,-11.935433387756348,0.0,37.871944427490234,369.573974609375,173.95152282714844,408.7798767089844,197.17079162597656,0
219,0,0,detected,151.68204249016392,284.8660276081124,-1.8282809257507324,0.39262428879737854,2.8062491416931152,0.0,200.84176635742188,303.2852783203125,368.9698486328125,0
219,2,2,detected,1010.5385868903378,182.8111122069946,8.505667686462402,-0.0641130730509758,15.122013092041016,991.5172729492188,147.81068420410156,1029.5662841796875,217.66717529296875,0
219,12,0,detected,503.4187617137827,190.93605960679233,-2.9788658618927,0.1504477709531784,21.29119300842285,462.5798034667969,170.42823791503906,564.5789794921875,211.1844482421875,0
219,13,0,detected,388.29514503652734,185.47108192266668,-12.204000473022461,0.05400000140070915,38.210086822509766,366.6306457519531,174.5824737548828,405.61309814453125,197.6255645751953,0
220,0,0,detected,151.692709773626,284.85386782036255,-1.8223060369491577,0.3913412094116211,2.7970783710479736,0.0,200.64877319335938,303.39544677734375,368.9764404296875,0
220,2,2,detected,1010.5332344517393,182.81711518947841,8.445979118347168,-0.06366316229104996,15.015893936157227,991.536865234375,147.94932556152344,1029.4949951171875,217.70077514648438,0
220,12,0,detected,518.206625390148,191.1207697505754,-2.3026790618896484,0.16645872592926025,19.630870819091797,474.55755615234375,170.6009979248047,584.0150756835938,211.53536987304688,0
220,13,0,detected,385.0312748687771,185.73436615639378,-12.310088157653809,0.053522124886512756,37.871944427490234,363.0176696777344,174.48272705078125,402.77154541015625,197.98153686523438,0
221,0,0,detected,151.69226372432365,284.8698267533343,-1.8151875734329224,0.38981252908706665,2.7861521244049072,0.0,200.78594970703125,303.3745422363281,368.98974609375,0
221,2,2,detected,1010.4866763700707,182.79159846855586,8.596800804138184,-0.06480000168085098,15.284034729003906,991.3622436523438,147.83216857910156,1029.5076904296875,217.6397247314453,0
221,12,0,detected,534.924026985016,191.40179522270276,-1.806190013885498,0.164199098944664,19.36438751220703,488.3225402832031,170.79823303222656,605.605224609375,212.3060302734375,0
221,13,0,detected,381.52883358833566,186.02194615391707,-12.47065544128418,0.053522124886512756,37.871944427490234,358.488037109375,174.2994842529297,400.039306640625,198.81214904785156,0
222,0,0,detected,151.6714130279591,284.86374718661585,-1.827082633972168,0.3923669755458832,2.804409980773926,0.0,200.68858337402344,303.29827880859375,368.98272705078125,0
222,2,2,detected,1010.4083435373561,182.81879905316717,8.5358304977417,-0.06434042751789093,15.175637245178223,991.3323974609375,147.9346466064453,1029.33349609375,217.81370544433594,0
222,12,0,detected,551.6507866449061,191.58310126230427,-1.3745454549789429,0.16494545340538025,19.452407836914062,505.3665466308594,170.67132568359375,620.3394775390625,212.34109497070312,0
222,13,0,detected,377.8088508754451,186.2697269186794,-12.464139938354492,0.05259130522608757,37.21330261230469,353.9075622558594,174.1127471923828,396.98455810546875,199.26502990722656,0
223,0,0,detected,151.62441602979854,284.8336840787311,-1.8104727268218994,0.3887999951839447,2.7789154052734375,0.0,200.5325164794922,303.16241455078125,368.9849548339844,0
223,2,2,detected,1010.3774256945649,182.8716776061829,8.658648490905762,-0.0652661919593811,15.39399242401123,991.452392578125,148.1356964111328,1029.2445068359375,217.81591796875,0
223,12,0,detected,564.7302314151282,191.61844661905985,-1.0923700332641602,0.1598590463399887,18.852554321289062,523.8146362304688,170.3252716064453,619.9473876953125,212.1363067626953,0
223,13,0,detected,374.09271802561045,186.5665048963425,-12.2484712600708,0.10164707154035568,35.96243667602539,349.8634948730469,174.18203735351562,393.8324890136719,199.97515869140625,0
224,0,0,detected,151.66840962852635,284.8365025499333,-1.8116493225097656,0.38905268907546997,2.7807211875915527,0.0,200.68826293945312,303.4136047363281,368.9775695800781,0
224,2,2,detected,1010.3687220941829,182.9857281490903,8.5358304977417,-0.04289361834526062,15.175637245178223,991.4691772460938,148.6551971435547,1029.253173828125,217.75840759277344,0
224,12,0,detected,576.3621871664916,191.43600535499516,-2.568328857421875,0.4142465889453888,58.623695373535156,542.9273681640625,169.34780883789062,620.3499755859375,211.86563110351562,0
224,13,0,detected,370.14917097649504,186.87495258579148,-11.854080200195312,0.09676799923181534,34.236236572265625,345.3253479003906,174.1367950439453,390.29559326171875,200.64157104492188,0
225,0,0,detected,151.66451066178334,284.81133390799573,-1.827082633972168,0.3923669755458832,2.804409980773926,0.0,200.52340698242188,303.3177490234375,368.97918701171875,0
225,2,2,detected,1010.4387882672779,183.1167423672508,8.47571849822998,-0.04259154945611954,15.068766593933105,991.5909423828125,148.8436279296875,1029.4088134765625,217.87049865722656,0
225,12,0,detected,587.8633436952533,191.36861467191045,-0.5125423669815063,0.1281355917453766,18.13360023498535,564.9774169921875,169.15640258789062,620.0823974609375,212.499755859375,0
225,13,0,detected,366.0197441761273,187.25682109556513,-11.765250205993652,0.09450000524520874,33.4338264465332,340.4375915527344,174.1470489501953,386.8353271484375,201.67636108398438,0
225,14,0,detected,468.30712890625,181.2807159423828,-7.8460540771484375,-0.21794594824314117,38.5543212890625,455.1441650390625,170.71194458007812,481.4700927734375,191.8494873046875,0
226,0,0,detected,151.681430080411,284.7959602195201,-1.8234978914260864,0.3915971517562866,2.79890775680542,0.0,200.5370330810547,303.3883056640625,368.98248291015625,0
226,2,2,detected,1010.5492852591648,183.1950609395014,8.566206932067871,-0.043046265840530396,15.229643821716309,991.7175903320312,148.80953979492188,1029.564208984375,217.81466674804688,0
226,12,0,detected,600.1442048854476,191.6853155682862,-0.24192002415657043,0.20736002922058105,24.454456329345703,590.2211303710938,170.49246215820312,619.8328857421875,213.46786499023438,0
226,13,0,detected,361.702713331735,187.57969525762664,-12.241151809692383,0.1451520025730133,34.236236572265625,335.342041015625,173.8508758544922,383.2231140136719,202.28488159179688,0
226,14,0,detected,466.8496964117872,181.59219244950216,-7.884000301361084,-0.2160000056028366,38.210086822509766,452.95269775390625,171.322509765625,479.9877624511719,192.61878967285156,0
227,0,0,detected,151.76011727428903,284.7940963818091,-1.8211156129837036,0.39108559489250183,2.7952513694763184,0.0,200.59747314453125,303.6502685546875,368.9779052734375,0
227,2,2,detected,1010.6741133636788,183.17971723272385,8.689906120300293,-0.04366787150502205,15.449565887451172,991.8326416015625,148.50018310546875,1029.7100830078125,217.697509765625,0
227,13,0,detected,357.2515336692635,187.99787331308804,-12.190500259399414,0.1417500078678131,33.4338264465332,329.9908142089844,174.31565856933594,379.7143859863281,203.02883911132812,0
227,14,0,detected,465.889222127467,181.87782453589298,-7.664276123046875,-0.15641379356384277,36.89249801635742,451.5856018066406,171.66244506835938,478.72454833984375,193.10745239257812,0
227,12,0,predicted,607.4228412243293,191.87131156570507,-0.15818661166754647,0.2374725342866526,24.454456329345703,0,0,0,0,1
228,0,0,detected,151.7557286947618,284.7796201332312,-1.8234978914260864,0.3915971517562866,2.79890775680542,0.0,200.53050231933594,303.4886474609375,368.9659423828125,0
228,2,2,detected,1010.7357157261014,183.16074403451753,8.271835327148438,-0.041567012667655945,14.70628833770752,991.8342895507812,148.482421875,1029.7080078125,217.6724853515625,0
228,13,0,detected,352.5557363426949,188.50264822970064,-11.566248893737793,0.17658394575119019,31.237443923950195,324.7397155761719,174.85232543945312,375.4280700683594,203.81202697753906,0
228,14,0,detected,464.6117531617661,182.0500297968452,-7.6368818283081055,-0.15376271307468414,36.2672004699707,449.6112060546875,171.64376831054688,477.27093505859375,193.17771911621094,0
228,12,0,predicted,614.9049333339374,192.05895036335215,0.100394498800914,0.24395733131290717,24.454456329345703,0,0,0,0,2
229,0,0,detected,151.8021613838319,284.7651830110076,-1.8104727268218994,0.3887999951839447,2.7789154052734375,0.0,200.5,303.67047119140625,368.97222900390625,0
229,2,2,detected,1010.6316811040111,183.11338725159106,8.159675598144531,-0.06150508671998978,14.506880760192871,991.7479248046875,148.12582397460938,1029.294921875,217.83016967773438,0
229,13,0,detected,347.64507626132996,189.042815048548,-11.371943473815918,0.17036619782447815,30.13753318786621,318.522216796875,175.01853942871094,371.7555236816406,204.7880096435547,0
229,14,0,detected,463.1891357287482,182.27601274973853,-7.610400199890137,-0.15119999647140503,35.66274642944336,447.7487487792969,171.5296173095703,475.9441223144531,194.04788208007812,0
229,12,0,predicted,622.5904812142719,192.24823196122745,0.36600704090038944,0.2504989035166209,24.454456329345703,0,0,0,0,3
230,0,0,detected,151.7860362356511,284.755372067711,-1.8187397718429565,0.3905753493309021,2.791604518890381,0.0,200.5037078857422,303.5252380371094,368.9718933105469,0
230,2,2,detected,1010.5912915138006,183.12422828411286,8.132108688354492,-0.040864866226911545,14.457870483398438,991.8970947265625,148.44227600097656,1029.190185546875,217.78866577148438,0
230,13,0,detected,342.4291053950977,189.58085602571992,-11.546182632446289,0.21146854758262634,29.926782608032227,312.0999450683594,175.1969451904297,367.53314208984375,205.57363891601562,0
230,14,0,detected,461.7989980087571,182.50291952211785,-7.535213470458984,-0.09914755076169968,35.0781135559082,446.24658203125,171.45338439941406,474.75146484375,194.6117401123047,0
230,12,0,predicted,630.4794848653328,192.43915635933095,0.6386510146308759,0.25709725089779384,24.454456329345703,0,0,0,0,4
231,0,0,detected,151.8141992417121,284.7192370422931,-1.8234978914260864,0.3915971517562866,2.79890775680542,0.0,200.31307983398438,303.66094970703125,368.9866943359375,0
231,2,2,detected,1010.5793792791499,183.01421991288012,8.329079627990723,-0.06278201192617416,14.808061599731445,991.6923828125,147.83905029296875,1029.4268798828125,217.68450927734375,0
231,13,0,detected,337.0720866280463,190.0507889916003,-11.061473846435547,0.19894737005233765,28.154800415039062,305.6801452636719,175.28453063964844,363.3504638671875,206.02606201171875,0
231,14,0,detected,460.438771786317,182.76081163114048,-7.2861738204956055,-0.09524410218000412,33.697086334228516,444.59857177734375,171.70449829101562,473.7825012207031,195.031005859375,0
231,12,0,predicted,638.57194428712,192.63172355766267,0.9183264199923734,0.2637523734564258,24.454456329345703,0,0,0,0,5
232,0,0,detected,151.8470470359027,284.6829433003304,-1.8234978914260864,0.3915971517562866,2.79890775680542,0.0,200.26861572265625,303.73199462890625,368.9680480957031,0
232,2,2,detected,1010.5958004996929,182.94168294372494,8.915200233459473,-0.06720000505447388,15.850110054016113,991.5478515625,147.90403747558594,1029.6558837890625,217.66090393066406,0
232,13,0,detected,330.6602308044035,190.60575337717722,-11.34000015258789,0.2387368530035019,28.154800415039062,296.1336975097656,175.23638916015625,358.55303955078125,207.47119140625,0
232,14,0,detected,459.0532542207375,183.08681424504405,-7.266976356506348,-0.0937674418091774,33.17464828491211,442.9805603027344,171.82583618164062,472.63189697265625,195.8832550048828,0
232,12,0,predicted,646.8678594796336,192.8259335562226,1.205033256984882,0.27046427119251704,24.454456329345703,0,0,0,0,6
233,0,0,detected,151.8746404601815,284.63884199747184,-1.827082633972168,0.3923669755458832,2.804409980773926,0.0,200.1475830078125,303.7749328613281,368.97906494140625,0
233,2,2,detected,1010.4748574591223,182.90738534422772,8.18742847442627,-0.0617142878472805,14.55622386932373,991.2686157226562,147.80101013183594,1029.45556640625,217.8728790283203,0
233,12,0,detected,869.9970716765652,185.32917448688767,7.357090473175049,-0.0785454586148262,18.52610206604004,869.9928588867188,158.34603881835938,917.6001586914062,205.83822631835938,0
233,13,0,detected,324.58322665219447,191.1795878802245,-12.307469367980957,0.25376227498054504,29.926782608032227,290.33087158203125,175.214599609375,353.2792663574219,208.6195831298828,0
233,14,0,detected,457.6599991156896,183.48458004901303,-7.147637367248535,-0.045818183571100235,32.42068099975586,441.5159912109375,172.0902862548828,471.3500671386719,196.73988342285156,0
234,0,0,detected,151.87936025453317,284.60850875143024,-1.8258860111236572,0.39211001992225647,2.8025734424591064,0.0,200.1567840576172,303.7425842285156,368.9763488769531,0
234,2,2,detected,1010.3060645599367,182.88982102581517,8.243507385253906,-0.06213699281215668,14.655923843383789,990.9873046875,147.85008239746094,1029.33349609375,217.8675537109375,0
234,12,0,detected,900.9240765031489,184.1794655575135,7.5536208152771,-0.051037974655628204,18.057086944580078,870.0890502929688,159.3716278076172,947.4178466796875,206.79208374023438,0
234,13,0,detected,318.87805929596993,191.72012500426158,-11.188799858093262,0.26460000872612,26.747060775756836,284.747802734375,175.1886749267578,348.54974365234375,209.47727966308594,0
234,14,0,detected,456.36697532854623,183.8921800504464,-7.086089611053467,-0.04513432830572128,31.93678855895996,440.0015563964844,172.1986541748047,470.52813720703125,197.45657348632812,0
235,0,0,detected,151.82965334917233,284.6495868795966,-1.8258860111236572,0.39211001992225647,2.8025734424591064,0.0,200.53370666503906,303.550048828125,368.9772644042969,0
235,2,2,detected,1010.2656538864591,182.89652864424755,8.104727745056152,-0.06109091266989708,14.409191131591797,991.1021728515625,148.03826904296875,1029.381103515625,217.79689025878906,0
235,12,0,detected,922.0161302021878,183.74457211586838,8.046695709228516,-0.051914166659116745,18.367080688476562,869.8443603515625,160.33526611328125,975.737060546875,206.51991271972656,0
235,13,0,detected,312.4658127093782,192.45000603129498,-10.592740058898926,0.27967628836631775,24.737165451049805,276.6668395996094,175.45703125,342.93048095703125,211.38699340820312,0
235,14,0,detected,455.31020946417175,184.26678371739254,-6.8747053146362305,0.0,30.78798484802246,438.9432373046875,172.2146453857422,469.9798583984375,197.9862060546875,0
236,0,0,detected,151.7213505018418,284.6869889770499,-1.8258860111236572,0.39211001992225647,2.8025734424591064,0.0,200.58663940429688,303.2400817871094,368.9709167480469,0
236,2,2,detected,1010.6967760182353,182.81643074898153,8.264219284057617,-0.06213699281215668,14.655923843383789,992.4887084960938,148.0535430908203,1029.674072265625,217.26954650878906,0
236,12,0,detected,939.0747325619296,183.07539462724293,8.105826377868652,-0.07528631389141083,17.75738525390625,869.2584228515625,158.8174285888672,1002.6873779296875,205.83428955078125,0
236,13,0,detected,305.28294191565305,193.0695168478588,-7.747438430786133,0.19993390142917633,17.68400764465332,267.59893798828125,175.38987731933594,336.7138977050781,212.08074951171875,0
236,14,0,detected,454.3526710719723,184.5755694238896,-6.918216228485107,0.0,30.78798484802246,437.857421875,172.1710968017578,469.3854064941406,198.28692626953125,0
237,0,0,detected,151.58934480135972,284.72742526840955,-1.827082633972168,0.3923669755458832,2.804409980773926,0.0,200.6612091064453,302.95001220703125,368.9776611328125,0
237,2,2,detected,1010.0679328168085,182.7214721599118,8.27950382232666,-0.06256552040576935,14.756999015808105,989.3562622070312,148.19630432128906,1029.666259765625,216.90020751953125,0
237,12,0,detected,956.4216620762813,182.64053628535922,8.216606140136719,-0.07228685170412064,17.04991912841797,874.5901489257812,158.29637145996094,1032.1220703125,206.4298095703125,0
237,13,0,detected,297.70775572542914,193.8129997302175,-7.1496806144714355,0.2023494392633438,15.909032821655273,257.67645263671875,175.6969757080078,331.3137512207031,213.67967224121094,0
237,14,0,detected,453.8759606047586,184.9738856685105,-6.724699974060059,0.0,29.926782608032227,437.6531982421875,172.4044647216797,469.5934753417969,199.24490356445312,0
238,0,0,detected,151.56542632550878,284.8035909392922,-1.8234978914260864,0.3915971517562866,2.79890775680542,0.0,200.9436492919922,303.1056213378906,368.9797058105469,0
238,2,2,detected,1010.2907985484597,182.45932811969303,8.271835327148438,-0.08313402533531189,14.70628833770752,991.8927612304688,146.66830444335938,1029.1253662109375,217.25494384765625,0
238,12,0,detected,980.6677751534038,182.1705288573418,8.596965789794922,-0.09268965572118759,16.396665573120117,902.1619262695312,157.86056518554688,1064.41748046875,205.85398864746094,0
238,13,0,detected,289.5747947852362,194.614446169412,-8.113777160644531,0.24888889491558075,17.61123275756836,247.9029541015625,175.7925262451172,324.3868408203125,215.29515075683594,0
238,14,0,detected,454.0048927357312,185.2890629572648,-6.5005717277526855,0.0,29.11244773864746,438.22796630859375,172.21405029296875,470.4439392089844,199.618408203125,0
239,0,0,detected,151.58683914427147,284.8564872470977,-1.827082633972168,0.3923669755458832,2.804409980773926,0.0,200.92913818359375,303.2291564941406,368.9841613769531,0
239,2,2,detected,1011.0403698632588,182.6030319776099,7.734461307525635,-0.058153845369815826,13.71644115447998,994.1434326171875,148.79815673828125,1029.2510986328125,217.12503051757812,0
239,12,0,detected,1003.3103915482593,182.11760300319244,7.830358028411865,-0.06007947400212288,14.170628547668457,927.65869140625,157.97291564941406,1080.2099609375,207.37899780273438,0
239,13,0,detected,280.7675337378245,195.50339534327594,-9.467663764953613,0.3108785152435303,19.997802734375,236.5592041015625,175.87306213378906,317.52423095703125,217.21336364746094,0
239,14,0,detected,454.71137190820207,185.60190913656808,-6.330240249633789,0.04032000154256821,28.53019905090332,439.17254638671875,172.20098876953125,471.9895324707031,200.2068328857422,0
240,0,0,detected,151.62517953488214,284.9711215064044,-1.8211156129837036,0.3950359523296356,2.7952513694763184,0.0,201.40928649902344,303.3316650390625,368.9683837890625,0
240,2,2,detected,1010.2972029750515,182.5944420209791,6.959583282470703,-0.05259130522608757,12.404434204101562,989.9191284179688,148.15594482421875,1029.320068359375,217.08963012695312,0
240,12,0,detected,1033.9839828694812,181.4471845955584,8.32329273223877,-0.09723472595214844,13.76054573059082,957.9552612304688,157.12533569335938,1123.9664306640625,204.39039611816406,0
240,13,0,detected,272.01999485943116,196.5053112125875,-10.198588371276855,0.3557646870613098,20.978086471557617,224.99085998535156,176.30999755859375,312.35809326171875,219.08843994140625,0
240,14,0,detected,455.9406650158541,185.94111374214245,-5.895849227905273,0.0380377359688282,26.915281295776367,439.6024169921875,172.05821228027344,474.9538879394531,201.1129150390625,0
241,0,0,detected,151.73406323574406,285.13729122652,-1.8294804096221924,0.39685043692588806,2.8080904483795166,0.0,201.92672729492188,303.6656188964844,368.9603271484375,0
241,2,2,detected,1009.571172989818,182.85122941829346,8.462925910949707,-0.0427420511841774,15.122013092041016,989.8800048828125,149.32644653320312,1028.0352783203125,217.50466918945312,0
241,12,0,detected,1066.1904270385728,180.5231607194085,10.891125679016113,-0.1417500078678131,16.7169132232666,991.484375,155.46322631835938,1155.48779296875,203.33840942382812,0
241,13,0,detected,262.6088266090081,197.6718591168321,-10.099019050598145,0.39939621090888977,20.186460494995117,211.71273803710938,176.97242736816406,306.2732849121094,221.25758361816406,0
241,14,0,detected,457.5349897381147,186.25816406369873,-5.8197736740112305,0.0380377359688282,26.915281295776367,439.9750061035156,171.88902282714844,478.37109375,201.7665252685547,0
242,0,0,detected,151.81989111209737,285.2618284490529,-1.8246911764144897,0.3958114981651306,2.800739288330078,0.0,201.97445678710938,303.7833557128906,368.9490051269531,0
242,2,2,detected,1009.8546989451212,182.80538481318698,8.300358772277832,-0.06256552040576935,14.756999015808105,991.6423950195312,148.06272888183594,1028.671875,217.37847900390625,0
242,12,0,detected,1094.0956761333164,179.60219840533335,13.305601119995117,-0.1924363672733307,19.452407836914062,1008.1966552734375,154.34544372558594,1185.2088623046875,202.8408203125,0
242,13,0,detected,251.4228786681916,199.0589863044641,-10.153982162475586,0.416146844625473,19.630870819091797,198.57159423828125,177.45054626464844,294.6093444824219,224.24598693847656,0
242,14,0,detected,459.95006238409184,186.59277872713778,-5.565644264221191,0.07420859485864639,26.254783630371094,441.4458923339844,171.78598022460938,483.1575012207031,202.57839965820312,0
243,0,0,detected,151.9550140998476,285.3308237899484,-1.8231192827224731,0.3963302969932556,2.804409980773926,0.0,201.84136962890625,304.1279296875,368.96484375,0
243,2,2,detected,1010.1303134872245,182.7671571579612,8.445979118347168,-0.06366316229104996,15.015893936157227,991.5634765625,147.74163818359375,1029.247314453125,217.66697692871094,0
243,12,0,detected,1123.2434060526712,178.5515255056412,13.515965461730957,-0.21036522090435028,18.606651306152344,1038.88623046875,152.80577087402344,1213.593505859375,201.96524047851562,0
243,13,0,detected,239.29914341950246,200.62499428845499,-10.251766204833984,0.46105828881263733,19.190715789794922,182.83705139160156,178.52223205566406,285.318115234375,226.77047729492188,0
243,14,0,detected,462.9684164691457,187.06313243085228,-5.080320358276367,0.06912000477313995,24.454456329345703,442.6020812988281,172.10032653808594,488.99395751953125,203.79148864746094,0
244,0,0,detected,152.06888338332124,285.40047721756514,-1.8147945404052734,0.3945205807685852,2.791604518890381,0.0,201.9712677001953,304.3025817871094,368.963134765625,0
244,2,2,detected,1010.3149028547025,182.6674357182605,8.566206932067871,-0.0645693987607956,15.229643821716309,991.510498046875,147.4712677001953,1029.4742431640625,217.49978637695312,0
244,12,0,detected,1146.6606416597963,177.55461172448918,14.49340534210205,-0.24518918991088867,19.27716064453125,1064.12109375,151.87608337402344,1224.0,201.34451293945312,0
244,13,0,detected,226.44037568963438,202.12400832505614,-10.149219512939453,0.4672274887561798,18.367080688476562,166.93722534179688,178.2978973388672,275.15789794921875,229.39511108398438,0
244,14,0,detected,466.50031008597006,187.5322008379902,-4.914000034332275,0.10309091955423355,24.315509796142578,445.1206359863281,172.28396606445312,494.276123046875,204.46871948242188,0
245,0,0,detected,152.19010971556557,285.53404178658536,-1.8195422887802124,0.39555269479751587,2.79890775680542,0.0,202.90382385253906,304.5447082519531,368.54266357421875,0
245,2,2,detected,1010.3758694579828,182.71253619813965,8.753106117248535,-0.06597818434238434,15.56192684173584,991.36572265625,148.03553771972656,1029.5028076171875,217.63815307617188,0
245,12,0,detected,1164.6636152574615,176.58824805954018,14.715001106262207,-0.27000001072883606,19.105043411254883,1090.643310546875,151.1873016357422,1223.6824951171875,200.4227294921875,0
245,13,0,detected,212.50567260124132,203.88179031267902,-10.063475608825684,0.4957377314567566,17.5390567779541,149.8149871826172,178.76846313476562,263.5257263183594,233.2226104736328,0
245,14,0,detected,471.0704864699579,187.84569208596216,-4.681220531463623,0.10250848531723022,24.17813491821289,447.7508544921875,172.1689453125,502.45098876953125,204.42019653320312,0
246,0,0,detected,152.208281644767,285.7092343881243,-1.8267104625701904,0.3971109688282013,2.809934139251709,0.0,203.41539001464844,304.3901062011719,368.5190124511719,0
246,2,2,detected,1010.3788377727499,182.69091383855593,8.658648490905762,-0.0652661919593811,15.39399242401123,991.3970336914062,147.83779907226562,1029.3692626953125,217.5082244873047,0
246,12,0,detected,1179.7008507716025,176.02258708548882,15.174487113952637,-0.24518918991088867,19.27716064453125,1115.54931640625,151.27154541015625,1224.0,200.982177734375,0
246,13,0,detected,196.98333134640035,205.6997329732043,-9.816370010375977,0.5117539167404175,16.45973014831543,128.04283142089844,179.17660522460938,252.5676727294922,236.3498992919922,0
246,14,0,detected,476.25337366991147,188.08420073095925,-4.435200214385986,0.10080000758171082,23.775165557861328,451.5282287597656,172.01409912109375,509.8235168457031,204.66351318359375,0
247,0,0,detected,152.1659093183993,285.83375121912434,-1.8255118131637573,0.39685043692588806,2.8080904483795166,0.0,203.39129638671875,304.20147705078125,368.54632568359375,0
247,2,2,detected,1010.412233307558,182.66521736060022,8.62761402130127,-0.06503225862979889,15.33881664276123,991.5730590820312,147.8151092529297,1029.31201171875,217.46762084960938,0
247,12,0,detected,1193.089119201309,175.377860120191,14.424101829528809,-0.2530544102191925,17.905982971191406,1140.346923828125,151.05178833007812,1223.783935546875,199.6502227783203,0
247,13,0,detected,179.1713692008217,207.74238217799592,-5.993636131286621,0.3397752642631531,9.616920471191406,102.87540435791016,179.73646545410156,239.35398864746094,240.45005798339844,0
247,14,0,detected,482.4729434564262,188.25481485758291,-4.08648681640625,0.09807568043470383,23.132593154907227,456.36065673828125,171.64068603515625,518.936767578125,205.0381622314453,0
248,0,0,detected,152.0414801702349,285.8341144025863,-1.8151875734329224,0.39374998211860657,2.7861521244049072,0.0,202.43353271484375,303.8194274902344,368.9782409667969,0
248,2,2,detected,1010.4311809306702,182.6159985900778,8.689906120300293,-0.06550180912017822,15.449565887451172,991.5972290039062,147.66134643554688,1029.2965087890625,217.43336486816406,0
248,12,0,detected,1206.3527708769502,175.32941667654586,14.69159984588623,-0.22679999470710754,17.83137321472168,1167.2977294921875,151.3512420654297,1223.9842529296875,201.7016143798828,0
248,13,0,detected,160.42062481480392,210.1004052939572,-6.639809608459473,0.38972795009613037,10.213674545288086,79.64717864990234,180.6070098876953,224.90597534179688,245.19386291503906,0
248,14,0,detected,489.73423083659003,188.38898734495234,-3.724295139312744,0.09549474716186523,22.523841857910156,461.9527587890625,171.22352600097656,529.2838745117188,205.5418701171875,0
249,0,0,detected,152.1742163294639,285.5094113790059,-1.815979242324829,0.39083030819892883,2.793426752090454,0.0,200.4890594482422,304.5464782714844,368.9711608886719,0
249,2,2,detected,1010.2996569718938,182.49663665919326,8.329079627990723,-0.06278201192617416,14.808061599731445,991.2234497070312,147.16531372070312,1029.1456298828125,217.4190673828125,0
249,12,0,detected,1218.865001394441,173.68650864022408,18.645389556884766,-0.43871501088142395,22.173728942871094,1191.8564453125,146.03790283203125,1224.0,197.26376342773438,0
249,13,0,detected,138.65777807292508,212.03605064575237,-9.412322044372559,0.5445144772529602,13.76054573059082,48.48900604248047,180.56787109375,208.81422424316406,246.89901733398438,0
249,14,0,detected,497.76642701969234,188.46750335980536,-3.384373188018799,0.0940103679895401,22.173728942871094,468.6544494628906,170.81101989746094,539.464599609375,205.85182189941406,0
250,0,0,detected,152.03603525956856,285.42413262869223,-1.8223060369491577,0.3952941298484802,2.7970783710479736,0.0,201.71791076660156,303.7879638671875,368.6420593261719,0
250,2,2,detected,1010.2409242553347,182.5267764050464,8.445979118347168,-0.06366316229104996,15.015893936157227,991.3886108398438,147.8373565673828,1029.0054931640625,217.44247436523438,0
250,13,0,detected,115.01544916545262,214.3804678876641,-9.87349329744285,0.6174273072395668,13.76054573059082,17.92902946472168,181.317138671875,190.6422576904297,252.18150329589844,0
250,14,0,detected,506.9607241937529,188.58207604661692,-3.102342128753662,0.0940103679895401,22.173728942871094,476.3927001953125,170.81285095214844,551.5687255859375,206.24464416503906,0
250,12,0,predicted,1243.6114953674298,172.9740395348094,19.79267500794777,-0.37685496367902244,22.173728942871094,0,0,0,0,1
251,0,0,detected,151.827639299662,285.40471677687,-1.8294804096221924,0.39685043692588806,2.8080904483795166,0.0,201.6624755859375,303.2702331542969,368.95599365234375,0
251,2,2,detected,1010.2681722530914,182.37105085625356,8.215372085571289,-0.06192491576075554,14.605903625488281,991.4329833984375,146.73793029785156,1029.1707763671875,217.46693420410156,0
251,13,0,detected,93.36442320269734,217.72397995306025,-10.24179339535065,0.7180268808910897,13.76054573059082,0.0,182.36178588867188,170.69386291503906,261.48291015625,0
251,14,0,detected,516.8442869815837,188.629775375327,-2.621793031692505,0.08937931060791016,21.0814266204834,484.149169921875,170.43466186523438,564.0556640625,206.41659545898438,0
251,12,0,predicted,1268.773505692165,172.2437068017047,20.5811715704025,-0.3997412451036485,22.173728942871094,0,0,0,0,2
252,0,0,detected,151.9168933887494,285.3286270330804,-1.8294804096221924,0.39685043692588806,2.8080904483795166,0.15843142569065094,201.29092407226562,303.8314514160156,368.957763671875,0
252,2,2,detected,1010.1871328829126,182.18045818069243,8.300358772277832,-0.08342069387435913,14.756999015808105,990.9364013671875,146.25137329101562,1029.3143310546875,217.47183227539062,0
252,13,0,detected,77.48958384514262,221.2468090319412,-10.437253286257596,0.786944307706184,13.76054573059082,0.27599284052848816,183.21469116210938,150.31600952148438,267.7177429199219,0
252,14,0,detected,528.1370255862411,188.67280946916912,-2.2205216884613037,0.08765217661857605,20.674057006835938,494.4158935546875,170.20286560058594,578.0861206054688,206.72584533691406,0
252,12,0,predicted,1294.3510323686464,171.49551044090995,21.382689080339855,-0.42318731522737973,22.173728942871094,0,0,0,0,3
253,0,0,detected,151.85786145502436,285.4342733313397,-1.8294804096221924,0.39685043692588806,2.8080904483795166,0.0,202.63400268554688,303.60516357421875,368.5873107910156,0
253,2,2,detected,1010.1027790025502,181.97971577641604,8.243507385253906,-0.08284931629896164,14.655923843383789,990.8661499023438,145.98056030273438,1029.2198486328125,217.34866333007812,0
253,13,0,detected,62.439648694042795,225.10186814505965,-10.707945524910588,0.8681838799898022,13.76054573059082,0.0,184.44325256347656,122.7529525756836,274.84417724609375,0
253,14,0,detected,539.6711726580106,188.7884411185599,-1.9270588159561157,0.08894117176532745,20.978086471557617,503.7908020019531,170.33197021484375,591.2372436523438,207.16168212890625,0
253,12,0,predicted,1320.3440753968741,170.72945045242517,22.197227537759836,-0.4471931740502168,22.173728942871094,0,0,0,0,4
254,0,0,detected,151.8765608727205,285.40866867027614,-1.8294804096221924,0.39685043692588806,2.8080904483795166,0.0,201.9959259033203,303.78485107421875,368.6184387207031,0
254,2,2,detected,1010.0203715923616,182.06350552507564,8.39530086517334,-0.06344056874513626,14.963391304016113,990.880859375,147.1217498779297,1029.0533447265625,217.57403564453125,0
254,13,0,detected,47.091664863335915,228.0837550286728,-11.004841337314025,0.8840134548556353,13.76054573059082,0.0,185.67538452148438,92.21902465820312,275.2400207519531,0
254,14,0,detected,552.2070933050938,188.85319959744922,-1.5120000839233398,0.08723077923059464,20.574663162231445,515.628662109375,170.1307830810547,605.2791748046875,207.26641845703125,0
254,12,0,predicted,1346.7526347768483,169.94552683625037,23.02478694266245,-0.4717588215721589,22.173728942871094,0,0,0,0,5
255,0,0,detected,151.8171860245386,285.50290327049197,-1.8175541162490845,0.394263356924057,2.7897846698760986,0.0,202.7054443359375,303.5295715332031,368.5943603515625,0
255,2,2,detected,1009.9923617086365,182.0437918353823,8.39530086517334,-0.06344056874513626,14.963391304016113,990.8106079101562,146.71450805664062,1029.1702880859375,217.49037170410156,0
255,13,0,detected,30.729681173231285,230.96910071388524,-11.333571333381748,0.9314825948219823,13.76054573059082,0.00274314871057868,187.0565948486328,58.40840148925781,278.74072265625,0
255,14,0,detected,564.9271696454149,189.02515203007377,-1.1630769968032837,0.11630770564079285,20.574663162231445,527.0631103515625,170.20738220214844,618.5261840820312,208.01077270507812,0
255,12,0,predicted,1373.5767105085686,169.14373959238554,23.865367295047683,-0.4968842577932061,22.173728942871094,0,0,0,0,6
256,0,0,detected,151.78290380041193,285.4550789962309,-1.8258860111236572,0.3960707485675812,2.8025734424591064,0.0,201.9320068359375,303.5123291015625,368.6765441894531,0
256,2,2,detected,1009.9615308029792,182.092290707855,8.605936050415039,-0.06503225862979889,15.33881664276123,990.8638305664062,147.0941925048828,1029.0521240234375,217.48046875,0
256,14,0,detected,574.8171353951044,189.0910994949135,-0.9504000544548035,0.08640000224113464,20.378713607788086,539.6360473632812,169.8875732421875,619.569091796875,207.9865264892578,0
256,12,0,predicted,1400.8163025920353,168.32408872083067,24.718968594915548,-0.5225694827133592,22.173728942871094,0,0,0,0,7
256,13,0,predicted,15.693489141355682,233.01567497989322,-11.596340075295766,0.933758202991857,13.76054573059082,0,0,0,0,1
257,0,0,detected,151.64389884604245,285.5529516214437,-1.8538085222244263,0.4021276831626892,2.8454320430755615,0.0,202.4295196533203,303.058349609375,368.9829406738281,0
257,2,2,detected,1010.099727157639,182.1600079701372,8.785051345825195,-0.06621897965669632,15.618721961975098,991.2362060546875,147.1091766357422,1029.249267578125,217.65643310546875,0
257,14,0,detected,583.592785243856,189.20315532744777,-0.7020000219345093,0.1080000028014183,19.105043411254883,554.1011962890625,169.66348266601562,619.8872680664062,208.64434814453125,0
257,12,0,predicted,1428.4714110272482,167.48657422158578,25.585590842266036,-0.5488144963326174,22.173728942871094,0,0,0,0,8
257,13,0,predicted,0.3454158385615196,235.10799675131753,-11.894813216673153,0.974447469948617,13.76054573059082,0,0,0,0,2
258,0,0,detected,151.59288508966176,285.2681030070511,-1.8140065670013428,0.389558881521225,2.784339427947998,0.0,200.3073272705078,303.1256408691406,368.9665222167969,0
258,2,2,detected,1010.1792974522224,182.2617626515162,8.445979118347168,-0.06366316229104996,15.015893936157227,991.2779541015625,147.48159790039062,1029.2457275390625,217.59825134277344,0
258,14,0,detected,591.4872555450684,189.39696545398576,-2.128000020980835,0.4480000138282776,79.25054931640625,567.7153930664062,169.30587768554688,619.8536376953125,209.7399444580078,0
258,12,0,predicted,1456.5420358142076,166.63119609465085,26.465234037099155,-0.5756192986509815,22.173728942871094,0,0,0,0,9
258,13,0,predicted,-15.314538735151206,237.24606602815814,-12.199351496053946,1.0160263861390235,13.76054573059082,0,0,0,0,3
259,0,0,detected,151.55938557055092,285.0494703401756,-1.8234978914260864,0.3915971517562866,2.79890775680542,0.0,200.21861267089844,303.0944519042969,368.97210693359375,0
259,2,2,detected,1010.1282697468588,182.34403763446352,8.387123107910156,-0.06321951746940613,14.911253929138184,991.1570434570312,147.6465606689453,1029.0279541015625,217.4836883544922,0
259,14,0,detected,599.5526555057862,189.7331246242414,-1.3305600881576538,0.6048000454902649,85.5905990600586,583.767822265625,170.1860809326172,619.7130126953125,210.11932373046875,0
259,12,0,predicted,1485.0281769529133,165.7579543400259,27.357898179414903,-0.6029838896684507,22.173728942871094,0,0,0,0,10
259,13,0,predicted,-31.286374579782496,239.42988281041508,-12.509954913438147,1.0584949515630775,13.76054573059082,0,0,0,0,4
260,0,0,detected,151.51201566217298,284.92402023477985,-1.827082633972168,0.3923669755458832,2.804409980773926,0.0,200.41070556640625,302.9789123535156,368.9700012207031,0
260,2,2,detected,1010.2407722986152,182.4350323415118,8.753106117248535,-0.06597818434238434,15.56192684173584,991.2402954101562,147.775146484375,1029.4571533203125,217.5437469482422,0
260,14,0,detected,607.8921474079146,190.2744478055991,-0.04977777600288391,0.14933332800865173,17.61123275756836,600.1085815429688,171.4274444580078,620.0151977539062,210.77645874023438,0
260,12,0,predicted,1513.9298344433653,164.8668489577109,28.263583269213274,-0.630908269385025,22.173728942871094,0,0,0,0,11
260,13,0,predicted,-47.570091695332344,241.65944709808832,-12.826623468825753,1.101853166220778,13.76054573059082,0,0,0,0,5
261,0,0,detected,151.538062976947,284.83349573426347,-1.8199270963668823,0.39083030819892883,2.793426752090454,0.0,200.40521240234375,303.1622314453125,368.970947265625,0
261,2,2,detected,1010.2322347330239,182.56604076801537,8.47571849822998,-0.0638873279094696,15.068766593933105,991.3003540039062,148.14450073242188,1029.1558837890625,217.5681610107422,0
261,12,0,predicted,1543.2470082855637,163.9578799477059,29.18228930649428,-0.659392437800705,22.173728942871094,0,0,0,0,12
261,13,0,predicted,-64.16569008180076,243.9347588911779,-13.149357162216763,1.1461010301121255,13.76054573059082,0,0,0,0,6
261,14,0,predicted,614.0778201287895,190.4510862152933,0.051714632152970966,0.135671473460144,17.61123275756836,0,0,0,0,1
262,0,0,detected,151.49350487894364,284.77534068914565,-1.8140065670013428,0.389558881521225,2.784339427947998,0.0,200.4471893310547,302.9465026855469,368.9674377441406,0
262,2,2,detected,1010.1812043095229,182.60492264894748,8.721391677856445,-0.06573913246393204,15.505542755126953,991.1831665039062,147.91119384765625,1029.098388671875,217.46693420410156,0
262,12,0,predicted,1572.9796984795082,163.03104731001085,30.1140162912579,-0.6884363949154902,22.173728942871094,0,0,0,0,13
262,13,0,predicted,-81.07316973918773,246.25581818968377,-13.478155993611178,1.1912385432371195,13.76054573059082,0,0,0,0,7
262,14,0,predicted,620.4127768296948,190.63027537629557,0.20938465900133432,0.14013129239183902,17.61123275756836,0,0,0,0,2
263,0,0,detected,151.49238961758354,284.7362477699022,-1.8234978914260864,0.3915971517562866,2.79890775680542,0.0,200.45492553710938,303.0234069824219,368.9722900390625,0
263,2,2,detected,1010.2341783877671,182.64782331528963,8.18742847442627,-0.0617142878472805,14.55622386932373,991.35595703125,147.8803253173828,1029.216796875,217.5874481201172,0
263,12,0,predicted,1603.1279050251992,162.08635104462576,31.058764223504163,-0.7180401407293814,22.173728942871094,0,0,0,0,14
263,13,0,predicted,-98.29253066749328,248.62262499360597,-13.813019963009003,1.237265705595761,13.76054573059082,0,0,0,0,8
263,14,0,predicted,626.8970175106306,190.81201528860592,0.3707701980861211,0.14465459668676767,17.61123275756836,0,0,0,0,3
264,0,0,detected,151.5358841584682,284.7372769775042,-1.8199270963668823,0.39083030819892883,2.793426752090454,0.0,200.6332550048828,303.1857604980469,368.9658203125,0
264,2,2,detected,1010.2432343777712,182.63759470098725,8.271835327148438,-0.062350522726774216,14.70628833770752,991.3015747070312,147.85704040527344,1029.2060546875,217.3625946044922,0
264,12,0,predicted,1633.6916279226364,161.12379115155065,32.01653310323304,-0.7482036752423776,22.173728942871094,0,0,0,0,15
264,13,0,predicted,-115.82377286671738,251.0351793029445,-14.153949070410231,1.2841825171880494,13.76054573059082,0,0,0,0,9
264,14,0,predicted,633.5305421715967,190.99630595222436,0.5358712494073314,0.14924138634493056,17.61123275756836,0,0,0,0,4
265,0,0,detected,151.5299321449031,284.7221032514406,-1.8211156129837036,0.39108559489250183,2.7952513694763184,0.0,200.5259246826172,303.0814514160156,368.9732360839844,0
265,2,2,detected,1010.2497426152311,182.76292773467122,8.243507385253906,-0.04142465814948082,14.655923843383789,991.4173583984375,148.51243591308594,1029.0972900390625,217.50819396972656,0
265,12,0,predicted,1664.67086717182,160.1433676307855,32.98732293044455,-0.7789269984544797,22.173728942871094,0,0,0,0,16
265,13,0,predicted,-133.66689633686005,253.49348111769933,-14.500943315814865,1.3319889780139844,13.76054573059082,0,0,0,0,10
265,14,0,predicted,640.3133508125933,191.18314736715087,0.7046878129649652,0.15389166136632706,17.61123275756836,0,0,0,0,5
266,0,0,detected,151.51847526059115,284.709943180035,-1.8175541162490845,0.390320748090744,2.7897846698760986,0.0,200.5151824951172,303.0484619140625,368.97235107421875,0
266,2,2,detected,1010.2840287586281,182.81397745722154,7.7648515701293945,-0.05852903425693512,13.80493450164795,991.447021484375,148.28236389160156,1029.182861328125,217.50442504882812,0
266,12,0,predicted,1696.0656227727497,159.14508048233031,33.97113370513868,-0.8102101103656869,22.173728942871094,0,0,0,0,17
266,13,0,predicted,-151.82190107792127,255.9975304378705,-14.854002699222905,1.3806850880735664,13.76054573059082,0,0,0,0,11
266,14,0,predicted,647.2454434336204,191.37253953338544,0.8772198887590253,0.15860542175095713,17.61123275756836,0,0,0,0,6
267,0,0,detected,151.51607701096552,284.74904921193735,-1.8258860111236572,0.39211001992225647,2.8025734424591064,0.0,200.79920959472656,303.05938720703125,368.97320556640625,0
267,2,2,detected,1010.3157346371253,182.83826800640432,7.94423770904541,-0.059881191700696945,14.123860359191895,991.4242553710938,148.1853790283203,1029.2598876953125,217.528564453125,0
267,12,0,predicted,1727.875894725426,158.12892970618512,34.96796542731545,-0.8420530109759992,22.173728942871094,0,0,0,0,18
267,13,0,predicted,-170.28878708990106,258.547327263458,-15.213127220634352,1.430270847366796,13.76054573059082,0,0,0,0,12
267,14,0,predicted,654.3268200346779,191.5644824509281,1.053467476789509,0.16338266749882144,17.61123275756836,0,0,0,0,7
268,0,0,detected,151.47954627167542,284.76664463175285,-1.8211156129837036,0.39108559489250183,2.7952513694763184,0.0,200.73553466796875,302.9264221191406,368.9700927734375,0
268,2,2,detected,1010.3217087017696,182.9081442837059,8.416448593139648,-0.04229370877146721,14.963391304016113,991.413818359375,148.48631286621094,1029.2337646484375,217.54644775390625,0
268,12,0,predicted,1760.1016830298483,157.09491530234988,35.977818096974836,-0.8744557002854173,22.173728942871094,0,0,0,0,19
268,13,0,predicted,-189.0675543727994,261.1428715944618,-15.578316880049202,1.4807462558936717,13.76054573059082,0,0,0,0,13
268,14,0,predicted,661.5574806157658,191.75897611977882,1.233430577056416,0.16822339860991936,17.61123275756836,0,0,0,0,8
269,0,0,detected,151.47188166447046,284.7210189769111,-1.812827229499817,0.38930559158325195,2.78252911567688,0.0,200.37844848632812,302.9641418457031,368.97198486328125,0
269,2,2,detected,1010.2143185093714,182.88456801547906,8.271835327148438,-0.062350522726774216,14.70628833770752,991.0877075195312,148.00942993164062,1029.1490478515625,217.58084106445312,0
269,14,0,detected,873.7392421710015,185.22874830129774,6.755225658416748,-0.04877419397234917,17.256168365478516,870.162353515625,159.20216369628906,908.2489624023438,207.2312469482422,0
269,12,0,predicted,1792.7429876860172,156.0430372708246,37.000691714116854,-0.9074181782939406,22.173728942871094,0,0,0,0,20
269,13,0,predicted,-208.15820292661633,263.7841634308819,-15.949571677467464,1.5321113136541948,13.76054573059082,0,0,0,0,14
270,0,0,detected,151.52044912455125,284.73050842706965,-1.8163701295852661,0.3900664746761322,2.7879672050476074,0.0,200.63206481933594,303.1576232910156,368.96966552734375,0
270,2,2,detected,1010.23113391638,182.8965339211561,7.739884376525879,-0.05834084004163742,13.76054573059082,991.0948486328125,147.9579620361328,1029.4034423828125,217.809326171875,0
270,14,0,detected,896.3352246123178,184.50525816082455,6.995276927947998,-0.04857831448316574,17.186866760253906,870.5357666015625,161.2519989013672,930.2425537109375,206.4348907470703,0
270,12,0,predicted,1825.7998086939322,154.9732956116093,38.036586278741495,-0.9409404450015696,22.173728942871094,0,0,0,0,21
270,13,0,predicted,-227.5607327513518,266.4712027727183,-16.326891612889124,1.5843660206483638,13.76054573059082,0,0,0,0,15
271,0,0,detected,151.4978498940654,284.7456512016414,-1.830681562423706,0.39313986897468567,2.809934139251709,0.0,200.68336486816406,302.9820251464844,368.9650573730469,0
271,2,2,detected,1010.1446932931525,182.92367991536804,7.6174187660217285,-0.057417724281549454,13.542816162109375,990.8344116210938,148.0311279296875,1029.3104248046875,217.85092163085938,0
271,14,0,detected,913.328688415174,184.15915750118333,7.340516090393066,-0.04877419397234917,17.256168365478516,869.95703125,161.1278533935547,956.6307373046875,206.52264404296875,0
271,12,0,predicted,1859.2721460535936,153.88569032470397,39.08550179084877,-0.9750225004083038,22.173728942871094,0,0,0,0,22
271,13,0,predicted,-247.27514384700584,269.203989619971,-16.710276686314195,1.63751037687618,13.76054573059082,0,0,0,0,16
272,0,0,detected,151.49800059944536,284.6732499298344,-1.827082633972168,0.3923669755458832,2.804409980773926,0.0,200.1722869873047,303.023193359375,368.9697265625,0
272,2,2,detected,1010.280754271591,182.924710704136,7.665936470031738,-0.057783447206020355,13.62907600402832,991.0817260742188,148.2964324951172,1029.7293701171875,217.47711181640625,0
272,14,0,detected,927.3811846035549,183.7395145985637,7.488000869750977,-0.04800000414252281,16.982261657714844,869.100341796875,160.7604217529297,979.9744262695312,205.73965454101562,0
272,12,0,predicted,1893.1599997650012,152.7802214101086,40.14743825043866,-1.009664344514144,22.173728942871094,0,0,0,0,23
272,13,0,predicted,-267.3014362135784,271.9825239726401,-17.099726897742674,1.6915443823376433,13.76054573059082,0,0,0,0,17
273,0,0,detected,151.50639729554118,284.65287371393913,-1.8199270963668823,0.39083030819892883,2.793426752090454,0.0,200.34532165527344,303.0528564453125,368.9832458496094,0
273,2,2,detected,1010.7137871129211,182.86374746061796,6.778517246246338,-0.0509662963449955,12.021151542663574,992.1338500976562,148.2667999267578,1030.036865234375,217.13693237304688,0
273,14,0,detected,941.3294751926868,183.35163655798456,7.701750755310059,-0.07087500393390656,16.7169132232666,871.751953125,159.6038360595703,1004.81689453125,206.26461791992188,0
273,12,0,predicted,1927.4633698281552,151.6568888678232,41.222395657511186,-1.0448659773190891,22.173728942871094,0,0,0,0,24
273,13,0,predicted,-287.63960985106957,274.80680583072547,-17.495242247174552,1.7464680370327539,13.76054573059082,0,0,0,0,18
274,0,0,detected,151.50698235739716,284.6252503286675,-1.8223060369491577,0.3913412094116211,2.7970783710479736,0.0,200.27146911621094,303.0382080078125,368.97418212890625,0
274,2,2,detected,1010.2065296038386,182.75980688800377,8.003520965576172,-0.06048000603914261,14.26509952545166,989.229248046875,148.19154357910156,1030.2510986328125,216.85073852539062,0
274,14,0,detected,959.7632889922668,183.0000828594088,8.12627124786377,-0.0700540542602539,16.52328109741211,890.9462280273438,158.64947509765625,1029.921142578125,206.7217559814453,0
274,12,0,predicted,1962.1822562430557,150.51569269784778,42.31037401206634,-1.0806273988231394,22.173728942871094,0,0,0,0,25
274,13,0,predicted,-308.2896647594793,277.6768351942272,-17.896822734609838,1.8022813409615117,13.76054573059082,0,0,0,0,19
275,0,0,detected,151.53577354119744,284.64972088255644,-1.8151875734329224,0.38981252908706665,2.7861521244049072,0.0,200.5153045654297,303.14312744140625,368.9932861328125,0
275,2,2,detected,1010.1957279926379,182.50211194535083,8.023680686950684,-0.08064000308513641,14.26509952545166,990.8734130859375,146.864501953125,1029.5081787109375,217.0725860595703,0
275,14,0,detected,981.2768818317542,182.54723547728182,8.554586410522461,-0.06898859888315201,16.271976470947266,913.824462890625,158.88182067871094,1054.510498046875,205.2529754638672,0
275,12,0,predicted,1997.3166590097023,149.35663290018232,43.41137331410412,-1.1169486090262954,22.173728942871094,0,0,0,0,26
275,13,0,predicted,-329.2516009388076,280.59261206314517,-18.30446836004853,1.858984294123915,13.76054573059082,0,0,0,0,20
276,0,0,detected,151.532514622583,284.7183042283045,-1.8282809257507324,0.39262428879737854,2.8062491416931152,0.0,200.83853149414062,303.0765380859375,368.9740295410156,0
276,2,2,detected,1010.8762896210827,182.5813819631709,7.734461307525635,-0.058153845369815826,13.71644115447998,993.7091064453125,148.9364471435547,1029.2259521484375,216.5944061279297,0
276,14,0,detected,1005.2586394379263,182.3367285567123,7.770408630371094,-0.05871845409274101,13.849611282348633,935.698486328125,157.81761169433594,1083.6375732421875,206.95497131347656,0
276,12,0,predicted,2032.8665781280954,148.17970947482684,44.52539356362453,-1.1538296079285568,22.173728942871094,0,0,0,0,27
276,13,0,predicted,-350.52541838905444,283.5541364374795,-18.718179123490632,1.916576896519966,13.76054573059082,0,0,0,0,21
277,0,0,detected,151.49326813090752,284.78583187281157,-1.8234978914260864,0.3915971517562866,2.79890775680542,0.0,200.95559692382812,302.93548583984375,368.9642333984375,0
277,2,2,detected,1010.383012717306,182.57211578469165,7.342679500579834,-0.05548624321818352,13.087246894836426,990.5526123046875,148.23292541503906,1029.285400390625,216.8971405029297,0
277,14,0,detected,1027.6486926083173,181.59300056874048,5.719602108001709,-0.0684162899851799,9.682193756103516,959.0963745117188,157.78964233398438,1100.9388427734375,203.41392517089844,0
277,12,0,predicted,2068.832013598235,146.9849224217813,45.65243476062757,-1.191270395529924,22.173728942871094,0,0,0,0,28
277,13,0,predicted,-372.1111171102198,286.56140831723013,-19.137955024936133,1.975059148149664,13.76054573059082,0,0,0,0,22
278,0,0,detected,151.49426124555274,284.77898839268966,-1.8211156129837036,0.39108559489250183,2.7952513694763184,0.0,200.6100311279297,303.0108947753906,368.9732666015625,0
278,2,2,detected,1009.513998708368,182.8561865987492,7.279659748077393,-0.03676595911383629,13.007689476013184,988.5072631835938,149.30487060546875,1029.0115966796875,217.58009338378906,0
278,14,0,detected,1049.5190466993042,180.88964123421383,8.252411842346191,-0.09420561045408249,13.331868171691895,978.9108276367188,156.88250732421875,1122.9134521484375,203.25987243652344,0
278,12,0,predicted,2105.2129654201203,145.77227174104576,46.792496905113225,-1.2292709718303962,22.173728942871094,0,0,0,0,29
278,13,0,predicted,-394.0086971023038,289.6144277023971,-19.563796064385045,2.0344310490130093,13.76054573059082,0,0,0,0,23
279,0,0,detected,151.46993725772086,284.7461673191339,-1.8234978914260864,0.3915971517562866,2.79890775680542,0.0,200.4356231689453,302.9173583984375,368.9765930175781,0
279,2,2,detected,1009.9020586903853,182.93433694798793,8.753106117248535,-0.043985456228256226,15.56192684173584,991.6080932617188,148.646728515625,1028.96484375,217.4810333251953,0
279,14,0,detected,1072.7962599831371,179.74760967077643,11.498666763305664,-0.1742222160100937,17.61123275756836,1003.8674926757812,155.00440979003906,1145.973388671875,201.28851318359375,0
279,12,0,predicted,2142.0094335937524,144.5417574326202,47.94557999708152,-1.2678313368299734,22.173728942871094,0,0,0,0,30
279,13,0,predicted,-416.21815836530635,292.7131945929804,-19.995702241837364,2.0946925991100014,13.76054573059082,0,0,0,0,24
280,0,0,detected,151.45816030698978,284.76122711712435,-1.8223060369491577,0.3913412094116211,2.7970783710479736,0.0,200.66722106933594,302.9174499511719,368.9754333496094,0
280,2,2,detected,1009.9272867895381,182.93061598866558,8.762978553771973,-0.06621897965669632,15.618721961975098,991.5111694335938,148.49208068847656,1028.432861328125,217.2774658203125,0
280,14,0,detected,1095.2986639054866,178.68236135025413,12.952354431152344,-0.21408849954605103,18.935972213745117,1025.277587890625,154.2606201171875,1167.20556640625,200.49107360839844,0
280,12,0,predicted,2179.2214181191307,143.29337949650457,49.11168403653244,-1.3069514905286568,22.173728942871094,0,0,0,0,31
280,13,0,predicted,-438.73950089922744,295.85770898898,-20.433673557293087,2.1558437984406393,13.76054573059082,0,0,0,0,25
281,0,0,detected,151.45409922043666,284.75696131268217,-1.8175541162490845,0.390320748090744,2.7897846698760986,0.0,200.57086181640625,302.9229431152344,368.9781799316406,0
281,2,2,detected,1010.1582166949539,182.9194916499268,8.132108688354492,-0.06129729747772217,14.457870483398438,991.5181884765625,148.1674346923828,1029.23681640625,217.55398559570312,0
281,14,0,detected,1119.2108548941785,177.5694515104137,13.96538257598877,-0.24741819500923157,19.452407836914062,1049.7476806640625,153.04415893554688,1192.088623046875,199.5404052734375,0
281,12,0,predicted,2216.848918996255,142.02713793269893,50.290809023465975,-1.3466314329264448,22.173728942871094,0,0,0,0,32
281,13,0,predicted,-461.5727247040671,299.0479708903959,-20.877710010752214,2.217884647004925,13.76054573059082,0,0,0,0,26
282,0,0,detected,151.4594548769596,284.735403858554,-1.8211156129837036,0.39108559489250183,2.7952513694763184,0.0,200.4591827392578,302.9491882324219,368.9755859375,0
282,2,2,detected,1010.3022778071827,182.81149521656408,8.387123107910156,-0.06321951746940613,14.911253929138184,991.2735595703125,147.57188415527344,1029.58837890625,217.5481414794922,0
282,14,0,detected,1140.791738289644,176.3538259563224,14.256000518798828,-0.296999990940094,19.105043411254883,1070.0810546875,151.91566467285156,1209.9564208984375,198.07870483398438,0
282,12,0,predicted,2254.891936225126,140.74303274120325,51.482954957882136,-1.386871164023339,22.173728942871094,0,0,0,0,33
282,13,0,predicted,-484.71782977982537,302.28398029722814,-21.327811602214748,2.2808151448028573,13.76054573059082,0,0,0,0,27
283,0,0,detected,151.48059338033474,284.7121633214911,-1.8294804096221924,0.3928819000720978,2.8080904483795166,0.0,200.41357421875,303.01678466796875,368.9715270996094,0
283,2,2,detected,1010.3420980018824,182.82474031614507,8.948342323303223,-0.06744981557130814,15.909032821655273,991.4644775390625,148.14207458496094,1029.2784423828125,217.5275421142578,0
283,14,0,detected,1160.1044156266855,175.21076265329515,14.914751052856445,-0.3010316789150238,19.36438751220703,1090.1912841796875,151.52540588378906,1224.0,196.7318572998047,0
283,12,0,predicted,2293.350469805743,139.44106392201755,52.68812183978094,-1.4276706838193383,22.173728942871094,0,0,0,0,34
283,13,0,predicted,-508.17481612650215,305.5657372094767,-21.78397833168069,2.3446352918344373,13.76054573059082,0,0,0,0,28
284,0,0,detected,151.4780940996481,284.66792915375333,-1.8151875734329224,0.38981252908706665,2.7861521244049072,0.0,200.2523651123047,302.96722412109375,368.9633483886719,0
284,2,2,detected,1010.4087955716724,182.77284434786966,8.243507385253906,-0.06213699281215668,14.655923843383789,991.4473266601562,147.89230346679688,1029.470458984375,217.407958984375,0
284,14,0,detected,1174.998644756701,174.08762455691513,15.496260643005371,-0.3344516456127167,19.721336364746094,1112.2470703125,150.3816375732422,1223.9486083984375,195.9343719482422,0
284,12,0,predicted,2332.2245197381067,138.1212314751418,53.90630966916237,-1.4690299923144434,22.173728942871094,0,0,0,0,35
284,13,0,predicted,-531.9436837440975,308.89324162714155,-22.246210199150035,2.4093450880996627,13.76054573059082,0,0,0,0,29
285,0,0,detected,151.47442988092251,284.6414827136502,-1.827082633972168,0.3923669755458832,2.804409980773926,0.0,200.27210998535156,302.9572448730469,368.97222900390625,0
285,2,2,detected,1010.3920951315317,182.73247773352625,8.387123107910156,-0.06321951746940613,14.911253929138184,991.3975219726562,147.76889038085938,1029.3350830078125,217.51339721679688,0
285,14,0,detected,1186.8768166454586,173.22841253506766,15.323409080505371,-0.3525739908218384,19.190715789794922,1131.2037353515625,150.6907501220703,1223.975830078125,195.15911865234375,0
285,12,0,predicted,2371.5140860222164,136.78353540057603,55.137518446026405,-1.510949089508654,22.173728942871094,0,0,0,0,36
285,13,0,predicted,-556.0244326326114,312.2664935502227,-22.714507204622784,2.474944533598536,13.76054573059082,0,0,0,0,30
