frame_idx,track_id,class_id,status,center_x_2d,center_y_2d,center_x_3d,center_y_3d,center_z_3d,box_x1,box_y1,box_x2,box_y2,lost_frames,kalman_x,kalman_z,kalman_vx,kalman_vz
0,0,0,detected,151.74899291992188,284.0025863647461,-1.8501182794570925,0.3973138928413391,2.8397676944732666,0.0,199.1528778076172,303.49798583984375,368.852294921875,0,-1.8501182794570925,2.8397676944732666,0.0,0.0
0,1,0,detected,1135.5956420898438,168.09308624267578,17.005937576293945,-0.5527742505073547,23.008224487304688,1069.852294921875,147.6220245361328,1201.3389892578125,188.56414794921875,0,17.005937576293945,23.008224487304688,0.0,0.0
0,2,2,detected,1009.7801208496094,179.24047088623047,7.275928020477295,-0.1099636405706405,12.96827220916748,990.2183227539062,144.36175537109375,1029.3419189453125,214.1191864013672,0,7.275928020477295,12.96827220916748,0.0,0.0
0,3,0,detected,464.5065002441406,181.09613800048828,-6.832855224609375,-0.1846717745065689,32.66816711425781,447.7159118652344,168.61473083496094,481.2970886230469,193.5775451660156,0,-6.832855224609375,32.66816711425781,0.0,0.0
0,4,1,detected,960.5179443359376,217.5305328369141,3.174515962600708,0.2919095158576965,6.454795837402344,927.6669311523438,142.87176513671875,993.3689575195312,292.1893005371094,0,3.174515962600708,6.454795837402344,0.0,0.0
0,5,1,detected,585.9057312011719,226.26874542236328,-0.2140183597803115,0.324990838766098,5.608819961547852,552.607421875,149.2969207763672,619.2040405273438,303.2405700683594,0,-0.2140183597803115,5.608819961547852,0.0,0.0
0,6,1,detected,126.29430389404295,236.8856201171875,0.0,0.0,0.0,106.40884399414062,177.17892456054688,146.1797637939453,296.5923156738281,0,,,,
1,0,0,detected,151.70659550005686,284.02707573195005,-1.8151875734329224,0.3898125290870666,2.7861521244049072,0.0,199.2737274169922,303.39111328125,368.8399353027344,0,-1.8460087393054756,2.8334599107773033,0.0020547443915035503,-0.003153852424826397
1,1,0,detected,1124.1921163020302,168.2934857310948,16.2022762298584,-0.5411368608474731,22.523841857910156,1055.870849609375,147.6138153076172,1186.5751953125,189.46014404296875,0,16.911388139784012,22.951237667087966,-0.047274127328374334,-0.02849305394518721
1,2,2,detected,1010.3503431441958,179.34272346628435,3.888698101043701,-0.0586235933005809,6.913618564605713,990.6293334960938,144.12452697753906,1030.3682861328125,214.8094024658203,0,6.877425987708803,12.968272088072897,-0.1992485257776735,-6.054653523467183e-08
1,3,0,detected,464.3468501082869,181.0758645243473,-6.832855224609375,-0.1846717745065689,32.66816711425781,447.6577453613281,168.6453399658203,480.9528198242187,193.4571228027344,0,-6.832855224609375,32.66816711425781,0.0,0.0
1,4,1,detected,973.6357932099088,216.94598783022684,3.3145947456359863,0.281513512134552,6.42572021484375,932.5043334960938,142.59718322753906,1021.59814453125,289.8742980957031,0,3.1909960011912473,6.451375138197034,0.008239916296315935,-0.0017103282235522447
1,5,1,detected,590.6503438910446,229.0400014808121,-0.1682225316762924,0.3764980137348175,5.6682515144348145,563.14306640625,152.8936767578125,620.6282958984375,311.92071533203125,0,-0.20863055587392074,5.615811986063271,0.002693868279841889,0.0034959685581028785
1,6,1,detected,130.80916905770837,235.96723095913023,-6.50802755355835,0.6629799008369446,9.573892593383787,110.2748565673828,176.366455078125,153.69451904296875,293.33624267578125,0,-6.50802755355835,9.573892593383787,0.0,0.0
2,0,0,detected,151.56841029860828,284.0375819790598,-1.8151875734329224,0.3898125290870666,2.7861521244049072,0.0,199.3873748779297,302.9250793457031,368.7250061035156,0,-1.8373489113008727,2.820167834320576,0.004748939900450527,-0.007289206230382286
2,1,0,detected,1113.6719864948209,168.66103440368465,15.21257209777832,-0.493714302778244,21.83433532714844,1041.217529296875,148.695556640625,1170.0306396484375,189.9330139160156,0,16.484902005005626,22.672833989257832,-0.20195366618907493,-0.13043091271409543
2,2,2,detected,1010.8068032839626,179.18073163194327,3.70115327835083,-0.0649325177073478,6.563695907592773,993.890869140625,145.5061492919922,1028.4208984375,212.27818298339844,0,5.994620292203901,12.968271707291173,-0.4780696224758613,-1.8864125159515096e-07
2,3,0,detected,464.39755440066017,181.16788633788417,-6.679880619049072,-0.1805373132228851,31.93678855895996,447.8382263183594,168.7425537109375,481.03509521484375,193.9208068847656,0,-6.797730589413707,32.50023463389169,0.014327242460624048,-0.06849919863413254
2,4,1,detected,978.28133247111,216.55406960186656,3.321000099182129,0.270000010728836,6.368348121643066,939.6759643554688,141.24557495117188,1023.970458984375,290.47198486328125,0,3.2271942995095695,6.430993612865542,0.019644063721751353,-0.009326258367889785
2,5,1,detected,591.8750619694756,231.91168931078323,-0.1600000113248825,0.4160000085830688,5.6607537269592285,565.4575805664062,155.53013610839844,620.15625,318.4927673339844,0,-0.19538912651263532,5.6288243552581845,0.0069961895463904675,0.007377682304494523
2,6,1,detected,135.3605145718789,235.19788355880667,-5.779742240905762,0.5852903723716736,8.628084182739258,119.17652130126952,175.5398406982422,158.50930786132812,292.1246032714844,0,-6.422345983534894,9.462619788402657,0.04284024950860883,-0.05563570704422667
3,0,0,detected,151.74838865590422,284.2842779511423,-1.831884503364563,0.3933981955051422,2.8117804527282715,0.0,200.8423767089844,303.8312072753906,368.7708740234375,0,-1.8323717819900793,2.8125283790563715,0.004819606647991175,-0.007397672964277836
3,1,0,detected,1101.489889014169,169.40614887511072,14.978983879089355,-0.4700518250465393,22.173728942871097,1027.040283203125,150.45046997070312,1153.6214599609375,191.50962829589844,0,15.867065495335044,22.424819160903937,-0.3307461805420898,-0.16684484125211124
3,3,0,detected,464.5211144219868,181.555426013818,-6.679880619049072,-0.1354029923677444,31.93678855895996,447.8956604003906,170.03282165527344,481.3746643066406,194.7181701660156,0,-6.750386092437811,32.2738784378897,0.02455217790267586,-0.11738508060278176
3,4,1,detected,987.2515312184908,216.27167644164385,3.44700026512146,0.270000010728836,6.368348121643066,960.6582641601562,141.14857482910156,1030.3035888671875,290.2108459472656,0,3.310677450480795,6.4046618648108735,0.039414046277492024,-0.014592596734314844
3,5,1,detected,594.796693596054,233.86261578656615,-0.2614409327507019,0.9063286185264589,12.33293914794922,573.2908325195312,162.52455139160156,621.6654663085938,313.3870544433594,0,-0.21169066411735216,5.6362025079684095,-0.00021875789742016767,0.00737782798190762
3,2,2,predicted,1010.8112268084786,179.18018346560382,3.6994022938316338,-0.053985046532714,6.563695907592773,0.0,0.0,0.0,0.0,1,4.936994357469569,12.968270878171651,-0.6575492904517494,-3.807880960463067e-07
3,6,1,predicted,135.40237665979254,235.19258100987344,-5.811416202433657,0.6120256674350364,8.628084182739258,0.0,0.0,0.0,0.0,1,-6.249066191576849,9.22814018310006,0.09604618149096965,-0.12858564314112544
4,0,0,detected,151.67044381466758,284.7414424112745,-1.83429491519928,0.39789479970932,2.8154802322387695,0.0,202.9604034423828,303.1891784667969,368.61773681640625,0,-1.8299546279093817,2.808818264293651,0.004230130613707198,-0.006492877916734414
4,1,0,detected,1088.5535186557647,170.3355872389653,13.556870460510254,-0.3798261284828186,20.674057006835938,1012.6976318359376,152.66062927246094,1140.0208740234375,192.25340270996097,0,14.83103747350621,21.693621208728153,-0.5037971487543645,-0.3053169336014232
4,2,2,detected,1012.0326797874004,180.7078444527077,3.5472145080566406,-0.0177360717207193,6.274970531463623,989.74462890625,145.57896423339844,1035.738037109375,220.85031127929688,0,4.0185497598452065,12.968269359469392,-0.7215636785521,-6.485400875617309e-07
4,3,0,detected,464.51896928898606,182.34357221142437,-6.730104923248291,-0.0454736836254596,32.17691421508789,447.8583679199219,171.7414093017578,481.1725463867187,196.55821228027344,0,-6.72735568403317,32.16376935240009,0.02417879003187761,-0.11559981133121787
4,4,1,detected,1001.9653108162348,216.4809075572431,3.643264770507813,0.2802511155605316,6.396905422210693,987.9926147460938,141.83958435058594,1043.888427734375,292.10821533203125,0,3.454549758399534,6.392505004349618,0.06504437199495158,-0.013994954067670127
4,5,1,detected,599.8915084508112,234.88155520417493,-0.1479633152484893,0.9617615342140198,13.087246894836426,589.87060546875,164.89598083496094,619.5993041992188,309.40557861328125,0,-0.18912528802431067,5.643581240032614,0.005371654638558577,0.007378047263633055
4,6,1,detected,168.78183205362015,231.94677055730625,-4.893801689147949,0.4732214212417602,8.167041778564453,167.39743041992188,171.82058715820312,208.99005126953125,281.4418640136719,0,-5.751408377215733,8.802141480961401,0.2204191216145885,-0.22068988901251563
5,0,0,detected,151.63834548463282,285.1504656682004,-1.8367115259170532,0.4024032056331634,2.8191895484924316,0.0,203.58392333984375,303.2148742675781,368.6421203613281,0,-1.8296519340398372,2.8083536704775978,0.0034352296984871944,-0.005272772066281152
5,1,0,detected,1072.8574395996552,171.44988710852235,10.96507453918457,-0.2704390585422516,17.39646339416504,994.749755859375,154.8284454345703,1121.44775390625,193.3199005126953,0,13.125396413968764,19.961375931440273,-0.7470465979155745,-0.5941227681029175
5,2,2,detected,1010.3406720269536,181.53760803197008,14.171646118164062,-0.0715739727020263,25.322662353515625,990.4515380859376,148.007080078125,1027.272705078125,218.36878967285156,0,7.184255413237823,12.968271923270521,0.06520747804568983,-3.075899178733458e-08
5,3,0,detected,464.4835520499318,183.00340204461097,-6.5816473960876465,-0.044470589607954,31.467130661010746,447.73822021484375,172.07191467285156,481.1575927734375,197.0373077392578,0,-6.659734810426762,31.840470669429724,0.032971331896182204,-0.15763741343938958
5,4,1,detected,1018.634808866361,216.6534776199929,3.7980003356933594,0.2880000174045563,6.368348121643066,992.1251831054688,140.92611694335938,1076.639892578125,293.2198181152344,0,3.6191135544511495,6.374877554790833,0.0851867922089469,-0.014730159795607295
5,6,1,detected,183.7061522442802,230.1972962123345,-4.952693462371826,0.4881260395050049,8.424271583557129,175.21783447265625,172.0337677001953,217.1659393310547,281.4285583496094,0,-5.324941233206067,8.525448020302083,0.27097594540667547,-0.23443116481105786
5,7,2,detected,896.0797424316406,216.17544555664065,6.069371223449707,0.6625018119812012,15.122013092041016,869.1329345703125,159.96749877929688,923.0265502929688,272.3833923339844,0,6.069371223449707,15.122013092041016,0.0,0.0
5,5,1,predicted,600.0174342857351,234.9243253816261,-0.2216224995821082,0.9233710079181708,13.087246894836426,0.0,0.0,0.0,0.0,1,-0.19729028480303812,5.650960685915488,0.0026318787232347068,0.007378323630801188
6,0,0,detected,151.55281792839824,285.3762463700119,-1.8367115259170532,0.3984189629554748,2.8191895484924316,0.0,203.12173461914065,302.94171142578125,368.6725158691406,0,-1.8298033693646396,2.8085861212873398,0.002817772772197218,-0.004325028696465963
6,1,0,detected,1055.4394622136624,172.30863294650922,3.81461763381958,-0.098268836736679,6.321314334869385,976.5421142578124,155.43663024902344,1102.0123291015625,193.2069854736328,0,9.451645587184172,19.367252147333843,-1.2508889655699467,-0.5941229430114753
6,2,2,detected,1009.0099237063388,181.9006639245537,7.261276721954346,-0.0551489368081092,13.007689476013184,989.807861328125,147.94168090820312,1025.721435546875,217.3812255859375,0,7.253500335174531,12.996319648586086,0.06590253813042822,0.0045484660878138865
6,3,0,detected,464.5071815389372,183.36037766371217,-6.730104923248291,-0.0454736836254596,32.17691421508789,447.837646484375,171.7967529296875,481.220703125,196.5661468505859,0,-6.6620810056130155,31.85168823669541,0.026891296103912193,-0.12856843802688123
6,4,1,detected,1032.9199125273628,216.01806512668023,3.831871747970581,0.2560467422008514,6.247488975524902,993.5471801757812,138.7843475341797,1098.630126953125,290.1668701171875,0,3.747898599355659,6.321645738747086,0.092692383873129,-0.021358354558620382
6,6,1,detected,194.80136406078356,228.63330097189797,-4.819499969482422,0.4725000262260437,8.3584566116333,182.18017578125,172.25599670410156,226.9864501953125,278.2655029296875,0,-4.970153027167061,8.315123953544376,0.28793928486270043,-0.22955196355227545
6,7,2,detected,906.0552911568964,214.3559647935638,5.64734411239624,0.5151293873786926,13.500094413757324,870.3375854492188,156.3267822265625,946.9675903320312,267.9636535644531,0,6.019720427478248,14.931197025327329,-0.024825087672133823,-0.09540684077133366
6,5,1,predicted,600.1437500261645,234.9671816117309,-0.2192862378166334,0.9241636515860612,13.087246894836426,0.0,0.0,0.0,0.0,2,-0.2030751077886202,5.658341016214378,0.0011829140909426351,0.0073786569733215205
7,0,0,detected,151.650939394427,285.54762621177895,-1.8294804096221924,0.396850436925888,2.8080904483795166,0.0,203.15408325195312,303.49517822265625,368.7074279785156,0,-1.8277846453304782,2.80548757404416,0.002698033300157355,-0.004141237352218087
7,2,2,detected,1009.326999849348,181.93602919805423,7.210378646850586,-0.0726486518979072,12.8514404296875,990.9403686523438,146.66519165039062,1028.3779296875,217.2460479736328,0,7.2844841561406435,12.927567761966506,0.06066988014783403,-0.005798489733897845
7,3,0,detected,464.503578489886,183.67230990295656,-6.679880619049072,-0.0451343283057212,31.93678855895996,447.8275451660156,171.97872924804688,481.1702270507813,196.77264404296875,0,-6.649503493525679,31.79155448745386,0.02474633940796554,-0.11831332702512713
7,4,1,detected,1044.074480557896,215.48907630237352,3.882340908050537,0.2553013265132904,6.2293009757995605,1008.38037109375,137.57456970214844,1099.533935546875,290.8667297363281,0,3.853962816846816,6.277551572179929,0.09469618692219407,-0.02476537342582003
7,6,1,detected,202.36765054950737,228.01100444961736,-4.707884788513184,0.4777803421020508,8.245721817016602,184.29864501953125,171.85618591308594,233.24435424804688,281.5986022949219,0,-4.690986968498277,8.140304105153016,0.2864289432935361,-0.22012963852968034
7,7,2,detected,914.3161601785232,213.5428351474881,3.5481600761413574,0.3110400140285492,8.151485443115234,869.7614135742188,156.88134765625,971.5070190429688,267.3233947753906,0,5.433098280471822,14.83578988572212,-0.25398056894360005,-0.09540696266485234
7,1,0,predicted,1054.4530084632563,172.35091168595795,3.952667409438717,-0.1130010152076481,6.321314334869385,0.0,0.0,0.0,0.0,1,6.840161545520603,18.77312786888171,-1.454777575008191,-0.5941231417722975
7,5,1,predicted,600.2704556720995,235.01012389448937,-0.2169427645878702,0.9249578868333052,13.087246894836426,0.0,0.0,0.0,0.0,3,-0.20671265099572644,5.665722401082215,0.00046055638685816767,0.00737904718104575
8,0,0,detected,151.62106812267766,285.58266761105943,-1.8223060369491575,0.3952941298484802,2.7970783710479736,0.0,202.6476287841797,303.1852111816406,368.6052551269531,0,-1.8242577734729448,2.8000741342215822,0.0028080842765769343,-0.00431015700830859
8,2,2,detected,1009.921208714734,181.85725942947195,7.429333686828613,-0.0746666714549064,13.208425521850586,990.8822631835938,145.96273803710938,1030.1455078125,217.24473571777344,0,7.370246449935841,13.033650675778777,0.06400158400987288,0.008246364977111759
8,3,0,detected,464.47066412005415,183.86122023707856,-6.730104923248291,-0.0454736836254596,32.17691421508789,447.7150268554687,171.8364715576172,481.1607666015625,196.6685333251953,0,-6.656159396618009,31.823376882654294,0.020576833274150302,-0.09837870564519245
8,4,1,detected,1056.5689115324153,214.7020837204684,4.023158073425293,0.2387368530035019,6.256622314453125,1029.1893310546875,136.2030792236328,1105.851806640625,289.4450378417969,0,3.9708658133739982,6.253929674657147,0.09764474796396028,-0.024613545740534655
8,6,1,detected,201.19794493522625,227.9408002226612,-4.812763214111328,0.4894335269927978,8.245721817016602,178.34632873535156,177.5072479248047,219.8643493652344,278.4345703125,0,-4.535299622737656,8.024442079627057,0.26683698460935923,-0.20450487330870792
8,7,2,detected,924.052936565051,213.30386117221488,3.679391622543335,0.3104486763477325,8.135988235473633,865.2105712890625,156.48951721191406,1000.7323608398438,269.136474609375,0,4.7007991916654,14.74038232475611,-0.4021084511111759,-0.09540714526674896
8,8,1,detected,213.5102310180664,225.7798080444336,-4.658594608306885,0.4670270681381225,8.261640548706055,191.01467895507812,171.5139617919922,236.0057830810547,280.045654296875,0,-4.658594608306885,8.261640548706055,0.0,0.0
8,1,0,predicted,1053.4619784164877,172.39336618679656,3.9438140123712095,-0.112621746633045,6.321314334869385,0.0,0.0,0.0,0.0,2,4.955678341429937,18.17900304652519,-1.511832744115222,-0.5941233613549944
8,5,1,predicted,600.39755122354,235.05315222990143,-0.2145920798958208,0.9257537136599032,13.087246894836426,0.0,0.0,0.0,0.0,4,-0.2087380916317873,5.673105010227171,0.0001304723224602218,0.007379494143759094
9,0,0,detected,151.69265538750224,285.55251874701963,-1.8211156129837036,0.3950359523296356,2.7952513694763184,0.0,202.23927307128903,303.5242614746094,368.633544921875,0,-1.821357101728495,2.7956219106710374,0.002819130204471437,-0.004327105919622625
9,2,2,detected,1010.7478557982712,181.6663060588128,7.139503479003906,-0.0715739727020263,12.661331176757812,991.9834594726562,144.84889221191406,1031.1173095703125,217.4398956298828,0,7.3525611284527095,12.915809835614933,0.05425612181362626,-0.006049567729633776
9,3,0,detected,464.4993647153317,183.96252708803817,-6.781091213226318,-0.0458181835711002,32.42068099975586,447.8583679199219,171.69500732421875,481.1944885253906,196.56932067871097,0,-6.675909521491431,31.917803017817917,0.015765721337116005,-0.07537658215899197
9,4,1,detected,1073.8875499261503,213.6384026242896,4.2238593101501465,0.2302313446998596,6.265782833099365,1052.3179931640625,129.4573516845703,1126.0985107421875,292.7918395996094,0,4.111564651226686,6.239422684468779,0.10278121387452577,-0.023407807140529334
9,6,1,detected,200.81198020992264,228.242289032139,-4.703999996185303,0.501152515411377,8.059377670288086,178.46005249023438,176.8350372314453,220.56365966796875,281.503173828125,0,-4.398288355829937,7.891310027746026,0.24959907154379168,-0.19502818014809678
9,7,2,detected,939.505675973663,212.2675154184163,4.000804424285889,0.2807582318782806,8.277620315551758,886.77734375,153.48345947265625,1021.5479736328124,266.3230285644531,0,4.192553211828841,14.64497419062675,-0.42815080898058566,-0.09540738125239828
9,8,1,detected,220.16321792039787,224.97279900835576,-4.574019432067871,0.4445338547229767,8.277620315551758,199.5320587158203,170.74139404296875,244.25880432128903,277.24310302734375,0,-4.648644477830169,8.263520542011099,0.004975003050819847,0.000939984902710621
9,1,0,predicted,1052.4663720733552,172.43599644902503,3.934919732820941,-0.1122409078887192,6.321314334869385,0.0,0.0,0.0,0.0,3,3.579944214997663,17.584877642834638,-1.4955958218620686,-0.5941235987282778
9,5,1,predicted,600.525036680486,235.09626661796716,-0.2122341837404831,0.9265511320658548,13.087246894836426,0.0,0.0,0.0,0.0,5,-0.20961270259580414,5.680489012912263,1.0563248743621797e-05,0.00737999775117165
10,0,0,detected,151.73052296906997,285.5959390079224,-1.8234978914260864,0.3955526947975158,2.79890775680542,0.0,202.64122009277344,303.5321350097656,368.680419921875,0,-1.8198182291520457,2.79325986469822,0.0026803424898782743,-0.004114081468069823
10,2,2,detected,1010.5153374199008,182.10093663012475,4.843267440795898,-0.0243380274623632,8.610723495483398,990.0504150390624,145.58712768554688,1030.5211181640625,220.6094970703125,0,6.745112169701624,11.656399183177252,-0.01747673402426308,-0.13591671314046347
10,3,0,detected,464.4836023106467,184.10354026051033,-6.5816473960876465,-0.044470589607954,31.467130661010746,447.757568359375,171.9722137451172,481.1773986816406,196.7583465576172,0,-6.639882259229661,31.74555485552354,0.017962195622852707,-0.08587805070856076
10,4,1,detected,1089.0199982822592,212.9157961407364,4.330120086669922,0.2302313446998596,6.265782833099365,1059.98876953125,132.24456787109375,1143.7540283203125,290.3307800292969,0,4.244229579600313,6.22886101320648,0.10602079030672612,-0.022015207869203544
10,6,1,detected,204.52062297178588,228.72179972514087,-4.647893905639648,0.5164326429367065,8.120550155639648,185.0354461669922,177.8050079345703,229.29010009765625,282.3212890625,0,-4.2870412234228175,7.813865581043058,0.233093322127818,-0.18100013217312258
10,7,2,detected,957.5840847896696,210.72901515529333,4.194206714630127,0.2548965811729431,8.198332786560059,910.5438232421876,149.69735717773438,1038.766845703125,264.49505615234375,0,3.918040779980274,14.549565292448737,-0.39705488190380317,-0.09540767642952216
10,8,1,detected,224.15849177896737,224.60158954515703,-4.495135307312012,0.4436757266521454,8.261640548706055,204.451416015625,169.79757690429688,249.97146606445312,278.0902404785156,0,-4.609564412522294,8.263813029210224,0.01888636450324463,0.0006758723634548128
10,1,0,predicted,1051.4661894338597,172.47880247264337,3.925984570787912,-0.1118584989746708,6.321314334869385,0.0,0.0,0.0,0.0,4,2.5597126754297816,16.990751632512747,-1.4440634420544514,-0.5941238508599613
10,5,1,predicted,600.6529120429375,235.1394670586865,-0.2098690761218591,0.9273501420511604,13.087246894836426,0.0,0.0,0.0,0.0,6,-0.20967104123436586,5.687874577954912,3.0938650344699527e-06,0.007380557892909782
11,0,0,detected,151.72829235217552,285.60892130242746,-1.8246911764144895,0.3958114981651306,2.800739288330078,0.0,202.47378540039065,303.4493103027344,368.7231750488281,0,-1.818958944208668,2.7919409149733916,0.0024993002986186614,-0.0038362007516541414
11,1,0,detected,972.2666854936068,175.23549705161193,7.035429000854492,-0.1645714342594146,14.55622386932373,890.082275390625,157.02061462402344,1018.9334716796876,198.1721649169922,0,2.542876305642034,15.20448462174532,-1.3021742869946609,-0.7073035782866404
11,2,2,detected,1004.510672826284,188.04866767256252,4.472275733947754,0.1969655305147171,8.198332786560059,937.7435302734376,143.2479248046875,1059.8192138671875,261.37249755859375,0,6.183880338284849,10.648741462173051,-0.07153467114420872,-0.21922715103940343
11,3,0,detected,464.4812019495106,184.129209386568,-6.730104923248291,-0.0454736836254596,32.17691421508789,447.7685546875,171.69314575195312,481.18792724609375,196.51759338378903,0,-6.648002851574349,31.784379963332135,0.015369150116477614,-0.07348056600615438
11,4,1,detected,1102.790374428136,212.07874243984256,4.432257175445557,0.2207299470901489,6.247488975524902,1069.951416015625,132.4375762939453,1158.054931640625,287.99334716796875,0,4.370021769785404,6.216644655137938,0.10798638308281815,-0.02104104577139138
11,6,1,detected,208.35432549676975,228.80523982646983,-4.727579116821289,0.5187368392944336,8.3421630859375,189.00975036621097,175.95407104492188,233.07823181152344,282.37188720703125,0,-4.227826012067034,7.815949798682943,0.21424387723201882,-0.1611526749643884
11,8,1,detected,230.56827314194032,224.24500193926997,-4.458917617797852,0.4506352841854095,8.391234397888184,211.43763732910156,169.79684448242188,261.4602966308594,277.1963195800781,0,-4.5486547382808356,8.304912762065076,0.03190033660488713,0.01319451965594379
11,5,1,predicted,600.7811773108946,235.18275355205955,-0.2074967570399467,0.9281507436158196,13.087246894836426,0.0,0.0,0.0,0.0,7,-0.20914448505504651,5.695261873726446,5.5134375562038e-05,0.007381174458507546
11,7,2,predicted,958.294628980757,210.69105641473317,4.01224119552267,0.2976618933047825,8.198332786560059,0.0,0.0,0.0,0.0,1,3.688875192824955,14.454155481500424,-0.3681521527057156,-0.09540802606629892
12,0,0,detected,151.63674607200926,285.582805759154,-1.8258860111236572,0.3960707485675812,2.8025734424591064,0.0,202.291748046875,303.0963439941406,368.66510009765625,0,-1.8185893907438682,2.791373707191631,0.00230363173847291,-0.0035358649852669346
12,1,0,detected,949.140550940288,176.6667090203511,9.244800567626951,-0.2016000151634216,20.37871360778809,874.2673950195312,158.9906768798828,993.4118041992188,198.3995056152344,0,3.0491084976199607,17.069039133633677,-1.136028580716357,-0.4828671403338993
12,2,2,detected,1017.2200597335512,192.0852112539359,4.363349914550781,0.1674186885356903,7.404030799865723,962.4012451171876,142.79393005371094,1096.496826171875,259.9984130859375,0,5.717186208355333,9.70390460228363,-0.10783958828304657,-0.28366540659698936
12,3,0,detected,464.48894890713154,184.12644979299853,-6.781091213226318,-0.0458181835711002,32.42068099975586,447.7242431640625,171.62098693847656,481.2672119140625,196.44781494140625,0,-6.666175458158061,31.871263945642717,0.012287531618885184,-0.05874721846958606
12,4,1,detected,1115.813912297895,211.3211474542888,4.562682628631592,0.2134588211774826,6.293426036834717,1085.794921875,131.9222869873047,1166.2039794921875,287.476806640625,0,4.497139085556902,6.217705125301133,0.10974402018503045,-0.019010489025731457
12,6,1,detected,212.5755549708041,228.63446925941233,-4.754566669464111,0.5149782299995422,8.474316596984863,192.78158569335935,174.40335083007812,238.3310089111328,282.3426513671875,0,-4.192229521983326,7.852378862302977,0.19648347504468108,-0.1415098959786564
12,8,1,detected,237.3933305557663,223.7490972504464,-4.41923189163208,0.4431208074092865,8.474316596984863,218.59307861328125,169.4524688720703,269.0802917480469,275.7903747558594,0,-4.482006923709124,8.373764993339615,0.04042612637160389,0.02685093375914142
12,5,1,predicted,600.9098324843571,235.2261260980862,-0.2051172264947481,0.9289529367598326,13.087246894836426,0.0,0.0,0.0,0.0,8,-0.20819190856692119,5.702651068151547,0.0001375860562928174,0.007381847337398149
12,7,2,predicted,959.0079559257348,210.65296795753295,4.0205059490446615,0.2972205925618218,8.198332786560059,0.0,0.0,0.0,0.0,2,3.5448523209943947,14.35874460686208,-0.33456581374641997,-0.09540842836924733
13,0,0,detected,151.4839542848485,285.51592399528215,-1.831884503364563,0.3973718881607055,2.8117804527282715,0.0,202.0210876464844,302.679443359375,368.6123046875,0,-1.8195995729003922,2.792924235931598,0.002020440221278469,-0.003101192549898151
13,1,0,detected,933.0054258676684,177.40310518337293,9.63315486907959,-0.2182268053293228,22.059431076049805,869.0587768554688,159.50367736816406,973.1240234375,197.683349609375,0,3.553140876804063,18.452262249857977,-0.9958724445414209,-0.3317621703242942
13,2,2,detected,1015.9912740565114,189.88186092527977,8.29793930053711,-0.0206416398286819,14.60590362548828,991.0645751953124,145.65902709960938,1038.234130859375,222.36184692382812,0,6.180514117748152,10.569672299460326,-0.059028823597924836,-0.18822472542809499
13,3,0,detected,464.46546689342006,184.17460370858777,-6.679880619049072,-0.0451343283057212,31.93678855895996,447.6589660644531,171.79244995117188,481.2258605957031,196.62060546875,0,-6.659409841869306,31.838917167711788,0.011815640429545948,-0.05649109273421161
13,4,1,detected,1132.7011429279098,209.2610850124327,4.707918643951416,0.1675101965665817,6.238381385803223,1109.81591796875,124.35057830810548,1182.677490234375,284.7877197265625,0,4.628347203280675,6.207125731689517,0.11157829650223187,-0.018289985467719476
13,6,1,detected,217.21284694688265,227.5846408593852,-4.818732261657715,0.4917073547840118,8.69823169708252,198.86447143554688,174.12115478515625,242.1306915283203,276.3357849121094,0,-4.181687486027101,7.933948823284206,0.17940027384905866,-0.1210146363000247
13,7,2,detected,1026.1739611277535,206.0156927696035,5.229741096496582,0.1660235226154327,8.391234397888184,987.0892333984376,144.74209594726562,1119.380859375,254.5738220214844,0,3.812248971695757,9.561871331099844,-0.2546388407661306,-0.6785399710412119
13,8,1,detected,245.1229680839426,223.5175851370769,-4.294438362121582,0.441372811794281,8.440887451171875,230.37461853027344,170.07830810546875,274.39788818359375,275.9012756347656,0,-4.388983081739676,8.415011435551373,0.051071739526125016,0.02976453965261641
13,5,1,predicted,601.0388775633253,235.26958469676651,-0.2027304844862612,0.9297567214831992,13.087246894836426,0.0,0.0,0.0,0.0,9,-0.20692332068037578,5.710042328707658,0.00023423907737601208,0.007382576418905435
14,0,0,detected,151.36559172252095,285.47482806319135,-1.8151875734329224,0.3937499821186065,2.7861521244049072,0.0,202.05416870117188,302.5165100097656,368.63128662109375,0,-1.8170998548127208,2.789087376800284,0.0020587507873746527,-0.0031599972750238643
14,1,0,detected,921.0163835731216,177.7789968484066,9.6510648727417,-0.2251915037631988,22.763456344604492,869.6783447265625,159.87242126464844,955.964599609375,196.74688720703125,0,3.9788931016214164,19.44407561494798,-0.8822363898048975,-0.23156545573823484
14,2,2,detected,1013.4763796847544,187.56922679362785,8.159675598144531,-0.0820067822933197,14.506880760192873,991.728759765625,146.38095092773438,1030.1805419921875,216.8239593505859,0,6.5299466365806405,11.23372139364409,-0.026378900966016514,-0.12171300702657836
14,3,0,detected,464.47986870299695,184.1574075988706,-6.730104923248291,-0.0454736836254596,32.17691421508789,447.6966857910156,171.62278747558594,481.2900390625,196.44183349609375,0,-6.664129674172,31.86148304770802,0.010493895017416372,-0.050171757768989834
14,4,1,detected,1149.1813601610015,207.29959949301968,4.875700950622559,0.1509779840707779,6.28418493270874,1123.630126953125,122.57491302490234,1200.198974609375,283.3907165527344,0,4.767135433423732,6.2079440977019225,0.11375329358495742,-0.01676257973150675
14,6,1,detected,224.7509305202764,227.6103695780119,-4.80319356918335,0.528099775314331,8.897150993347168,206.32937622070312,173.88711547851562,255.0196990966797,281.8802185058594,0,-4.172432613200383,8.043266362150783,0.16486000822583846,-0.10133093642701585
14,7,2,detected,1055.9506201625109,203.14362855576712,5.451388835906982,0.1520773768424987,8.277620315551758,1016.0377197265624,141.88784790039062,1140.6280517578125,254.2068328857422,0,4.08246095346201,8.578585578617412,-0.19202276027209914,-0.712431644761961
14,8,1,detected,253.77495097120288,223.0959259881312,-4.178835391998291,0.4405039846897125,8.424271583557129,237.515625,167.02935791015625,286.0870056152344,277.1788024902344,0,-4.283546230566058,8.437768482621754,0.0604308836104769,0.02855817529945517
14,5,1,predicted,601.168312547799,235.3131293481005,-0.2003365310144859,0.9305620977859198,13.087246894836426,0.0,0.0,0.0,0.0,10,-0.20541600551380612,5.717435822424333,0.000336001059475423,0.007383361592235413
15,0,0,detected,151.21827339374488,285.42434248491895,-1.8199270963668823,0.3947781026363373,2.793426752090454,0.0,201.8846740722656,302.1741027832031,368.663330078125,0,-1.8159676383668744,2.787349491091522,0.001989140833199833,-0.0030531549093154205
15,1,0,detected,910.2747607177452,177.9902118816242,9.513340950012209,-0.2288432419300079,23.132593154907227,870.3006591796875,160.14035034179688,936.6456298828124,196.18649291992188,0,4.313457289846221,20.185524741161103,-0.7908189121355266,-0.16228047880033802
15,2,2,detected,1011.9195461822208,185.88069739400217,8.243507385253906,-0.0828493162989616,14.655923843383787,991.552734375,146.5098419189453,1029.20458984375,216.63429260253903,0,6.83351377827874,11.798913346551483,-0.0015902580840537715,-0.07110475873436425
15,3,0,detected,464.3851210265629,184.15720281732345,-6.730104923248291,-0.0454736836254596,32.17691421508789,447.3898620605469,171.68850708007812,481.2005004882813,196.46310424804688,0,-6.668136679507571,31.880640843044105,0.00940445130893991,-0.04496307116310962
15,4,1,detected,1165.1263568304853,206.33135729233803,4.95075798034668,0.1667808592319488,6.21121883392334,1131.1602783203125,119.80398559570312,1222.6898193359375,289.2086486816406,0,4.894138085196225,6.19498120901467,0.1147487097017083,-0.016477111284613735
15,6,1,detected,230.7389589388059,227.6407112117435,-4.71094274520874,0.5248264670372009,8.84200382232666,210.9238739013672,174.5932159423828,259.0852966308594,281.2422180175781,0,-4.148530743742302,8.12231266765016,0.15359266944239128,-0.08691267359114654
15,7,2,detected,1080.1706876428818,200.79799707156437,5.742070198059082,0.1294319033622741,8.325933456420898,1033.9564208984375,139.2074432373047,1166.3658447265625,253.1394500732422,0,4.3683826046586525,8.042475248572806,-0.140210678767219,-0.6945849908209782
15,8,1,detected,261.4429889415392,223.07055835242775,-4.079435348510742,0.4506352841854095,8.391234397888184,245.72950744628903,168.77490234375,290.98480224609375,277.3370056152344,0,-4.177096939936988,8.442275807256198,0.06732685815899754,0.02495409456738693
15,5,1,predicted,601.2981374377782,235.35676005208805,-0.1979353660794243,0.9313690656679942,13.087246894836426,0.0,0.0,0.0,0.0,11,-0.2037251613949434,5.7248317158825355,0.00043778958371132857,0.007384202746467815
16,0,0,detected,151.08942196842835,285.39642629889283,-1.833448886871338,0.396850436925888,2.8080904483795166,0.0,201.60887145996097,301.9600830078125,368.9994812011719,0,-1.8174822296496715,2.7885781301223043,0.0017406787673013928,-0.002749517721058123
16,1,0,detected,900.16727856508,178.51184315066558,9.37107753753662,-0.1993846297264099,23.513900756835938,869.8117065429688,161.85691833496094,918.6327514648438,196.9291229248047,0,4.5750756842980085,20.79760648056155,-0.716186851588037,-0.1101504367839054
16,2,2,detected,1011.1030887768628,184.65451506751333,8.215372085571289,-0.0825665593147277,14.60590362548828,991.4334716796876,146.64549255371094,1029.18359375,216.50181579589844,0,7.080877615835885,12.25400113430623,0.016063959438591617,-0.03436323455102419
16,3,0,detected,464.43727582778575,184.13867924481747,-6.730104923248291,-0.0454736836254596,32.17691421508789,447.6142883300781,171.60342407226562,481.36279296875,196.4292755126953,0,-6.671575875005787,31.897083892964556,0.008493662780100657,-0.04060854541795593
16,4,1,detected,1174.875168469213,205.53068907618209,4.949948310852051,0.1655792593955993,6.166469573974609,1136.9141845703125,121.76405334472656,1223.9197998046875,286.5684509277344,0,4.998280707066897,6.176338463204139,0.11399659441253764,-0.016630684106529427
16,6,1,detected,236.81471428669877,227.3615075376099,-4.733772277832031,0.523139238357544,9.02854347229004,219.50961303710935,174.0455780029297,262.5090026855469,279.75689697265625,0,-4.1350437507760205,8.223730526389797,0.14306661629788475,-0.07276351674106664
16,7,2,detected,1106.4631385342648,198.5566855271135,6.119153022766113,0.0948705896735191,8.391234397888184,1060.1861572265625,135.63600158691406,1196.8681640625,252.26666259765625,0,4.684077300856656,7.679389575050381,-0.09488640647865051,-0.6637036914047193
16,8,1,detected,268.1533501615509,222.83436163536396,-4.028039455413818,0.4396385252475738,8.407720565795898,250.53672790527344,169.9660186767578,297.45233154296875,274.6443786621094,0,-4.085407677429328,8.44949125755617,0.07056163333039761,0.022598804620248495
16,5,1,predicted,601.428352233263,235.40047680872928,-0.1955269896810745,0.932177625129422,13.087246894836426,0.0,0.0,0.0,0.0,12,-0.20189087687575352,5.732230175213892,0.0005368199904885817,0.007385099770547683
17,0,0,detected,150.96057669224209,285.3312846512909,-1.827453374862671,0.3955526947975158,2.79890775680542,0.0,201.29763793945312,301.7104187011719,369.01220703125,0,-1.817746864956189,2.7880680408960146,0.001605950039698731,-0.002599059817432716
17,1,0,detected,891.151513870265,177.7562542846007,9.415637016296388,-0.3436363637447357,24.315509796142575,869.8735961914062,153.11038208007812,903.0962524414062,198.21902465820312,0,4.810322644894627,21.41988314865267,-0.6522639636038734,-0.06333357814201593
17,2,2,detected,1010.702297121046,183.87316480752355,8.271835327148438,-0.0831340253353118,14.70628833770752,991.3195190429688,147.14938354492188,1029.3304443359375,216.73150634765625,0,7.298108445596087,12.650365638347388,0.029579526315667626,-0.005762173810562425
17,3,0,detected,464.3590938981525,184.1438202415351,-6.730104923248291,-0.0454736836254596,32.17691421508789,447.3592224121094,171.66363525390625,481.2135314941406,196.49803161621097,0,-6.674557929919633,31.911341316498998,0.007722656949433738,-0.03692232873890644
17,4,1,detected,1185.1850498472288,203.78498374725157,5.082427024841309,0.1316690891981125,6.21121883392334,1158.0333251953125,117.0631103515625,1224.0,283.45147705078125,0,5.107166297424857,6.1685275703934,0.11365320726833135,-0.016038118944534614
17,6,1,detected,242.2579203486473,226.51405008152312,-4.752925395965576,0.5050792694091797,9.163875579833984,226.33981323242188,172.90492248535156,265.05743408203125,276.5724182128906,0,-4.12891116369286,8.333241756515843,0.1333561388229805,-0.05983776823394067
17,7,2,detected,1132.7473614974854,196.32224807466017,6.478292942047119,0.0717154219746589,8.457569122314453,1085.9449462890625,133.2522430419922,1222.7373046875,250.1348571777344,0,5.016005277226995,7.412886531285578,-0.05567322188064368,-0.6293502805016307
17,8,1,detected,275.18574045127855,222.68569929729748,-3.9798967838287354,0.4448827505111694,8.508011817932129,256.4632263183594,169.83206176757812,305.9336242675781,274.92926025390625,0,-4.005160040157974,8.482045588133934,0.0717171990195321,0.023786524993265046
17,5,1,predicted,601.5589569342533,235.44427961802415,-0.1931114018194383,0.932987776170204,13.087246894836426,0.0,0.0,0.0,0.0,13,-0.199942738525551,5.739631366099888,0.0006316406120206641,0.0073860525532769995
18,0,0,detected,150.95196420430457,285.20182985160085,-1.8310459852218628,0.3923669755458832,2.804409980773926,0.0,200.76611328125,301.9263000488281,368.9975280761719,0,-1.818575139029139,2.788562333691582,0.0014504818317258499,-0.0024014946118000673
18,2,2,detected,1010.578723628217,183.33623282896795,8.357999801635742,-0.0630000010132789,14.859477996826172,991.53466796875,147.42495727539062,1029.4146728515625,216.6638641357422,0,7.495953525047536,13.009448428051872,0.04032625414309094,0.017346164853631392
18,3,0,detected,464.33402167287966,184.1424445401191,-6.730104923248291,-0.0454736836254596,32.17691421508789,447.3818359375,171.66119384765625,481.2454223632813,196.4712829589844,0,-6.677168166754019,31.92382104767906,0.007062719160058785,-0.03376713457011069
18,6,1,detected,250.27039534268897,226.25570164685175,-4.574440956115723,0.5125423669815063,9.066800117492676,235.01541137695312,172.4947967529297,276.92266845703125,279.3428039550781,0,-4.09467264369813,8.409250328416098,0.12669683749852256,-0.05071081660341417
18,7,2,detected,1152.4633907017587,194.19453998650044,6.89248514175415,0.0496755689382553,8.787535667419434,1110.4501953125,131.57728576660156,1223.9716796875,248.1612243652344,0,5.3708007185651505,7.275803749327415,-0.020595439246802023,-0.5895449925498163
18,8,1,detected,283.2972853224569,222.3476835506303,-3.811069011688232,0.4260822534561157,8.3748140335083,268.0323486328125,168.01535034179688,312.3526611328125,275.1653747558594,0,-3.9018556317242856,8.4720136444517,0.07514144466276214,0.02012039727351502
18,9,2,detected,1201.2213745117188,181.12659072875977,5.956976890563965,-0.0404548533260822,7.156404495239258,1178.560302734375,122.2588119506836,1223.8824462890625,239.9943695068359,0,5.956976890563965,7.156404495239258,0.0,0.0
18,1,0,predicted,886.9075964425933,177.8793059760135,9.446824644622282,-0.2446929392387931,24.315509796142575,0.0,0.0,0.0,0.0,1,5.021794401440717,21.907339856658066,-0.5970991807574119,-0.029781066892401703
18,4,1,predicted,1189.536849812739,203.49386115001516,5.06958330657204,0.1623379872480476,6.21121883392334,0.0,0.0,0.0,0.0,1,5.196120339065026,6.162080850617832,0.11207572925442011,-0.01542553868415374
18,5,1,predicted,601.6899515407491,235.48816847997267,-0.1906886024945138,0.9337995187903396,13.087246894836426,0.0,0.0,0.0,0.0,14,-0.1979029135957008,5.7470354537710255,0.0007215780550239138,0.007387060983306345
19,0,0,detected,150.7868039962758,285.03320128964145,-1.827453374862671,0.3915971517562866,2.79890775680542,0.0,200.2761077880859,301.3040771484375,368.9928283691406,0,-1.8187372614114579,2.7881509925438066,0.001352279638712931,-0.0022803009345807312
19,2,2,detected,1010.4408109950742,182.99635950267853,8.329079627990723,-0.0627820119261741,14.808061599731444,991.388427734375,147.7083740234375,1029.2677001953125,216.7173309326172,0,7.6600582014985035,13.306726130175559,0.047863945296597446,0.03430407236816767
19,3,0,detected,464.3009103115632,184.11099577321917,-6.730104923248291,-0.0909473672509193,32.17691421508789,447.2371215820313,171.52508544921875,481.3106384277344,196.41017150878903,0,-6.679473058406491,31.934840898948384,0.006492263051194517,-0.03103975720772666
19,6,1,detected,259.43504951771433,225.77104753462257,-4.653339385986328,0.5229977965354919,9.48897933959961,241.8752899169922,172.11781311035156,290.06219482421875,277.7312927246094,0,-4.079906076749666,8.543157486120755,0.11954811257631183,-0.03891969783332311
19,8,1,detected,292.21238069073155,221.3822516227672,-3.6474449634552,0.396208107471466,8.245721817016602,278.6512451171875,166.4700164794922,320.73443603515625,271.7861633300781,0,-3.7834933411508773,8.432725379265571,0.07943828671851948,0.014214227832485812
19,9,2,detected,1183.5663721674084,183.61506348311204,7.409454345703125,0.0130909094586968,9.26305103302002,1134.3162841796875,129.4140167236328,1223.6229248046875,243.86331176757812,0,6.127858475868381,7.404247997923811,0.08543972465564963,0.12392020233974725
19,1,0,predicted,882.6113664956372,178.00329652976606,9.299190561508306,-0.2404321729520582,24.315509796142575,0.0,0.0,0.0,0.0,2,5.185741459210716,22.30017031899895,-0.5507540149958958,-0.005167130335840476
19,4,1,predicted,1193.9455768998662,203.19837736769736,5.108282844534643,0.1597442485962424,6.21121883392334,0.0,0.0,0.0,0.0,2,5.276983974275766,6.15673549913681,0.11017501731473905,-0.014811689060850635
19,5,1,predicted,601.8213360527504,235.53214339457483,-0.1882585917063031,0.934612852989829,13.087246894836426,0.0,0.0,0.0,0.0,15,-0.1957882435059752,5.75444260300592,0.0008064126918709788,0.007388124949126591
19,7,2,predicted,1157.092828720467,193.85774731097845,6.769448724726779,0.1100034032350195,8.787535667419434,0.0,0.0,0.0,0.0,1,5.6346272402172035,7.155293266235931,0.002139527452636139,-0.5538824726799708
20,0,0,detected,150.6428582299784,284.906404818735,-1.827453374862671,0.3915971517562866,2.79890775680542,0.0,200.24710083007812,301.0670471191406,368.9933471679687,0,-1.8188909252320054,2.78782066345526,0.0012645994684246755,-0.0021667682103166065
20,2,2,detected,1010.3003050619814,182.73728711840064,8.505667686462402,-0.0641130730509758,15.122013092041016,991.2572021484376,147.78237915039062,1029.1236572265625,216.56683349609375,0,7.827242048877404,13.6087978165975,0.054811078184636076,0.04985675533910982
20,3,0,detected,464.27515761454714,184.0750617207843,-6.730104923248291,-0.0909473672509193,32.17691421508789,447.103759765625,171.4899444580078,481.4085083007813,196.3636016845703,0,-6.681524930054653,31.94465104129983,0.00599480002839723,-0.02866136369794263
20,6,1,detected,265.95619265271796,226.07369558828927,-4.442107200622559,0.5439315438270569,9.163875579833984,247.021728515625,173.8931884765625,292.476806640625,280.2632751464844,0,-4.035572610752761,8.60722585678399,0.1149677926339107,-0.032648069561213355
20,8,1,detected,300.0498469239786,220.969188598698,-3.6720004081726074,0.4200000166893005,8.491130828857422,283.1224060058594,167.28692626953125,329.4693603515625,272.91998291015625,0,-3.696812786034164,8.456923953399434,0.0801036635638616,0.015131530600009428
20,9,2,detected,1186.354770733497,183.9373635539772,9.51816463470459,-0.0165245905518531,11.692704200744627,1153.2503662109375,125.683837890625,1223.78662109375,243.32066345214844,0,6.972131520903084,8.48439101411132,0.39496575696051894,0.5139608682159491
20,1,0,predicted,878.2628240293965,178.12822594585833,9.149758830010672,-0.2361391439413986,24.315509796142575,0.0,0.0,0.0,0.0,3,5.31026803544421,22.623711234600574,-0.511437321618558,0.013189201423414721
20,4,1,predicted,1198.4112311086096,202.89853240029817,5.14748208530501,0.1571122277273066,6.21121883392334,0.0,0.0,0.0,0.0,3,5.351310185715262,6.152288362491644,0.10808780123471719,-0.014208236311558767
20,5,1,predicted,601.9531104702573,235.57620436183063,-0.185821369454804,0.935427778768672,13.087246894836426,0.0,0.0,0.0,0.0,16,-0.19361168795767877,5.761852978130354,0.0008861861775432926,0.007389244339060628
20,7,2,predicted,1161.7737562462498,193.5174609369504,6.827580656024298,0.1057774236599201,8.787535667419434,0.0,0.0,0.0,0.0,2,5.862581686074324,7.050831263349042,0.019104863131617775,-0.5215967609370324
21,0,0,detected,150.55280094662768,284.7568499019857,-1.825066089630127,0.3910855948925018,2.7952513694763184,0.0,199.85491943359375,300.99676513671875,369.0068054199219,0,-1.8186944459133514,2.787031795914551,0.0012049926748352795,-0.002089874013706212
21,2,2,detected,1010.1876055976726,182.5764104223242,8.445979118347168,-0.0636631622910499,15.015893936157228,991.1135864257812,147.82933044433594,1029.104248046875,216.70314025878903,0,7.963015470098166,13.854357758473325,0.05932920816365016,0.06077982714227999
21,3,0,detected,464.21469224083734,184.02062211394775,-6.730104923248291,-0.0909473672509193,32.17691421508789,446.96881103515625,171.3906707763672,481.3600769042969,196.28103637695312,0,-6.683365383584793,31.953450376766227,0.005557551146158177,-0.02657085715400888
21,6,1,detected,270.86025811503305,225.95678352072585,-4.356610298156738,0.5125423669815063,9.066800117492676,253.1747589111328,172.8377685546875,292.7607421875,279.08544921875,0,-3.985818759906811,8.648200160937359,0.1111708575723878,-0.028361572465571618
21,8,1,detected,309.3506804977788,221.27221295982525,-3.4896843433380127,0.4362105429172516,8.3421630859375,290.44512939453125,169.7901611328125,343.1518249511719,274.5013427734375,0,-3.589723842860274,8.444461004364346,0.08240976840765439,0.012773364812289027
21,9,2,detected,1193.552345116776,182.5767613997493,13.94597625732422,-0.1423058807849884,16.782468795776367,1176.4234619140625,117.13848876953124,1224.0,242.22445678710935,0,9.465346870855745,8.998352429114929,1.044761354584549,0.5139610375476694
21,1,0,predicted,873.8619690438713,178.25409422429033,8.998529450129388,-0.2318138522068145,24.315509796142575,0.0,0.0,0.0,0.0,4,5.4017776518842116,22.89478529014378,-0.47778967094000013,0.02703246269066612
21,4,1,predicted,1202.9338124389694,202.5943262478176,5.187181028883139,0.1544419246412403,6.21121883392334,0.0,0.0,0.0,0.0,4,5.420316045206111,6.148580584107258,0.10590682071946382,-0.013622254829612731
21,5,1,predicted,602.0852747932697,235.62035138174008,-0.1833769357400187,0.9362442961268692,13.087246894836426,0.0,0.0,0.0,0.0,17,-0.19138333663376414,5.769266743016282,0.0009610861416155082,0.007390419041255129
21,7,2,predicted,1166.506173279107,193.17368086441644,6.886352029926158,0.1015080562219658,8.787535667419434,0.0,0.0,0.0,0.0,3,6.062477937071197,6.9611173405358455,0.03192542139306606,-0.4921628694767683
22,0,0,detected,150.47133450205018,284.57049670723615,-1.8179415464401243,0.389558881521225,2.784339427947998,0.0,199.3555145263672,300.8555908203125,368.9952392578125,0,-1.8175518678732707,2.7848587433883725,0.001201646561452462,-0.0020943333001354624
22,2,2,detected,1010.082712646054,182.39102282986187,8.243507385253906,-0.0621369928121566,14.655923843383787,990.9361572265624,147.47947692871094,1029.0950927734375,216.6065368652344,0,8.052877739871978,14.01780391706638,0.060966117303212594,0.06629765281570958
22,3,0,detected,464.2239112354077,183.9415780503913,-6.781091213226318,-0.0916363671422004,32.42068099975586,446.9385681152344,171.27093505859375,481.5419616699219,196.1462249755859,0,-6.692066826967078,31.99505227451051,0.004793111642429753,-0.02291604497084322
22,6,1,detected,278.9788295636641,225.50472770226128,-4.2067484855651855,0.4986722767353058,9.04763126373291,264.8125305175781,171.49163818359375,303.03521728515625,278.0041198730469,0,-3.922327281823126,8.68125639481177,0.10851009423760419,-0.024934131736168066
22,8,1,detected,317.2368633672348,221.32746058989713,-3.531054735183716,0.4398545622825622,8.645514488220215,295.203125,168.50914001464844,351.0177917480469,274.66400146484375,0,-3.5120717961106043,8.494966444550945,0.08202946499114729,0.015789438094480704
22,1,0,predicted,869.4088015390618,178.38090136506204,8.84550242186445,-0.2274562977483057,24.315509796142575,0.0,0.0,0.0,0.0,5,5.465380531515752,23.125039607032882,-0.4487650541021441,0.03754268358466247
22,4,1,predicted,1207.5133208909458,202.28575891025565,5.227379675269033,0.1517333393380433,6.21121883392334,0.0,0.0,0.0,0.0,5,5.484965469160127,6.14548662637817,0.10369496883568673,-0.013057821889086977
22,5,1,predicted,602.2178290217877,235.66458445430317,-0.180925290561945,0.9370624050644196,13.087246894836426,0.0,0.0,0.0,0.0,18,-0.18911112861901788,5.776684061080784,0.0010313767467506885,0.007391648943672346
22,7,2,predicted,1171.2900798190394,192.82640709337647,6.945762846432355,0.0971953009211561,8.787535667419434,0.0,0.0,0.0,0.0,4,6.240174261952329,6.8846444250513885,0.04171916323373279,-0.4651910990708116
22,9,2,predicted,1193.6233604432234,182.57291390741432,13.794736951699496,-0.0575647686861022,16.782468795776367,0.0,0.0,0.0,0.0,1,11.680428434011128,9.512314349670815,1.3319161249981457,0.5139612517179566
23,0,0,detected,150.6604357644909,284.4610794361681,-1.815579175949097,0.3890526890754699,2.7807211875915527,0.0,199.48480224609375,301.7365417480469,369.0335693359375,0,-1.8162476875741704,2.7824927020285557,0.0012069385618592235,-0.002108356773729017
23,2,2,detected,1009.9634409284486,182.33015794915585,8.003520965576172,-0.0604800060391426,14.26509952545166,990.9730834960938,147.99342346191406,1028.8013916015625,216.576171875,0,8.09917310112026,14.108259326124543,0.06020892607239259,0.06755026168098184
23,3,0,detected,464.2364875692998,183.8987486414502,-6.730104923248291,-0.0909473672509193,32.17691421508789,446.9490966796875,171.2917022705078,481.5616760253906,196.22511291503903,0,-6.6929694163154245,31.999367639339166,0.004499143504220629,-0.021510569709320252
23,5,1,detected,887.3792157341796,229.55539913470437,4.366285800933838,0.6634286046028137,10.91716766357422,866.7489624023438,147.0542755126953,924.5224609375,310.4490966796875,0,0.4175605195326463,10.73268538801388,0.03228985455267667,0.22378979770523494
23,6,1,detected,288.5175097275978,224.8080433607542,-4.074711799621582,0.4869152307510376,9.066800117492676,274.3902587890625,171.27528381347656,314.62335205078125,275.79034423828125,0,-3.84983551712849,8.71299160750975,0.10657911418806221,-0.021896029333545
23,8,1,detected,324.30358080664456,220.85977936018185,-3.4788296222686768,0.4179512560367584,8.69823169708252,302.11700439453125,168.05715942382812,356.28839111328125,271.68798828125,0,-3.439293901224388,8.546307059998949,0.08133440022971888,0.01846037614342376
23,1,0,predicted,864.9033215149677,178.50864736817348,8.690677745215865,-0.2230664805658724,24.315509796142575,0.0,0.0,0.0,0.0,6,5.505192874908483,23.322820432812886,-0.4235484586128061,0.04554356188503664
23,4,1,predicted,1212.1497564645383,201.9728303876123,5.268078024462688,0.1489864718177156,6.21121883392334,0.0,0.0,0.0,0.0,6,5.546029336541909,6.142906315408505,0.10149468031202592,-0.012517053617888031
23,7,2,predicted,1176.125475866046,192.47563962383052,7.00581310554289,0.092839157757491,8.787535667419434,0.0,0.0,0.0,0.0,5,6.4001204919118235,6.819926150477877,0.04927004981900499,-0.44037603739692804
23,9,2,predicted,1193.6946089893934,182.56904804706917,13.796426799493531,-0.057656457793144,16.782468795776367,0.0,0.0,0.0,0.0,2,13.292623559623804,10.026276872095648,1.388643718239864,0.5139615028096409
24,0,0,detected,150.87197584523008,284.37096986189533,-1.8223060369491575,0.3913412094116211,2.7970783710479736,0.0,199.4263916015625,302.1827392578125,369.0206604003906,0,-1.8159728230747594,2.782526045428982,0.0011605343081411907,-0.002001730055667124
24,2,2,detected,1009.8745292216504,182.26205250823773,7.456696510314941,-0.0563478283584117,13.290465354919434,990.8042602539062,147.7424774169922,1028.857421875,216.6731719970703,0,8.069233508643507,14.06180647786339,0.05572079053081143,0.0618372823108042
24,3,0,detected,464.2702788210983,183.84781747957467,-6.730104923248291,-0.0909473672509193,32.17691421508789,446.9714965820313,171.2453155517578,481.6443176269531,196.14686584472656,0,-6.693811640986675,32.00339439228508,0.004233218065457787,-0.020239168167837475
24,5,1,detected,892.8081784000253,229.16622685715456,2.2157602310180664,0.3390665054321289,5.579569339752197,860.6314697265625,146.92855834960938,925.7437744140624,310.7568664550781,0,0.6764014466066125,8.201989510312082,0.04356892976023876,0.1080340074721994
24,6,1,detected,295.94171286787054,224.9834087411916,-3.919304609298706,0.500869631767273,8.860310554504395,278.9747619628906,172.27061462402344,320.36712646484375,279.1986083984375,0,-3.7666673220339737,8.713597813229788,0.10537082317860805,-0.020734637583002265
24,8,1,detected,332.61069980443744,221.14970383322336,-3.2685446739196777,0.4294438362121582,8.440887451171875,314.5390319824219,167.48716735839844,362.451904296875,276.4767150878906,0,-3.3418691395829976,8.542475006630921,0.08247542480153006,0.016879540934869514
24,1,0,predicted,860.3455289715893,178.63733223362465,8.534055420183625,-0.2186444006595144,24.315509796142575,0.0,0.0,0.0,0.0,7,5.524559105652273,23.49428312286187,-0.4014975010243463,0.051625190743696925
24,4,1,predicted,1216.8431191597476,201.6555406798876,5.309276076464105,0.1462013220802576,6.21121883392334,0.0,0.0,0.0,0.0,7,5.604129710302787,6.1407590018915705,0.09933425069355918,-0.012000785576514971
24,7,2,predicted,1181.0123614201275,192.1213784557786,7.066502807257764,0.0884396267309709,8.787535667419434,0.0,0.0,0.0,0.0,6,6.545739175915576,6.765585652707957,0.055137358789387546,-0.4174692677847995
24,9,2,predicted,1193.7660907552856,182.56516381871376,13.798122178710376,-0.0577485825461486,16.782468795776367,0.0,0.0,0.0,0.0,3,14.379447412249569,10.540240061032616,1.3366843729134328,0.5139617829047576
25,0,0,detected,151.02627901485502,284.28987958602465,-1.8211156129837036,0.3910855948925018,2.7952513694763184,0.0,199.32872009277344,302.3664855957031,369.0143127441406,0,-1.8155935868147897,2.782349736092561,0.0011229438431703345,-0.001913903887709223
25,2,2,detected,1009.8460708047644,182.1913938326151,7.433610439300537,-0.0561733767390251,13.24931812286377,990.8328857421876,147.70285034179688,1028.888916015625,216.57595825195312,0,8.03926211680639,14.014849605228228,0.051597896601769874,0.05655943380025719
25,3,0,detected,464.2588292712941,183.80160643640167,-6.730104923248291,-0.0909473672509193,32.17691421508789,446.8641662597656,171.19248962402344,481.6427917480469,196.14402770996097,0,-6.694601689139848,32.007171682139614,0.003991534480975966,-0.019083668258261445
25,5,1,detected,899.3647317043029,228.9804707371817,2.2709569931030273,0.3390665054321289,5.579569339752197,864.8948974609375,142.97691345214844,936.46533203125,314.6162414550781,0,0.9122154163905511,7.33393652110786,0.052818383870287186,0.06844716458602726
25,6,1,detected,303.1479332357249,225.63086581715584,-3.6866297721862793,0.506007969379425,8.524959564208984,283.9041442871094,173.41201782226562,328.9899597167969,281.404296875,0,-3.6645465403119335,8.671322583921734,0.10520901656428323,-0.021807057816454964
25,8,1,detected,340.44121306457794,221.47155731370825,-3.28214693069458,0.4548293054103851,8.69823169708252,321.5140686035156,167.0776824951172,369.79010009765625,277.6259460449219,0,-3.263289550662535,8.583133277755568,0.08221367976215802,0.018477135099445843
25,1,0,predicted,855.7354239089264,178.76695596141553,8.375635446767735,-0.2141900580292319,24.315509796142575,0.0,0.0,0.0,0.0,8,5.526218654285802,23.644079048850248,-0.38210047195408614,0.05621959729606319
25,4,1,predicted,1221.5934089765733,201.3338897870815,5.350973831273286,0.1433778901256688,6.21121883392334,0.0,0.0,0.0,0.0,8,5.659772752854802,6.138979223099655,0.09723214275533637,-0.01150902395186659
25,7,2,predicted,1185.9507364812837,191.76362358922069,7.127831951576975,0.0839967078415955,8.787535667419434,0.0,0.0,0.0,0.0,7,6.679693984150221,6.720384829572892,0.059726327483099584,-0.39626344963923643
25,9,2,predicted,1193.8378057409004,182.56126122234824,13.799823089350031,-0.057841142945116,16.782468795776367,0.0,0.0,0.0,0.0,4,15.102368738867824,15.122310891719884,1.2447104298700775,1.0958785558880972
26,0,0,detected,151.08979269504016,284.28929725436655,-1.8151875734329224,0.3898125290870666,2.7861521244049072,0.0,199.68614196777344,302.3128967285156,369.0303039550781,0,-1.8145566181951251,2.7811213373215287,0.0011189394349469853,-0.0018819755923884136
26,2,2,detected,1009.84627099557,182.16249495671565,7.1037163734436035,-0.0536804795265197,12.661331176757812,990.90185546875,147.7554168701172,1028.87353515625,216.66751098632812,0,7.972480477791654,13.901603435780743,0.04608421525767378,0.0485724284720401
26,3,0,detected,464.18640055786705,183.780165097587,-6.730104923248291,-0.0909473672509193,32.17691421508789,446.6364135742187,171.21432495117188,481.6154479980469,196.204345703125,0,-6.695346418132204,32.010732294922214,0.003770936829383244,-0.018028981320394523
26,5,1,detected,907.6327688846936,228.29560431897372,2.346750020980835,0.3307499885559082,5.5723042488098145,871.7960815429688,142.2432861328125,948.7440795898438,312.1029052734375,0,1.130730987519724,6.891572947474561,0.060535946584151554,0.048379951396125664
26,6,1,detected,309.914552897821,226.44065591500743,-3.607157468795776,0.517025887966156,8.508011817932129,291.8953552246094,175.4144287109375,333.29156494140625,281.5767822265625,0,-3.5652648136097986,8.631976118770808,0.10492383783837105,-0.022650928447591347
26,8,1,detected,350.007791585146,221.41215351336515,-3.127854585647583,0.4398545622825622,8.645514488220215,331.2861633300781,169.20306396484375,381.9653015136719,273.5417175292969,0,-3.1723840275736266,8.608780614451378,0.08276880749216832,0.01893507912653801
26,10,1,detected,898.9198303222656,225.86278533935547,2.2522499561309814,0.3149999976158142,5.5723042488098145,869.0300903320312,149.56101989746094,928.8095703125,302.16455078125,0,2.2522499561309814,5.5723042488098145,0.0,0.0
26,1,0,predicted,851.0730063269789,178.89751855154614,8.215417824968188,-0.2097034526750248,24.315509796142575,0.0,0.0,0.0,0.0,9,5.512432387797799,23.775796939788606,-0.3649457572234703,0.059648954294562406
26,4,1,predicted,1226.400625915015,201.007877709194,5.39317128889023,0.1405161759539494,6.21121883392334,0.0,0.0,0.0,0.0,9,5.7133735012907385,6.1375134432025265,0.0951999536305614,-0.011041246754647294
26,7,2,predicted,1190.940601049514,191.4023750241568,7.189800538500524,0.0795104010893647,8.787535667419434,0.0,0.0,0.0,0.0,8,6.804080992268404,6.683227421863541,0.06333473787100635,-0.37658232618847065
26,9,2,predicted,1193.9097539462375,182.5573402579725,13.801529531412502,-0.0579341389900463,16.782468795776367,0.0,0.0,0.0,0.0,5,15.588297396066945,16.489964380267406,1.1439614067597361,1.1302071738396633
27,0,0,detected,151.04780660541266,284.32232627687176,-1.8282809257507324,0.3926242887973785,2.8062491416931152,0.0,199.89035034179688,302.03057861328125,369.03851318359375,0,-1.8151620825549788,2.7823772039476418,0.001041061235975363,-0.0017402631342212241
27,2,2,detected,1009.8238193219396,182.16024210691597,6.8995866775512695,-0.0521379336714744,12.297499656677246,990.918212890625,147.73223876953125,1028.7694091796875,216.81008911132812,0,7.8885682079506765,13.757302249389298,0.04021326312763883,0.039763501548416486
27,3,0,detected,464.1389029028699,183.75675023640076,-6.679880619049072,-0.0902686566114425,31.93678855895996,446.5746154785156,171.1653289794922,481.6339416503906,196.2067718505859,0,-6.690216838893726,31.98620745624991,0.0038322963695244776,-0.018322349772069493
27,5,1,detected,919.3796602984044,228.5390890147548,2.466635465621948,0.3478588461875915,5.594156742095947,886.9942016601562,141.5186309814453,962.3088989257812,316.93206787109375,0,1.3394319775689902,6.6281114613723,0.06722743425682297,0.03647462915877688
27,6,1,detected,316.76171642504227,226.36576661635243,-3.40781569480896,0.4768615663051605,8.229865074157715,299.8561706542969,174.93679809570312,338.775390625,277.78131103515625,0,-3.4540420764859228,8.563819844882032,0.10521721729198993,-0.0247703992911713
27,8,1,detected,359.4087915733203,221.6233371082675,-3.086479425430298,0.462347149848938,8.84200382232666,339.04443359375,170.0354766845703,392.1350402832031,274.3912658691406,0,-3.089125634071585,8.661172115821147,0.08279862163963195,0.020972463133126232
27,10,1,detected,902.9859874412548,227.8953167083956,2.3865082263946533,0.367783784866333,5.783148288726807,871.1478881835938,151.45361328125,936.9414672851562,309.2762451171875,0,2.268045220960539,5.5971097035626745,0.007897533695607617,0.012402572344275505
27,1,0,predicted,846.358276225747,179.02902000401647,8.053402554784991,-0.205184584596893,24.315509796142575,0.0,0.0,0.0,0.0,10,5.485079372261433,23.892255747273868,-0.34969926171716365,0.062157318173889683
27,4,1,predicted,1231.264769975074,200.67750444622513,5.4358684493149365,0.1376161795650995,6.21121883392334,0.0,0.0,0.0,0.0,10,5.765274712643566,6.136317577539514,0.09324447888822214,-0.010596605801108631
27,7,2,predicted,1195.9819551248193,191.03763276058692,7.252408568028412,0.0749807064742789,8.787535667419434,0.0,0.0,0.0,0.0,9,6.920566689442672,6.653150843280789,0.06618421599314349,-0.35827405011547037
27,9,2,predicted,1193.9819353712976,182.55340092558657,13.803241504897786,-0.0580275706809394,16.782468795776367,0.0,0.0,0.0,0.0,6,15.920497041017272,17.30215368124362,1.0471160982696297,1.0941026439020116
28,0,0,detected,151.03786411979618,284.3885465519455,-1.8116493225097656,0.3890526890754699,2.7807211875915527,0.0,200.1568145751953,302.0718078613281,369.0401611328125,0,-1.8138425038653976,2.7806464339596046,0.0010532767459832356,-0.0017398467738792762
28,2,2,detected,1009.8936961887468,182.21554991760772,6.744539737701416,-0.0509662963449955,12.021151542663574,991.1138305664062,148.21978759765625,1028.880615234375,216.6857452392578,0,7.7953380309629665,13.595952707207786,0.03436056105417402,0.030832228177411866
28,3,0,detected,464.0882731984569,183.73251395847856,-6.679880619049072,-0.0902686566114425,31.93678855895996,446.46197509765625,171.1071014404297,481.6437377929687,196.22227478027344,0,-6.685651663502709,31.96438106658502,0.0038644397447625744,-0.018476033621410384
28,5,1,detected,934.3529440917924,228.72230053312936,2.587506055831909,0.346049427986145,5.56505823135376,892.89794921875,143.58229064941406,990.6435546875,314.94256591796875,0,1.539720284436259,6.444778977721743,0.07306335728421968,0.028295936361798002
28,6,1,detected,326.71261025432625,226.8036854728919,-3.3787038326263428,0.5050020217895508,8.508011817932129,312.2505187988281,172.96249389648438,351.4930725097656,282.8881530761719,0,-3.352296027948612,8.535443670995155,0.10506045101035912,-0.024933244694468306
28,8,1,detected,366.8165283853788,221.7427890831391,-3.1680002212524414,0.4843636155128479,9.26305103302002,346.047119140625,169.4275360107422,395.6800231933594,274.76953125,0,-3.0305086975515434,8.769031559540853,0.08139069742036277,0.026031262125091895
28,10,1,detected,907.3567713393772,228.1227168364556,2.4722964763641357,0.3567407727241516,5.870411396026611,870.6483154296875,151.434814453125,950.7545166015624,305.6058349609375,0,2.3210277072797774,5.669417554848568,0.02628756234547585,0.03683777149400858
28,1,0,predicted,841.5912336052306,179.16146031882653,7.889589636218144,-0.2006334537948367,24.315509796142575,0.0,0.0,0.0,0.0,11,5.4457316068189,23.995704521472245,-0.3360875409448323,0.06393208798236968
28,4,1,predicted,1236.185841156749,200.34276999817487,5.479065312547407,0.1346779009591189,6.21121883392334,0.0,0.0,0.0,0.0,11,5.815761341044286,6.135355093329386,0.09136916032637464,-0.010174062412218183
28,7,2,predicted,1201.074798707199,190.66939679851103,7.315656040160638,0.0704076239963377,8.787535667419434,0.0,0.0,0.0,0.0,10,7.0304887637064315,6.62931368341348,0.06844162676415998,-0.34120648634983897
28,9,2,predicted,1194.05435001608,182.5494432251905,13.80495900980588,-0.0581214380177954,16.782468795776367,0.0,0.0,0.0,0.0,7,16.151266876844332,17.879180597537218,0.9586191976449322,1.0406421375103556
29,0,0,detected,151.10624015383044,284.5228624462624,-1.8223060369491575,0.3913412094116211,2.7970783710479736,0.0,200.7198181152344,302.3497314453125,369.025634765625,0,-1.8138305842667473,2.780894996888481,0.0010088567585197212,-0.0016550294426736002
29,2,2,detected,1009.7731896873728,182.25073325131143,6.285487174987793,-0.047497384250164,11.202957153320312,990.9651489257812,148.573974609375,1028.436279296875,216.2987060546875,0,7.6607264653396925,13.360115378209366,0.027152909224137302,0.019301803846132483
29,3,0,detected,464.11159743505254,183.72427436832325,-6.730104923248291,-0.0909473672509193,32.17691421508789,446.5357971191406,171.10145568847656,481.7542114257813,196.29100036621097,0,-6.687074287659307,31.971182732866026,0.003638915473076576,-0.017397791525845224
29,5,1,detected,947.4858560723746,228.96602327734587,2.684490919113159,0.3474047183990478,5.586853504180908,904.5330810546876,145.451171875,1000.6607055664062,313.7334289550781,0,1.7300529844022632,6.316149608959362,0.07806558226065645,0.0225905344484773
29,6,1,detected,336.89348074058927,226.9942619233593,-3.400431871414185,0.5270041823387146,8.878692626953125,316.0562744140625,171.8233642578125,367.7635192871094,283.2027893066406,0,-3.264498134042619,8.55199815474292,0.10430333171194552,-0.02311363247473449
29,8,1,detected,374.8391165305558,221.57435931221983,-2.846836566925049,0.4398545622825622,8.645514488220215,355.2826232910156,167.9317626953125,403.2076721191406,274.5782165527344,0,-2.9344335475444328,8.773592303087218,0.08221016808993065,0.024833092827888655
29,10,1,detected,914.2232445644144,228.85854191646385,2.524097681045532,0.3687804937362671,5.798820972442627,878.35595703125,153.5298614501953,962.6995239257812,307.2834777832031,0,2.403697766395422,5.735777959280629,0.04374835361962619,0.04598047643125126
29,1,0,predicted,836.7718784654298,179.2948394959763,7.723979069267643,-0.1960500602688558,24.315509796142575,0.0,0.0,0.0,0.0,12,5.3957122431321505,24.087962231894668,-0.3238850560624267,0.06511885564726502
29,4,1,predicted,1241.1638394600402,200.00367436504325,5.522761878587637,0.1317013401360079,6.21121883392334,0.0,0.0,0.0,0.0,12,5.865071763231896,6.134595538793671,0.08957510856839693,-0.00977247845716445
29,7,2,predicted,1206.2191317966535,190.2976671379292,7.379542954897204,0.0657911536555412,8.787535667419434,0.0,0.0,0.0,0.0,11,7.134930573143687,6.610982135498641,0.07023393241664219,-0.32526376038655536
29,9,2,predicted,1194.126997880585,182.54546715678416,13.806682046136784,-0.0582157410006142,16.782468795776367,0.0,0.0,0.0,0.0,8,16.313501344032872,18.319356349943767,0.8794458420502168,0.9835274359223075
30,0,0,detected,151.16524133250522,284.62460749022347,-1.8175541162490845,0.390320748090744,2.789784669876098,0.0,200.7357635498047,302.4429931640625,369.0360412597656,0,-1.813325134438058,2.7803616581113655,0.0009879433231887015,-0.0016084301533005984
30,2,2,detected,1010.1643604265496,182.16545611927293,3.093964099884033,-0.0233213379979133,5.500680923461914,992.3526000976562,147.8050537109375,1028.7601318359375,216.3615875244141,0,7.199202532705293,13.37941704043929,0.006851417678495383,0.01930179787669224
30,3,0,detected,464.1050513758951,183.7428584049046,-6.730104923248291,-0.0909473672509193,32.17691421508789,446.595458984375,171.19000244140625,481.6246337890625,196.3620147705078,0,-6.688399836583226,31.977520274340815,0.003432672771660764,-0.016411735668537306
30,5,1,detected,959.8578733246268,229.241611951874,2.7569456100463867,0.3456000089645386,5.557830810546875,918.7510986328124,145.11813354492188,1008.7742309570312,314.64666748046875,0,1.9090498584492976,6.213898598112215,0.08225865136354027,0.018145242278282153
30,6,1,detected,344.8222708034691,227.4087920031694,-3.1364386081695557,0.508931577205658,8.3748140335083,320.3314208984375,173.77764892578125,374.5877380371094,282.9908752441406,0,-3.157595330130883,8.512025679070359,0.10441421444110541,-0.023832760974898747
30,8,1,detected,384.3858258848299,221.62370304537032,-2.6239378452301025,0.4235953688621521,8.325933456420898,367.1642456054687,168.3984832763672,412.75830078125,275.23028564453125,0,-2.820706961628094,8.733194572440889,0.08389979597739894,0.02133600064337621
30,10,1,detected,923.9898476967176,228.7052605966596,2.655825138092041,0.3557647466659546,5.8543500900268555,894.5630493164062,151.29734802246094,971.9478759765624,305.3599853515625,0,2.5216920078220975,5.807622996701443,0.061965642111484656,0.052326715706976036
30,1,0,predicted,831.9002108063446,179.4291575354658,7.556570853933493,-0.1914344040189503,24.315509796142575,0.0,0.0,0.0,0.0,13,5.336141310284724,24.17051773894111,-0.31290444376773474,0.06583189468881015
30,4,1,predicted,1246.198764884948,199.66021754683024,5.566958147435633,0.1286864970957662,6.21121883392334,0.0,0.0,0.0,0.0,13,5.913406559317627,6.134013393910798,0.08786182939596413,-0.009390677104248872
30,7,2,predicted,1211.4149543931826,189.9224437788414,7.444069312238106,0.0611312954518896,8.787535667419434,0.0,0.0,0.0,0.0,12,7.234776794683928,6.597516848198609,0.07165866363107791,-0.3103436309332748
30,9,2,predicted,1194.1998789648123,182.5414727203677,13.808410613890509,-0.0583104796293959,16.782468795776367,0.0,0.0,0.0,0.0,9,16.42826171550589,18.66698898330139,0.8091910574832057,0.9274297007410484
31,0,0,detected,151.0122718819362,284.7524730929478,-1.8262590169906616,0.3952941298484802,2.7970783710479736,0.0,201.0979461669922,301.75048828125,369.0157775878906,0,-1.8137783814381616,2.78065025059933,0.0009295535658217091,-0.0015315723712624146
31,2,2,detected,1010.034317390846,182.31548332693467,3.0508971214294434,-0.023054638877511,5.4377760887146,991.6727294921876,148.093994140625,1028.20361328125,217.41067504882812,0,6.775911247330465,13.398718682801674,-0.010575793466726532,0.019301791489927857
31,3,0,detected,464.09958259603656,183.7443610438766,-6.781091213226318,-0.0916363671422004,32.42068099975586,446.5714721679687,171.18711853027344,481.6395263671875,196.29254150390625,0,-6.694917945489786,32.00868357586025,0.0030295173254904673,-0.014484235300795865
31,5,1,detected,972.5226187898012,228.6035174910556,2.8260233402252197,0.3260796070098877,5.493619918823242,935.5399780273438,139.41163635253906,1016.8618774414062,315.383544921875,0,2.0777183634506926,6.123913242734368,0.08575954247173592,0.014366644824668257
31,6,1,detected,352.321312811995,227.630899685856,-6.071533203125,1.0119222402572632,16.651866912841797,331.2980651855469,174.87062072753906,377.3812561035156,281.3919372558594,0,-3.374257730627517,8.488193063862814,0.09107547270971639,-0.02383275491916928
31,8,1,detected,395.2535548224227,221.92279904462816,-2.473116159439087,0.4336744546890259,8.293662071228027,374.62359619140625,168.14266967773438,428.86041259765625,277.200439453125,0,-2.701741492788613,8.693244204805326,0.08570961545054362,0.018172871186662422
31,10,1,detected,938.0227778194312,227.25079302881713,2.7970969676971436,0.3135388791561126,5.838376045227051,911.4231567382812,148.3755340576172,991.2445678710938,299.1284484863281,0,2.6599539305860693,5.852237962843157,0.0774077707234058,0.05076588171098978
31,1,0,predicted,826.9762306279748,179.56441443729503,7.387364990215684,-0.1867864850451202,24.315509796142575,0.0,0.0,0.0,0.0,14,5.267971903809924,24.244602680576772,-0.302989015377894,0.06616170316238616
31,4,1,predicted,1251.2906174314724,199.31239954353583,5.611654119091391,0.1256333718383939,6.21121883392334,0.0,0.0,0.0,0.0,14,5.960935438121781,6.133587164942653,0.08622774182204067,-0.00902748291460129
31,7,2,predicted,1216.6622664967863,189.5437267212476,7.509235112183347,0.0564280493853827,8.787535667419434,0.0,0.0,0.0,0.0,13,7.330755453780898,6.588360843697935,0.07279139915492039,-0.2963554323908196
31,9,2,predicted,1194.2729932687623,182.537459915941,13.81014471306704,-0.0584056539041405,16.782468795776367,0.0,0.0,0.0,0.0,10,16.50935179191688,18.946838613937267,0.746969089673878,0.8740917934658956
32,0,0,detected,150.83201434606033,284.7906183638399,-1.8286491632461548,0.3918534219264984,2.800739288330078,0.0,200.74215698242188,301.3568115234375,369.0272216796875,0,-1.8144421837370701,2.781298969031399,0.0008665165912567672,-0.0014453148446444907
32,3,0,detected,464.09136369637594,183.72109069109783,-6.730104923248291,-0.0909473672509193,32.17691421508789,446.4521179199219,171.1267547607422,481.7373046875,196.20230102539065,0,-6.6957423005746515,32.01262488723398,0.0028770489017781813,-0.013755276539744935
32,5,1,detected,983.077715249313,227.5273615060923,2.87705397605896,0.3093606531620025,5.4725446701049805,944.9900512695312,137.5138702392578,1024.0601806640625,313.6307373046875,0,2.235437177000145,6.047969601649576,0.08860642359920196,0.011263784397555085
32,6,1,detected,363.0879845669258,227.0355711463606,-3.048888921737671,0.4977777898311615,8.80561637878418,345.9630432128906,173.19041442871094,389.6724853515625,278.2899169921875,0,-3.2589281628064826,8.5034087518784,0.09205812621898407,-0.022253316959180446
32,8,1,detected,404.08029600197546,221.93925114808332,-2.377248525619507,0.4311676323413849,8.245721817016602,380.4922790527344,167.66188049316406,436.1852111816406,276.370361328125,0,-2.585398023509296,8.651672372730518,0.08723475297201677,0.015198420464182226
32,10,1,detected,955.5049488087468,227.02664361871064,2.7872045040130615,0.3183158040046692,5.493619918823242,935.2939453125,146.12823486328125,1008.53271484375,306.88043212890625,0,2.754395762901675,5.763094557204722,0.08034024399444106,0.02668000863244821
32,1,0,predicted,821.9999379303206,179.70061020146397,7.216361478114227,-0.1821063033473655,24.315509796142575,0.0,0.0,0.0,0.0,15,5.192019036382606,24.311245549804664,-0.29400692154657904,0.0661805158012288
32,2,2,predicted,1010.0051117656726,182.2723605324982,3.0586212706096054,-0.0209615802592182,5.4377760887146,0.0,0.0,0.0,0.0,1,6.391538655059421,13.418020305233863,-0.0253640901807654,0.01930178472778841
32,4,1,predicted,1256.4393970996132,198.9602203551601,5.656849793554912,0.1225419643638911,6.21121883392334,0.0,0.0,0.0,0.0,15,6.007802741790329,6.133298665387464,0.08467054860885552,-0.00868174780046594
32,7,2,predicted,1221.9610681074646,189.16151596514783,7.575040354732925,0.0516814154560208,8.787535667419434,0.0,0.0,0.0,0.0,14,7.423469990068195,6.583028722043748,0.0736911756703819,-0.2832184264603222
32,9,2,predicted,1194.3463407924348,182.53342874350412,13.811884343666383,-0.0585012638248478,16.782468795776367,0.0,0.0,0.0,0.0,11,16.566042270491604,19.17466409515218,0.6917924036434535,0.824117722750315
33,0,0,detected,150.73742817653434,284.77787846146447,-1.8226850032806396,0.3905753493309021,2.791604518890381,0.0,200.50555419921875,301.338623046875,369.00927734375,0,-1.8144713836127901,2.7810091108369943,0.0008318702710340824,-0.0014006217720221306
33,2,2,detected,1010.1389479880404,183.06959628722805,3.196685552597046,-0.0080318730324506,5.683306694030762,990.522705078125,150.0626983642578,1029.9288330078125,218.6647491455078,0,6.054520295216898,13.437321912200087,-0.03741887986428215,0.019301777803781662
33,3,0,detected,464.05327510546624,183.70481884151027,-6.730104923248291,-0.0909473672509193,32.17691421508789,446.428955078125,171.22021484375,481.6311340332031,196.1152801513672,0,-6.696527009957034,32.01637664761234,0.002735412061585528,-0.013078104209462784
33,5,1,detected,1001.2203748795962,226.46816956559329,3.1348273754119873,0.3087329864501953,5.601478576660156,964.7640991210938,138.0731201171875,1052.762939453125,311.3621826171875,0,2.403767563740944,6.001183581528419,0.09169014714148309,0.009299559593515614
33,6,1,detected,372.59123597170947,226.85882749187863,-2.861030340194702,0.494946151971817,8.541975975036621,353.20947265625,172.8381805419922,398.4334411621094,280.22540283203125,0,-3.136028192893322,8.487862484476521,0.09327830343081799,-0.021988782044614526
33,8,1,detected,411.7650192302783,222.1531121288048,-2.298472166061402,0.429512470960617,8.214068412780762,389.0422058105469,168.16604614257812,440.3776245117187,277.1698303222656,0,-2.4734115260940372,8.610745865483405,0.08842562959667864,0.012498091013646531
33,10,1,detected,968.246222266311,227.44699876561688,2.999481439590454,0.3514378368854522,5.783148288726807,937.8507690429688,147.7864990234375,1021.6527099609376,309.2216796875,0,2.8875013358092625,5.7876522751886235,0.08824726183368006,0.026361978017198334
33,1,0,predicted,816.9713327133819,179.83774482797264,7.043560317629116,-0.1773938589256862,24.315509796142575,0.0,0.0,0.0,0.0,16,5.1089827967265515,24.37131245477485,-0.2858465738563691,0.06594639023606995
33,4,1,predicted,1261.6451038893704,198.6036799817029,5.7025451708261965,0.1194122746722576,6.21121883392334,0.0,0.0,0.0,0.0,16,6.054131853386717,6.133132440714709,0.08318750151358958,-0.008352367296675331
33,7,2,predicted,1227.3113592252175,188.77581151054207,7.641485039886843,0.0468913936638036,8.787535667419434,0.0,0.0,0.0,0.0,15,7.513423955432875,6.58109716626094,0.0744044461232559,-0.27086045721843155
33,9,2,predicted,1194.4199215358296,182.52937920305703,13.813629505688535,-0.058597309391518,16.782468795776367,0.0,0.0,0.0,0.0,12,16.604707500621988,19.36135133096862,0.6427233615358544,0.7776228648147845
34,0,0,detected,150.6460473332403,284.79965290965765,-1.8262590169906616,0.3913412094116211,2.7970783710479736,0.0,200.69818115234375,301.17034912109375,369.01031494140625,0,-1.814850563837095,2.781285013738022,0.0007860170329058813,-0.0013371445798183307
34,2,2,detected,1017.9336254538506,182.03078551072855,3.3223681449890137,-0.0403200015425682,5.706039905548096,1007.46630859375,148.43719482421875,1040.801513671875,211.86410522460935,0,5.758497103116967,13.45662349811987,-0.047210251203097325,0.019301770525555727
34,3,0,detected,464.06815949898305,183.66555902929576,-6.730104923248291,-0.0909473672509193,32.17691421508789,446.53131103515625,171.2206268310547,481.6559448242187,195.94497680664065,0,-6.697276463218166,32.0199598441198,0.002603466812314562,-0.012447267929523134
34,5,1,detected,1017.0943842462264,226.0737417438042,3.1876702308654785,0.311752587556839,5.514857769012451,974.0487670898438,140.13739013671875,1069.8033447265625,311.39788818359375,0,2.5618869729618496,5.95128851955306,0.09420531623189794,0.007324000035507266
34,6,1,detected,383.2421366447715,226.73635851417643,-2.637209415435791,0.4805581271648407,8.293662071228027,362.06158447265625,173.44540405273438,412.32867431640625,279.6371154785156,0,-3.0028732974436236,8.447529768082271,0.09482073033420911,-0.022695299146156783
34,8,1,detected,419.6597589957725,221.877190737962,-2.209846258163452,0.4187077283859253,8.229865074157715,401.3243408203125,167.87611389160156,443.8323974609375,274.6717224121094,0,-2.3639829256888194,8.576069454704848,0.089403870368739,0.010300877034945663
34,10,1,detected,977.3799243211132,227.45738841147164,3.0734386444091797,0.3460708558559418,5.8304219245910645,941.8750610351562,149.62355041503906,1028.4527587890625,305.3689270019531,0,3.0048682132146416,5.818905079845595,0.09211368684263926,0.02701136895396889
34,1,0,predicted,811.8904149771588,179.97581831682103,6.868961508760354,-0.1726491517800823,24.315509796142575,0.0,0.0,0.0,0.0,17,5.01946706081636,24.425538283307212,-0.2784130236461156,0.065506275382663
34,4,1,predicted,1266.907737800744,198.2427784231643,5.748740250905242,0.1162443027634934,6.21121883392334,0.0,0.0,0.0,0.0,17,6.100028750652774,6.133075304881873,0.08177559097551752,-0.008038290199887135
34,7,2,predicted,1232.713139850045,188.38661335743032,7.708569167645099,0.042057984008731,8.787535667419434,0.0,0.0,0.0,0.0,16,7.601040209083085,6.582196667706134,0.07496800717070323,-0.25921683759555547
34,9,2,predicted,1194.493735498947,182.52531129459985,13.8153801991335,-0.0586937906041511,16.782468795776367,0.0,0.0,0.0,0.0,13,16.629827078112996,19.514833984066758,0.5989268876587954,0.7345045989590647
35,0,0,detected,150.6494300787818,284.7261158034013,-1.8226850032806396,0.3905753493309021,2.791604518890381,0.0,200.1577911376953,301.35333251953125,368.9916076660156,0,-1.8148726550009053,2.781040599481772,0.0007560324697653872,-0.0012965992153291164
35,3,0,detected,464.19055415119215,183.6287494933812,-6.679880619049072,-0.0902686566114425,31.93678855895996,447.18609619140625,171.41941833496094,481.4338073730469,195.69558715820312,0,-6.6932863132964835,32.00088268852892,0.0026549191888869655,-0.012693267519682316
35,5,1,detected,1029.3511513153867,224.65399192251292,3.26623272895813,0.2891162931919098,5.529108047485352,987.427978515625,137.9771728515625,1073.6651611328125,306.8294982910156,0,2.7132887371856294,5.909999774068236,0.09632756980288482,0.005721621313614268
35,6,1,detected,391.73821299217144,226.9326512574207,-2.4082038402557373,0.4618473351001739,7.78096342086792,368.4002990722656,174.43218994140625,418.4637145996094,280.4162902832031,0,-2.8600837986782377,8.358450388174715,0.09663694144188507,-0.025195465055743254
35,8,1,detected,427.9585570009883,222.07657945001617,-2.0930936336517334,0.4278700053691864,8.182657241821289,411.389892578125,169.9878692626953,450.648193359375,275.12322998046875,0,-2.25349511391393,8.539469247043897,0.09035607158105667,0.008182711894654622
35,10,1,detected,987.8453962099928,227.88361423883177,3.1426687240600586,0.3519134223461151,5.790974140167236,952.9937744140624,149.58404541015625,1040.450439453125,308.2855224609375,0,3.1096437633962903,5.830689476502476,0.09362428036750879,0.025194751198785684
35,1,0,predicted,806.7571847216512,180.11483066800915,6.692565051507942,-0.1678721819105538,24.315509796142575,0.0,0.0,0.0,0.0,18,4.923994702896735,24.47455084251717,-0.2716250762342087,0.06489834241788264
35,2,2,predicted,1018.3668409184876,181.9715405183317,3.276942350677861,-0.0244214983445993,5.706039905548096,0.0,0.0,0.0,0.0,1,5.483083884883792,13.475925061326873,-0.05567763997797586,0.0193017628671464
35,4,1,predicted,1272.227298833734,197.8775156795444,5.795435033792051,0.1130380486375988,6.21121883392334,0.0,0.0,0.0,0.0,18,6.1455848902019135,6.133115964413604,0.08043168129532678,-0.0077385236843128865
35,7,2,predicted,1238.1664099819473,187.9939215058126,7.776292738007692,0.0371811864908033,8.787535667419434,0.0,0.0,0.0,0.0,17,7.686675962707038,6.586004352497589,0.0754111858644347,-0.2482294164483359
35,9,2,predicted,1194.5677826817869,182.5212250181324,13.817136424001276,-0.058790707462747,16.782468795776367,0.0,0.0,0.0,0.0,14,16.644612274220854,19.641109430308706,0.5596808324548593,0.6945653674970842
36,0,0,detected,150.67752638920953,284.69735807860854,-1.8358582258224487,0.3933981955051422,2.8117804527282715,0.0,200.3180999755859,301.4506530761719,368.9821472167969,0,-1.816109216955577,2.782680106481742,0.0006834970507113724,-0.0011897176080627515
36,3,0,detected,464.3607266810917,183.56166005864097,-6.730104923248291,-0.0909473672509193,32.17691421508789,447.2615051269531,171.30419921875,481.7684631347656,195.5598907470703,0,-6.6942491003560605,32.005485844248845,0.002523225636235963,-0.012063634468202147
36,5,1,detected,1038.6212916965487,223.07642174557577,3.3600001335144043,0.2767058908939361,5.594156742095947,996.0386962890624,134.40032958984375,1077.973876953125,307.0411682128906,0,2.8600583893566647,5.881049008647704,0.09816378771941568,0.00459146082840275
36,6,1,detected,400.4837037670315,226.74552071051335,-2.309236526489258,0.4508509337902069,7.78096342086792,380.1891479492187,172.9850616455078,424.1709289550781,279.7998046875,0,-2.7208677789343407,8.27803855944242,0.09821682278326838,-0.02723164617431541
36,8,1,detected,437.92487393742255,221.91928609516236,-2.019960880279541,0.4277564287185669,8.407720565795898,419.9371948242187,170.32916259765625,464.5669860839844,272.8434753417969,0,-2.1470053544587704,8.53188412543395,0.09106367975116811,0.00749114974842499
36,10,1,detected,1003.881946894926,226.10316766210843,3.296689510345459,0.2930390536785126,5.759798049926758,976.2503051757812,143.3235321044922,1059.4818115234375,300.2272644042969,0,3.227382051161869,5.831082403383065,0.09623838545324173,0.022506082574969815
36,1,0,predicted,801.5716419468592,180.254781881537,6.514370945871877,-0.1630629493171007,24.315509796142575,0.0,0.0,0.0,0.0,19,4.823020033499553,24.51888978022409,-0.2654129747549231,0.06415377426295664
36,2,2,predicted,1018.8135578864698,181.91011003191628,3.2805446764676303,-0.0249168738090499,5.706039905548096,0.0,0.0,0.0,0.0,2,5.230648704351377,13.495226600636796,-0.06284010639920223,0.019301754822860333
36,4,1,predicted,1277.6037869883403,197.5078917508431,5.842629519486623,0.1097935122945736,6.21121883392334,0.0,0.0,0.0,0.0,19,6.190879562878234,6.13324471156358,0.07915260632993128,-0.007452135355720771
36,7,2,predicted,1243.671169620924,187.5977359556889,7.844655750974624,0.0322610011100204,8.787535667419434,0.0,0.0,0.0,0.0,18,7.770634667542968,6.5922377798366485,0.07575748818881838,-0.2378457893283862
36,9,2,predicted,1194.6420630843493,182.51712037365476,13.818898180291868,-0.0588880599673058,16.782468795776367,0.0,0.0,0.0,0.0,15,16.651406753790052,19.744830987345267,0.5243692725828025,0.6575717878694727
37,0,0,detected,150.7829750450372,284.70489829762516,-1.833448886871338,0.3928819000720978,2.8080904483795166,0.0,200.49497985839844,301.7926330566406,368.97998046875,0,-1.817041946660357,2.783875748114426,0.0006257136141445027,-0.00110443610043483
37,2,2,detected,1016.7909722716576,183.18269938974436,3.3434078693389893,-0.0082962969318032,5.870411396026611,989.0090942382812,148.0433807373047,1042.863525390625,221.16026306152344,0,5.004205537745953,13.514528119911407,-0.06868925288774552,0.019301746564553645
37,3,0,detected,465.80684348536533,183.49220807864944,-6.309065341949463,-0.0870215892791748,30.78798484802246,452.1150512695313,171.54776000976562,482.03814697265625,195.1866455078125,0,-6.657410807202305,31.885324664007097,0.0037500600024221982,-0.015928344452749453
37,5,1,detected,1052.4064612600048,221.79591628072217,3.4672067165374756,0.2745525538921356,5.550622463226318,1012.6500244140624,134.25535583496094,1096.4171142578125,306.2002258300781,0,3.0038653446913646,5.851072802791206,0.09979562500440542,0.0034760047117523563
37,6,1,detected,409.91085063562906,226.29830182670852,-2.2142951488494873,0.440655767917633,7.795136451721191,391.4375,173.47821044921875,432.5337219238281,277.35223388671875,0,-2.585225588117569,8.206557129329468,0.09957919975284549,-0.028831381388125254
37,8,1,detected,446.7413965370227,221.92750714545036,-1.8885518312454224,0.4171034693717956,8.198332786560059,427.0182495117187,171.23770141601562,472.4089050292969,272.7093505859375,0,-2.0376253887883977,8.502057409277239,0.0918449767278999,0.005899323985364857
37,10,1,detected,1024.9995867897255,225.4385637196577,3.480224370956421,0.3068411350250244,5.713657855987549,1007.4837646484376,144.2763671875,1079.4495849609375,303.551513671875,0,3.3613768031514577,5.819851963455905,0.09999197102492079,0.019152133672585017
37,1,0,predicted,796.3337866527827,180.39567195740457,6.3343791918521575,-0.1582214539997231,24.315509796142575,0.0,0.0,0.0,0.0,20,4.716939026610314,24.55902157818815,-0.2597165286176716,0.06329815253734296
37,4,1,predicted,1283.0372022645636,197.1339066370604,5.890323707988958,0.1065106937344176,6.21121883392334,0.0,0.0,0.0,0.0,20,6.235981828585423,6.133453172350484,0.0779352364956741,-0.007178253259803323
37,7,2,predicted,1249.2274187669757,187.1980567070592,7.913658206545894,0.027297427866382,8.787535667419434,0.0,0.0,0.0,0.0,19,7.853175477352891,6.600649587032635,0.07602585264020086,-0.22801862544288903
37,9,2,predicted,1194.7165767066342,182.51299736116695,13.820665468005268,-0.0589858481178274,16.782468795776367,0.0,0.0,0.0,0.0,16,16.651948616198926,19.829679658671846,0.4924699385792457,0.6232838084193952
38,0,0,detected,150.8292177379823,284.7193443663219,-1.8238747119903564,0.3908303081989288,2.793426752090454,0.0,200.5500335693359,301.76666259765625,368.9794616699219,0,-1.817071184403309,2.7837069980956715,0.000602692201012667,-0.001071546916200508
38,2,2,detected,1012.9472880816664,182.4576827197874,13.413721084594728,-0.1351508498191833,23.907987594604492,991.5090942382812,148.93751525878906,1028.2576904296875,213.74131774902344,0,5.680012821070817,13.53383020906551,-0.04252034408305022,0.019301758271226613
38,3,0,detected,466.2568537207045,183.35670674278705,-6.262468338012695,-0.0857872366905212,30.351274490356445,450.9533386230469,170.9942626953125,482.1794738769531,195.21060180664065,0,-6.6193089710265145,31.73608549844494,0.004957518270170896,-0.020614193950503002
38,5,1,detected,1068.2400558497518,220.0564567191821,3.609924793243408,0.2516723275184631,5.56505823135376,1028.492431640625,132.0136260986328,1114.94482421875,303.49444580078125,0,3.1481175111386803,5.825853201540884,0.10135826381090679,0.0025583819982172647
38,6,1,detected,420.8982231813752,226.4302374438329,-2.1213135719299316,0.4626268744468689,7.98419713973999,400.66021728515625,173.77102661132812,447.527587890625,279.8631896972656,0,-2.452974858054827,8.15944343782236,0.10074727427753094,-0.029480133334431842
38,8,1,detected,453.4383840835778,222.199486274082,-1.8271205425262451,0.4278700053691864,8.182657241821289,433.9681701660156,171.0026092529297,474.5340270996094,274.6311950683594,0,-1.9331579915689954,8.47335306327071,0.09236936000319322,0.00446175614172243
38,10,1,detected,1039.000296323669,222.7542534195428,3.4447648525238037,0.2438075393438339,5.56505823135376,1014.1668090820312,148.8700408935547,1086.2021484375,283.95684814453125,0,3.457617366155959,5.777110121745349,0.09964731381298424,0.013465680779402363
38,1,0,predicted,791.0436188394217,180.53750089561183,6.152589789448786,-0.1533476959584208,24.315509796142575,0.0,0.0,0.0,0.0,21,4.606097773585947,24.59535155184899,-0.25448359156454003,0.062352541917439705
38,4,1,predicted,1288.527544662403,196.75556033819632,5.938517599299057,0.1031895929571312,6.21121883392334,0.0,0.0,0.0,0.0,21,6.280952114531721,6.133734098464034,0.07677652487954437,-0.006916064552019485
38,7,2,predicted,1254.8351574201015,186.79488375992355,7.983300104721502,0.0222904667598887,8.787535667419434,0.0,0.0,0.0,0.0,20,7.934520835459823,6.611022866371473,0.07623161115488884,-0.218705089832341
38,9,2,predicted,1194.7913235486417,182.50885598066895,13.822438287141484,-0.0590840719143119,16.782468795776367,0.0,0.0,0.0,0.0,17,16.64754537837776,19.89861105570579,0.46354061560197285,0.5914690288239347
39,0,0,detected,150.94702893734714,284.69426234664144,-1.8151875734329224,0.3898125290870666,2.7861521244049072,0.0,200.32403564453125,302.12103271484375,368.98443603515625,0,-1.8163582619832703,2.7829380805648394,0.0006065053451776068,-0.0010610781945998974
39,2,2,detected,1011.0211384784744,182.40373726823867,8.366048812866211,-0.0632195174694061,14.911253929138184,991.3291015625,148.4758758544922,1027.306640625,216.26478576660156,0,5.87229999930645,13.812029387864792,-0.03439775354910847,0.027927323930547275
39,3,0,detected,464.56377504377315,183.77196012105583,-7.032558441162109,-0.0468837209045887,33.17464828491211,445.2615661621094,171.68885803222656,480.67279052734375,197.69105529785156,0,-6.650340501423833,31.8410416388471,0.0037125653694057596,-0.016270396106699083
39,5,1,detected,1087.212879228195,218.5874069015429,3.7750847339630127,0.2516723275184631,5.56505823135376,1037.2073974609375,129.32901000976562,1148.475830078125,304.7218933105469,0,3.2947073634462605,5.803247608159971,0.10292293971621953,0.0017602132713249595
39,6,1,detected,431.97583409035445,226.0982183499752,-2.0122320652008057,0.4521869421005249,7.999121189117432,408.09075927734375,170.33175659179688,461.7468566894531,280.6434326171875,0,-2.322371559785534,8.117922061814136,0.10179670772833763,-0.029900019174830643
39,8,1,detected,461.1050079149728,221.83200321306308,-1.7247148752212524,0.4139315783977508,8.135988235473633,441.6241149902344,167.64093017578125,483.6687622070313,274.4128723144531,0,-1.828772652058198,8.442428860026654,0.09285618684114547,0.0030280956811013764
39,10,1,detected,1045.5992969554395,222.74934317255935,3.5099284648895264,0.3052111864089966,5.683306694030762,997.775146484375,144.5252685546875,1101.0665283203125,301.4748229980469,0,3.547208523931323,5.76778743866376,0.09878793601577687,0.011518235466943305
39,1,0,predicted,785.7011385067763,180.68026869615883,5.9690027386617635,-0.1484416751931939,24.315509796142575,0.0,0.0,0.0,0.0,22,4.490799506736005,24.628233542920633,-0.24966881651037456,0.061334344680112333
39,4,1,predicted,1294.0748141818588,196.37285285425085,5.9872111934169165,0.0998302099627141,6.21121883392334,0.0,0.0,0.0,0.0,22,6.325843542400149,6.1340811944602445,0.07567353812426997,-0.006664813320657831
39,7,2,predicted,1260.4943855803022,186.3882171142819,8.05358144550145,0.01724011779054,8.787535667419434,0.0,0.0,0.0,0.0,21,8.014862598785488,6.623167171603765,0.07638723124418739,-0.20986634445188862
39,9,2,predicted,1194.8663036103717,182.50469623216077,13.824216637700513,-0.0591827313567592,16.782468795776367,0.0,0.0,0.0,0.0,18,16.639193141991186,19.954026702826297,0.43720648097224046,0.5619093919323271
40,0,0,detected,151.05966412209943,284.7372141367581,-1.8246911764144895,0.3918534219264984,2.800739288330078,0.0,200.7173767089844,302.32196044921875,368.9667663574219,0,-1.8165062079699905,2.783468903983654,0.000580795620584616,-0.001006830358683061
40,2,2,detected,1010.42803163191,182.33557126475608,8.484296798706055,-0.0641130730509758,15.122013092041016,991.286865234375,148.19515991210938,1028.5997314453125,216.35791015625,0,6.061247378343121,14.05683747620396,-0.02678673663497417,0.034987924435241236
40,3,0,detected,463.465276824101,183.9657563779216,-7.3756103515625,-0.0491707362234592,34.79292678833008,443.91363525390625,171.79397583007812,481.0738220214844,196.9352874755859,0,-6.708151140923081,32.07527171823688,0.001616015749336335,-0.007733996258047202
40,5,1,detected,1101.2322618691912,217.21120921281135,3.84586763381958,0.2359427958726883,5.56505823135376,1045.42236328125,128.4622344970703,1158.57177734375,303.5211181640625,0,3.4354597439516312,5.782839879798393,0.10421206793837988,0.0010621868031982606
40,6,1,detected,439.9112282422057,226.2301840219143,-4.253268718719482,1.008000135421753,17.39646339416504,414.5624694824219,172.55035400390625,464.9891357421875,280.70068359375,0,-2.395499519797177,8.088022180342989,0.09574561772786784,-0.02990001445093638
40,8,1,detected,469.90374079746545,221.8823278264123,-1.612800121307373,0.4262399971485138,8.151485443115234,452.9310302734375,169.44578552246094,491.6116943359375,274.5997009277344,0,-1.7235010231412007,8.415811937259022,0.09334737146830374,0.0018552677427259208
40,10,1,detected,1056.5755804298433,222.29622630829783,3.6400749683380127,0.2899174690246582,5.698441982269287,1020.8764038085938,145.53909301757812,1107.9268798828125,297.4118347167969,0,3.644809769770477,5.763100272668993,0.09869307919964772,0.010222873950488418
40,1,0,predicted,780.3063456548464,180.82397535904556,5.783618039491089,-0.1435033917040424,24.315509796142575,0.0,0.0,0.0,0.0,23,4.371310462984654,24.657977815147163,-0.2452326309491488,0.060257979053715785
40,4,1,predicted,1299.679010822931,195.985784185224,6.03640449034254,0.0964325447511666,6.21121883392334,0.0,0.0,0.0,0.0,23,6.370703035894509,6.134488973511403,0.0746234762216178,-0.006423797904089504
40,7,2,predicted,1266.2051032475774,185.97805677013423,8.124502228885733,0.0121463809583359,8.787535667419434,0.0,0.0,0.0,0.0,22,8.09436701253033,6.636915064711518,0.07650289317645237,-0.20146711525128438
40,9,2,predicted,1194.9415168918242,182.5005181156424,13.826000519682353,-0.0592818264451693,16.782468795776367,0.0,0.0,0.0,0.0,19,16.62765924793427,19.99789697270499,0.4131490434786008,0.5344038681574492
41,0,0,detected,151.18093665265962,284.67997845068413,-1.8294804096221924,0.3928819000720978,2.8080904483795166,0.0,200.4683532714844,302.5653991699219,368.6710205078125,0,-1.8170481472242672,2.7845848236000457,0.0005430698892959617,-0.0009355024815984969
41,2,2,detected,1010.1868815764956,182.31108001078331,8.387123107910156,-0.0632195174694061,14.911253929138184,991.3262939453124,148.26242065429688,1028.75634765625,216.4258728027344,0,6.229327239349219,14.217074049476794,-0.02023889968401957,0.03898053848505052
41,3,0,detected,464.660830453364,183.4693503847293,-7.867752552032471,-0.1605663746595382,37.871944427490234,449.2110900878906,171.35427856445312,482.31585693359375,193.45741271972656,0,-6.80271657591061,32.5483057889145,-0.0016158385794967063,0.008420598483318827
41,5,1,detected,1113.0785116838736,215.8199885494732,3.874136447906494,0.2251501977443695,5.493619918823242,1059.253173828125,125.0313720703125,1164.1845703125,304.3885803222656,0,3.567374887272944,5.757903441912367,0.10514293666007617,0.00024886998566436174
41,6,1,detected,450.47149159165616,225.33070734324545,-1.795324683189392,0.4263896346092224,7.93975830078125,431.6888122558594,168.4058380126953,473.33349609375,278.699951171875,0,-2.257182090301731,8.046819849794744,0.09719635352710866,-0.03028122816496627
41,8,1,detected,479.9396271007427,221.43779123733393,-1.4720605611801147,0.3993962705135345,8.0745849609375,457.6140441894531,165.8323516845703,508.7262573242187,275.1807556152344,0,-1.6146084371398357,8.383932099502585,0.09394866049278777,0.0005503935878329626
41,10,1,detected,1066.0158090480493,220.90728687817256,3.769756555557251,0.2622439265251159,5.798820972442627,1029.3577880859375,143.34837341308594,1114.8819580078125,292.4461975097656,0,3.7484813587681414,5.778158318189156,0.0990671115731562,0.010586137411222517
41,1,0,predicted,774.8592402836321,180.96862088427204,5.5964356919367635,-0.1385328454909654,24.315509796142575,0.0,0.0,0.0,0.0,24,4.247864802155496,24.684857537019813,-0.24114038921685718,0.05913542130914836
41,4,1,predicted,1305.3401345856198,195.5943543311158,6.086097490075925,0.0929965973224884,6.21121883392334,0.0,0.0,0.0,0.0,24,6.415572249316198,6.1349526363928,0.07362368424203676,-0.006192367937253804
41,7,2,predicted,1271.967310421927,185.56440272748063,8.196062454874356,0.0070092562632768,8.787535667419434,0.0,0.0,0.0,0.0,23,8.173178775588,6.652119125745694,0.0765869418129041,-0.1934753148957641
41,9,2,predicted,1195.016963392999,182.49632163111383,13.827789933087,-0.0593813571795423,16.782468795776367,0.0,0.0,0.0,0.0,20,16.61354058793077,20.03185169824353,0.3910967813403803,0.5087690259822378
42,0,0,detected,151.21086617851736,284.67628854677145,-1.8199270963668823,0.3908303081989288,2.793426752090454,0.0,200.69813537597656,302.4507141113281,368.67083740234375,0,-1.816783445997402,2.784444679167687,0.0005338383841928186,-0.0009091261221826031
42,2,2,detected,1009.9801717628844,182.22253513886068,8.336999893188477,-0.0630000010132789,14.859477996826172,990.9437866210938,147.717529296875,1028.8114013671875,216.53472900390625,0,6.382186118316022,14.340544682684358,-0.014498479720774227,0.0416229756559137
42,3,0,detected,463.73972431059263,183.5534271680787,-1.6615384817123413,-0.0221538469195365,7.837966442108154,445.8965148925781,171.43179321289062,479.9401550292969,196.0979766845703,0,-6.38598504269789,32.55672605907275,0.012257762938242121,0.008420587595115844
42,5,1,detected,1123.1821502843586,214.83457512570715,3.933910608291626,0.2245736420154571,5.479551792144775,1076.0870361328125,128.21762084960938,1164.3895263671875,301.0736389160156,0,3.6937811655662336,5.7339044449744945,0.10584809019669567,-0.0005052631389526221
42,6,1,detected,461.2314748320773,224.4874201567842,-1.6595802307128906,0.4121105074882507,7.881270408630371,443.383544921875,169.3888702392578,482.9661254882813,276.4933776855469,0,-2.1185380919008012,8.004007165000557,0.09858906230285652,-0.030697308506693534
42,8,1,detected,487.6620026505118,221.8556193496695,-1.4150038957595823,0.422218918800354,8.0745849609375,464.4045104980469,167.8247528076172,512.67333984375,277.8189392089844,0,-1.510520344031935,8.354742689508628,0.09433256341011036,-0.0005756257654228119
42,1,0,predicted,769.3598223931333,181.11420527183824,5.407455695998786,-0.1335300365539637,24.315509796142575,0.0,0.0,0.0,0.0,25,4.120668751077584,24.70911414321269,-0.23736166739587394,0.05797664162351418
42,4,1,predicted,1311.058185469925,195.19856329192615,6.136290192617076,0.0895223676766796,6.21121883392334,0.0,0.0,0.0,0.0,25,6.460488349481777,6.135467969482676,0.07267165822521841,-0.005969921287829793
42,7,2,predicted,1277.7810071033518,185.14725498632103,8.268262123467318,0.0018287437053624,8.787535667419434,0.0,0.0,0.0,0.0,24,8.251424381853193,6.668649359480764,0.07664624248456973,-0.18586171271089827
42,9,2,predicted,1195.0926431138964,182.49210677857508,13.829584877914458,-0.0594813235598782,16.782468795776367,0.0,0.0,0.0,0.0,21,16.597305395668805,20.05724840861079,0.37081734538991123,0.48483850770216674
42,10,1,predicted,1069.216398649034,220.75183433456877,3.7469442663181782,0.2929906518359584,5.798820972442627,0.0,0.0,0.0,0.0,1,3.829444560115,5.790557743206769,0.09778329911639655,0.010714724063921974
43,0,0,detected,151.2659190467201,284.6038143360739,-1.8246911764144895,0.3918534219264984,2.800739288330078,0.0,199.964599609375,302.6013488769531,368.9739990234375,0,-1.8169244731687892,2.784910914503095,0.0005117305807352682,-0.0008640708952028282
43,2,2,detected,1009.905901790252,182.19445536313427,8.39530086517334,-0.0634405687451362,14.963391304016112,990.929443359375,147.84214782714844,1028.928466796875,216.618896484375,0,6.529786219897912,14.457530057117193,-0.009188320465267267,0.04393968324970816
43,3,0,detected,464.25831764573365,183.70541481826004,-7.716414451599121,-0.0521379336714744,36.89249801635742,445.8448181152344,171.78929138183594,483.6550903320313,196.30189514160156,0,-6.481069095661973,32.93906619819845,0.008741371044889458,0.02064967798197384
43,5,1,detected,1135.7762108067063,213.81748817042055,4.057912826538086,0.2176658362150192,5.500680923461914,1095.3792724609375,125.68631744384766,1174.534423828125,301.5719909667969,0,3.82027786854945,5.713674227486183,0.10652451451466667,-0.0011155456913491382
43,6,1,detected,471.6021019527943,223.5276165699018,-1.5651017427444458,0.4024547338485718,7.910406112670898,448.2205810546875,166.5133514404297,497.6518859863281,277.1744079589844,0,-1.9829488756914855,7.96764558798403,0.0998160937747984,-0.03088266138032286
43,8,1,detected,495.4107227821266,221.37850779179223,-1.3287273645401,0.4009091258049011,8.105170249938965,475.2141723632813,166.86798095703125,517.0865478515625,273.8969421386719,0,-1.407988971276064,8.330825333900814,0.09463677727343192,-0.0014417122314575297
43,10,1,detected,1089.5831448466554,219.21684143458768,4.029242515563965,0.2564815580844879,5.8543500900268555,1061.0157470703125,139.00442504882812,1137.742431640625,294.6917419433594,0,3.9446949443262187,5.810360488410422,0.09895684004969846,0.011325310475580852
43,1,0,predicted,763.80809198335,181.26072852174417,5.216678051677153,-0.1284949648930375,24.315509796142575,0.0,0.0,0.0,0.0,26,3.989904110880525,24.730961798739784,-0.23386967390623067,0.05678995651075925
43,4,1,predicted,1316.8331634758467,194.7984110676552,6.186982597965987,0.0860098558137403,6.21121883392334,0.0,0.0,0.0,0.0,26,6.505484676799457,6.136031258402734,0.07176504686941956,-0.0057559009899666655
43,7,2,predicted,1283.646193291851,184.7266135466555,8.341101234664617,-0.003395156715407,8.787535667419434,0.0,0.0,0.0,0.0,25,8.329214881227308,6.686390942281173,0.07668646289223476,-0.17859964493858704
43,9,2,predicted,1195.1685560545163,182.48787355802617,13.831385354164732,-0.0595817255861769,16.782468795776367,0.0,0.0,0.0,0.0,22,16.579323638616273,20.075224625211852,0.35211111788138316,0.4624619691361925
44,0,0,detected,151.29591480990672,284.62772882547637,-1.812827229499817,0.3893055915832519,2.78252911567688,0.0,200.71142578125,302.6114196777344,368.6917114257813,0,-1.8161308459585501,2.783927518318114,0.0005208604776650593,-0.0008679355302596809
44,2,2,detected,1009.968235831828,182.1307656149718,8.387123107910156,-0.0632195174694061,14.911253929138184,991.0322265625,147.551513671875,1029.191162109375,216.6372528076172,0,6.667345980447914,14.551105677085785,-0.004435532690997919,0.04544209431741983
44,3,0,detected,464.2818565200493,183.7447117985259,-6.303549766540527,-0.085183098912239,30.13753318786621,446.7294006347656,171.80479431152344,481.8884582519531,195.8573760986328,0,-6.459058232540085,32.72144462932572,0.009171135299917501,0.012956547978293795
44,5,1,detected,1149.1493659838602,212.65465254744575,4.215510845184326,0.2123485207557678,5.56505823135376,1106.2724609375,123.44303131103516,1191.4072265625,301.047607421875,0,3.9495009314665617,5.700359927461876,0.10725966132268235,-0.001491228893482899
44,6,1,detected,479.5220845475305,223.62629172289883,-1.48703134059906,0.4327926635742187,7.852348327636719,453.52880859375,170.19760131835938,503.447509765625,278.2925109863281,0,-1.8514662486509281,7.929362094643119,0.10085345223506165,-0.031121607179413913
44,8,1,detected,502.3604765763818,221.4682913480388,-1.2647908926010132,0.4139315783977508,8.135988235473633,481.8871154785156,166.28695678710938,522.5921630859375,277.1799011230469,0,-1.3089016032564125,8.31165914371425,0.09479878990422916,-0.0020869275448299144
44,10,1,detected,1101.0433119601028,219.04778969692708,4.129323959350586,0.28363037109375,5.902799606323242,1067.7772216796875,140.64181518554688,1147.1334228515625,297.5768127441406,0,4.05764335032185,5.834932914255951,0.0998504486837785,0.01217137279033421
44,1,0,predicted,758.2040490542822,181.40819063398985,5.024102758971869,-0.1234276305081867,24.315509796142575,0.0,0.0,0.0,0.0,27,3.855731238284138,24.75059113941606,-0.23064075441971363,0.0555823152672711
44,4,1,predicted,1322.6650686033847,194.3938976583028,6.238174706122662,0.0824590617336703,6.21121883392334,0.0,0.0,0.0,0.0,27,6.550591306242137,6.136639214592237,0.0709016502270199,-0.005549792246393839
44,7,2,predicted,1289.5628689874247,184.30247840848395,8.414579788466256,-0.0086624449990318,8.787535667419434,0.0,0.0,0.0,0.0,26,8.406648172758498,6.705242260944915,0.0767122975979262,-0.17166475957472063
44,9,2,predicted,1195.2447022148588,182.483621969467,13.833191361837814,-0.0596825632584384,16.782468795776367,0.0,0.0,0.0,0.0,23,16.559889421616194,20.086738532198666,0.3348059090819644,0.4415037920166318
45,0,0,detected,151.4201175637126,284.6403768842928,-1.8223060369491575,0.3913412094116211,2.7970783710479736,0.0,200.69126892089844,303.02099609375,368.6819152832031,0,-1.8161280487640064,2.7841441950411845,0.000504258301054384,-0.0008331773747011462
45,2,2,detected,1009.9827245978328,182.13601523631536,8.329079627990723,-0.0627820119261741,14.808061599731444,991.034912109375,147.86134338378906,1029.12060546875,216.63137817382812,0,6.791819414457272,14.620654864719183,-0.00030443615976967747,0.04616175822768016
45,3,0,detected,464.3892922090193,183.7384842103988,-6.885415554046631,-0.0930461585521698,32.91946029663086,447.2229309082031,171.4152374267578,481.7525329589844,196.03713989257812,0,-6.483583269274536,32.749685666043845,0.008091286915666452,0.013444223616704365
45,5,1,detected,1166.3110012840532,212.48337192637325,4.291383266448975,0.2234293073415756,5.451630115509033,1120.0362548828125,126.40939331054688,1217.9869384765625,301.76300048828125,0,4.074912990987911,5.678882047401567,0.10784138431024066,-0.0021042369288012583
45,6,1,detected,488.0558745062788,223.63586779862376,-1.3897058963775637,0.4335882663726806,7.866782665252685,463.9197387695313,169.2572021484375,511.0545043945313,278.8178405761719,0,-1.7222379345253103,7.8955510490711145,0.10177244003890205,-0.03120737145615037
45,8,1,detected,510.2734564929055,221.02304522228255,-1.1705807447433472,0.4016698896884918,8.120550155639648,490.521728515625,165.90843200683594,531.2816772460938,274.37750244140625,0,-1.2101999736420046,8.292621670675688,0.09493832446524143,-0.0026929444709716615
45,10,1,detected,1110.5074152859493,218.7273555370677,4.302891254425049,0.2822970449924469,6.0530829429626465,1075.74658203125,140.85470581054688,1155.00146484375,296.09136962890625,0,4.180194443647065,5.879263366159395,0.10123284187559868,0.014129752947522414
45,1,0,predicted,752.54769360593,181.5565916085752,4.829729817882933,-0.1183280333994113,24.315509796142575,0.0,0.0,0.0,0.0,28,3.7182915907130942,24.768172424302126,-0.2276539740656042,0.05435953389377466
45,4,1,predicted,1328.5539008525393,193.98502306386905,6.289866517087099,0.0788699854364696,6.21121883392334,0.0,0.0,0.0,0.0,28,6.5958355249559535,6.137288912632486,0.07007941629684808,-0.005351119543679036
45,7,2,predicted,1295.5310341900731,183.8748495718064,8.488697784872231,-0.0139731211455119,8.787535667419434,0.0,0.0,0.0,0.0,27,8.483810918388391,6.725113202481274,0.07672764768660084,-0.1650347910023295
45,9,2,predicted,1195.3210815949235,182.4793520128977,13.835002900933713,-0.0597838365766628,16.782468795776367,0.0,0.0,0.0,0.0,24,16.5392377114747,20.092601001190058,0.31875259298550657,0.4218417387547122
46,0,0,detected,151.4938429508038,284.6581193014337,-1.8246911764144895,0.3918534219264984,2.800739288330078,0.0,200.7361602783203,303.0663146972656,368.68804931640625,0,-1.8163145798110483,2.7846387723021078,0.00048233632632384743,-0.0007910415142529108
46,2,2,detected,1009.9503151665482,182.1376103521463,8.5358304977417,-0.0643404275178909,15.175637245178224,990.890869140625,147.7339630126953,1029.1109619140625,216.73793029785156,0,6.92440383810683,14.721715980163466,0.003912748477976352,0.04778066019873701
46,3,0,detected,464.42988941478063,183.75501955987255,-6.832855224609375,-0.0923358872532844,32.66816711425781,447.19488525390625,171.49319458007812,481.7319030761719,196.08914184570312,0,-6.50271732850242,32.75544852201055,0.007227299432602521,0.013201795672118224
46,5,1,detected,1178.7216226104244,212.62353792322637,4.232099533081055,0.2176079452037811,5.3095903396606445,1129.9385986328125,126.0448226928711,1224.0,303.4682312011719,0,4.186513684713097,5.647716799426957,0.10796068476880422,-0.002992342750565207
46,6,1,detected,499.5442286268408,222.98700558765964,-1.2571686506271362,0.4190562069416046,8.014101028442383,481.6736450195313,168.1321563720703,521.2182006835938,275.8960266113281,0,-1.5923577721116446,7.876846667593427,0.10267319750655765,-0.030813161998319728
46,8,1,detected,519.2504540040837,220.11284966148256,-1.0439324378967283,0.3744540810585022,8.029136657714844,496.8825073242187,166.92881774902344,544.4501342773438,269.692138671875,0,-1.1089980176671286,8.267027794197451,0.09515848989756928,-0.00349790778791246
46,10,1,detected,1124.9116424108406,216.97984170842224,4.5165324211120605,0.2422661036252975,6.1223602294921875,1094.0965576171875,134.94131469726562,1174.28662109375,292.18701171875,0,4.316592285341119,5.927640046018765,0.10328024488618906,0.016123703228335097
46,1,0,predicted,746.8390256382934,181.70593144550028,4.633559228410346,-0.1131961735667113,24.315509796142575,0.0,0.0,0.0,0.0,29,3.5777099084121127,24.78385820704497,-0.2248907632763027,0.05312648695570098
46,4,1,predicted,1334.4996602233102,193.57178728435392,6.3420580308593,0.0752426269221385,6.21121883392334,0.0,0.0,0.0,0.0,29,6.641242240079291,6.137977736552909,0.06929643616962056,-0.005159443907164352
46,7,2,predicted,1301.550688899796,183.4437270366229,8.563455223882544,-0.0193271851548471,8.787535667419434,0.0,0.0,0.0,0.0,28,8.560780147343706,6.745923659921382,0.07673576521303735,-0.15868936039468945
46,9,2,predicted,1195.3976941947112,182.4750636883182,13.836819971452424,-0.0598855455408501,16.782468795776367,0.0,0.0,0.0,0.0,25,16.51755696973776,20.093501079809485,0.30382151145550146,0.4033656406986195
47,0,0,detected,151.49589104627884,284.6245660748443,-1.8234978914260864,0.3915971517562866,2.79890775680542,0.0,200.1488800048828,302.93829345703125,368.9908447265625,0,-1.8164076560003908,2.78497819327753,0.00046423969488761026,-0.0007554886500534629
47,2,2,detected,1009.975130665256,182.127165485291,8.300358772277832,-0.0625655204057693,14.756999015808104,990.8292846679688,147.65110778808594,1029.3197021484375,216.74267578125,0,7.031307260264185,14.76821351797785,0.00715178866601878,0.047743229562870755
47,3,0,detected,464.414926728182,183.7389796771739,-6.730104923248291,-0.0909473672509193,32.17691421508789,447.10601806640625,171.3555450439453,481.68939208984375,196.05764770507812,0,-6.5131011100253575,32.72172362032147,0.006673433757857575,0.0117354860729284
47,5,1,detected,1188.2052803699823,211.45688531607232,4.237310886383057,0.1855214834213256,5.250957012176514,1143.8099365234375,117.4634017944336,1224.0,304.37030029296875,0,4.290183462324964,5.614168221264317,0.10782573642612471,-0.003923174000020883
47,6,1,detected,509.1817577146273,222.91133707146136,-1.1622090339660645,0.4287761449813843,7.98419713973999,486.7710876464844,169.5677032470703,531.6337280273438,276.8056335449219,0,-1.464736191857894,7.857313020074735,0.10346492629864024,-0.03046120103974243
47,8,1,detected,527.8438893120697,220.1664844748109,-0.951370894908905,0.3964045345783233,8.014101028442383,506.7145385742187,167.47120666503906,550.7255859375,273.52899169921875,0,-1.0084637527812363,8.242065139149632,0.09534445165297459,-0.0042404280921390786
47,10,1,detected,1139.5037726185938,215.57848624944492,4.6112775802612305,0.2408876270055771,6.0875244140625,1112.7530517578125,132.8866424560547,1184.362060546875,293.154541015625,0,4.447352379638714,5.964403337490517,0.10481376685193883,0.01727550218696306
47,1,0,predicted,741.0780451513723,181.8562101447651,4.4355909905541075,-0.1080320510100867,24.315509796142575,0.0,0.0,0.0,0.0,30,3.4340960934421534,24.797785610998684,-0.22233461627268905,0.051887265569243994
47,4,1,predicted,1340.5023467156975,193.1541903197574,6.394749247439263,0.0715769861906767,6.21121883392334,0.0,0.0,0.0,0.0,30,6.68683432783086,6.138703333679617,0.06855093820932515,-0.004974360309436529
47,7,2,predicted,1307.6218331165935,183.0091108029334,8.638852105497197,-0.0247246370270376,8.787535667419434,0.0,0.0,0.0,0.0,29,8.637624606938077,6.767602224484886,0.07673936983119801,-0.15260979848238707
47,9,2,predicted,1195.4745400142212,182.4707569957285,13.838642573393946,-0.0599876901510002,16.782468795776367,0.0,0.0,0.0,0.0,26,16.494998800211757,20.090026469356527,0.28989950460638525,0.38597616616607305
48,0,0,detected,151.49232658448994,284.6208227458358,-1.816370129585266,0.3900664746761322,2.7879672050476074,0.0,200.2723693847656,302.923095703125,368.9898986816406,0,-1.81597499502546,2.7844998146583877,0.00046325473890828376,-0.0007468454503844717
48,2,2,detected,1009.9975431318238,182.11358724105057,8.357999801635742,-0.0630000010132789,14.859477996826172,990.9002075195312,147.6913299560547,1029.280517578125,216.65798950195312,0,7.1361110552712015,14.820227597935796,0.010197603305453742,0.04786664776902351
48,3,0,detected,464.4512650980192,183.7428512362941,-6.781091213226318,-0.0916363671422004,32.42068099975586,447.2519226074219,171.4233856201172,481.7074279785156,196.0850524902344,0,-6.52675402495946,32.70911625164036,0.0060394448340044295,0.010981750781853336
48,5,1,detected,1197.408439494354,208.8868211449237,4.370507717132568,0.1504477709531784,5.322798252105713,1162.026611328125,114.34517669677734,1224.0,297.0292053222656,0,4.395973964256139,5.588345234996171,0.10776225645011935,-0.004588448111778526
48,6,1,detected,519.0669052516303,223.04382629047583,-1.0435324907302856,0.4263896346092224,7.93975830078125,493.1376953125,169.56321716308594,545.1804809570312,277.90655517578125,0,-1.3374205918591833,7.835876368709537,0.10421502616561375,-0.03018225269523945
48,8,1,detected,535.2170432867559,219.84873157305412,-0.8801194429397583,0.3836418092250824,7.98419713973999,514.4552001953125,167.33901977539062,555.2503662109375,271.44097900390625,0,-0.9103342448734373,8.216419556833532,0.09543935907279107,-0.004969859662740461
48,10,1,detected,1154.107458409867,214.2357499437368,4.806936740875244,0.2272370010614395,6.184291362762451,1125.6329345703125,132.42845153808594,1199.8114013671875,291.37847900390625,0,4.587339012479674,6.009650918399436,0.10669942072239362,0.018775114374471043
48,1,0,predicted,735.2647521451668,182.00742770636964,4.235825104314218,-0.1028356657295374,24.315509796142575,0.0,0.0,0.0,0.0,31,3.287546834769435,24.810078275998233,-0.21997083328161807,0.05064530796131925
48,4,1,predicted,1346.5619603297016,192.73223217007947,6.44794016682699,0.0678730632420842,6.21121883392334,0.0,0.0,0.0,0.0,31,6.732632932914954,6.139463574850722,0.06784128162457315,-0.00479549523748126
48,7,2,predicted,1313.744466840466,182.57100087073792,8.714888429716188,-0.0301654767620835,8.787535667419434,0.0,0.0,0.0,0.0,30,8.714405904429611,6.790085038860615,0.07674074333213676,-0.14677898778743523
48,9,2,predicted,1195.5516190534538,182.4664319351286,13.840470706758278,-0.0600902704071131,16.782468795776367,0.0,0.0,0.0,0.0,27,16.47168539302771,20.08268011436568,0.27688745096268075,0.3695836889227137
49,0,0,detected,151.52883137178512,284.61070806173007,-1.8223060369491575,0.3913412094116211,2.7970783710479736,0.0,200.22998046875,303.0680236816406,368.9851684570313,0,-1.8160077448320806,2.784725764511453,0.000447900860824998,-0.0007167324592359183
49,2,2,detected,1010.0741649474096,182.1155977210578,8.5358304977417,-0.0643404275178909,15.175637245178224,991.0887451171876,147.74671936035156,1029.33056640625,216.66651916503903,0,7.2477480249397574,14.897052971204959,0.013337670625449265,0.048696715309149874
49,3,0,detected,464.4709717622944,183.73131838352063,-6.781091213226318,-0.0916363671422004,32.42068099975586,447.3942565917969,171.4186553955078,481.5713806152344,196.00369262695312,0,-6.539722874873367,32.69720680866217,0.005451040871255793,0.010278807630624168
49,5,1,detected,1208.2819023041418,209.8037886924228,4.4886908531188965,0.2119449377059936,5.356107234954834,1186.9212646484375,134.42161560058594,1224.0,293.0057067871094,0,4.50263786261519,5.566707281560237,0.10772825664835532,-0.0051051229533955675
49,6,1,detected,526.3032738312226,223.8904550704201,-1.439229965209961,0.6630160808563232,11.44259262084961,499.1466064453125,171.7119140625,548.7518310546875,280.294677734375,0,-1.2484523065969664,8.090633555936645,0.10373947273473925,-0.021449942790513724
49,8,1,detected,545.1068637837437,219.74757620783296,-0.7461084723472595,0.3843589127063751,7.999121189117432,526.8626708984375,166.9170684814453,566.8526611328125,272.6305847167969,0,-0.8091974368269171,8.193862927057799,0.09563080269303159,-0.005560803952771685
49,10,1,detected,1166.2213109715935,213.5240019664497,4.859225273132324,0.2342840731143951,6.139927864074707,1124.8433837890625,132.49452209472656,1219.3272705078125,292.9461364746094,0,4.716005006022785,6.043253564421988,0.10783316572154275,0.01954039715175902
49,1,0,predicted,729.3991466196767,182.1595841303139,4.034261569690672,-0.0976070177250636,24.315509796142575,0.0,0.0,0.0,0.0,32,3.1381470200547343,24.820848031419043,-0.21778629923841866,0.04940350771269894
49,4,1,predicted,1352.6785010653218,192.3059128353202,6.501630789022477,0.0641308580763613,6.21121883392334,0.0,0.0,0.0,0.0,32,6.77865772567855,6.140256520034228,0.06716594968821044,-0.0046225044177942605
49,7,2,predicted,1319.9185900714128,182.12939724003647,8.791564196539516,-0.0356497043599844,8.787535667419434,0.0,0.0,0.0,0.0,31,8.791179475864785,6.813314790118452,0.07674180654881185,-0.14118122184910736
49,9,2,predicted,1195.628931312409,182.46208850651857,13.84230437154542,-0.0601932863091889,16.782468795776367,0.0,0.0,0.0,0.0,28,16.447715324528065,20.07189374328259,0.26469822287841954,0.3541072632839427
50,0,0,detected,151.60242111323805,284.5685572929478,-1.8199270963668823,0.3908303081989288,2.793426752090454,0.0,200.02049255371097,303.2768859863281,368.9803466796875,0,-1.8158745326322279,2.7846876394327316,0.0004382266253902817,-0.0006958705459195761
50,2,2,detected,1010.043329956821,182.15697217250693,8.357999801635742,-0.0630000010132789,14.859477996826172,991.0690307617188,148.02293395996094,1029.087646484375,216.6252288818359,0,7.340125421225756,14.93792817662406,0.015767529115976255,0.0484740660184698
50,3,0,detected,464.51056267647607,183.7268760926142,-6.679880619049072,-0.0902686566114425,31.93678855895996,447.4140930175781,171.3719024658203,481.6631774902344,196.07484436035156,0,-6.544763884710718,32.64955268949281,0.005128491693810055,0.008513065796654484
50,6,1,detected,535.7714089575312,223.94989308497725,-0.8672179579734802,0.4392402470111847,7.969329357147217,512.044677734375,170.173583984375,558.7135620117188,278.4576416015625,0,-1.1244548547605264,8.06150687128724,0.10436656082121946,-0.021683394557587235
50,8,1,detected,554.5969194184632,219.4591934257468,-0.6431642174720764,0.3836418092250824,7.98419713973999,534.9934692382812,167.4764404296875,576.5392456054688,270.7234802246094,0,-0.7078396564709131,8.171698933384311,0.09582072573630705,-0.006111413454922545
50,10,1,detected,1173.572549199925,212.86698616895248,4.80760383605957,0.2309703081846237,6.0530829429626465,1125.7718505859375,131.14337158203125,1223.6600341796875,293.3284606933594,0,4.821755445864174,6.061548121264865,0.10772947509859598,0.019478371726833376
50,1,0,predicted,723.4812285749022,182.3126794165979,3.830900386683475,-0.0923461069966652,24.315509796142575,0.0,0.0,0.0,0.0,33,2.9859709677763093,24.830196339773448,-0.2157692930518589,0.04816430375568994
50,4,1,predicted,1358.8519689225586,191.8752323154795,6.555821114025729,0.0603503706935077,6.21121883392334,0.0,0.0,0.0,0.0,33,6.824927123155062,6.14108038855486,0.066523542792311,-0.004455070694860475
50,5,1,predicted,1222.440162361925,208.85335650970535,4.62070344378228,0.1805570690888026,5.356107234954834,0.0,0.0,0.0,0.0,1,4.611110990069293,5.546455885579522,0.10775115564802373,-0.005563157483642884
50,7,2,predicted,1326.1442028094343,181.68429991082905,8.868879405967185,-0.0411773198207407,8.787535667419434,0.0,0.0,0.0,0.0,32,8.867995410970726,6.8372398239548025,0.07674418211843327,-0.1358020793176881
50,9,2,predicted,1195.706476791086,182.45772670989828,13.844143567755376,-0.0602967378572275,16.782468795776367,0.0,0.0,0.0,0.0,29,16.423168117763222,20.058038995975103,0.2532549808538044,0.33947370401704013
51,0,0,detected,151.6490691674233,284.52428317930304,-1.8140065670013428,0.389558881521225,2.784339427947998,0.0,199.9332733154297,303.31640625,368.980224609375,0,-1.8153345630802695,2.7840165089618862,0.00044133492274247156,-0.0006951147242379987
51,2,2,detected,1009.9759298648598,182.16706983973995,8.484296798706055,-0.0641130730509758,15.122013092041016,990.9679565429688,147.8902587890625,1028.9896240234375,216.63194274902344,0,7.436192298293985,14.998276015604464,0.018220714404054806,0.04881011977388294
51,3,0,detected,464.5363395620875,183.6945952986939,-6.679880619049072,-0.0902686566114425,31.93678855895996,447.4256286621094,171.28097534179688,481.6748352050781,195.9896240234375,0,-6.549615508044097,32.60471162851473,0.0048235941824057195,0.0068977844824641785
51,6,1,detected,545.7180521094411,223.3714961455296,-0.7476310133934021,0.412870854139328,7.895811557769775,523.8762817382812,169.69517517089844,567.3872680664062,275.1285095214844,0,-1.0004559922035658,8.028948086849482,0.10497010182117246,-0.022011834082405892
51,8,1,detected,564.558637625937,219.2013134734516,-0.525426983833313,0.3689168095588684,7.910406112670898,540.38525390625,166.77696228027344,591.5018920898438,271.0907897949219,0,-0.6050962930436772,8.145186911199277,0.09604750322141267,-0.006779713451107628
51,10,1,detected,1179.83819192536,211.9297966786337,4.736485958099365,0.2088397890329361,5.910952568054199,1135.732177734375,129.1492462158203,1223.95654296875,292.2826232910156,0,4.905562668546249,6.059945802704763,0.10657850768789805,0.01846411992926754
51,1,0,predicted,717.5109980108432,182.4667135652216,3.625741555292626,-0.0870529335443422,24.315509796142575,0.0,0.0,0.0,0.0,34,2.831083507639462,24.83821554689733,-0.21390932257106282,0.04692975538804951
51,4,1,predicted,1365.0823639014118,191.4401906105575,6.610511141836744,0.0565316010935237,6.21121883392334,0.0,0.0,0.0,0.0,34,6.87145847907846,6.141933533274218,0.06591277147281664,-0.004292902055983628
51,5,1,predicted,1236.8158320376338,207.88277958725868,4.72951952514922,0.1732103242241585,5.356107234954834,0.0,0.0,0.0,0.0,2,4.719620544955765,5.527474578988928,0.10777432512451011,-0.0059681995708541265
51,7,2,predicted,1332.4213050545304,181.2357088831156,8.94683405799919,-0.0467483231443523,8.787535667419434,0.0,0.0,0.0,0.0,33,8.944899157715342,6.86181336467268,0.07674924584981926,-0.1306283110872611
51,9,2,predicted,1195.784255489486,182.45334654526783,13.845988295388144,-0.060400625051229,16.782468795776367,0.0,0.0,0.0,0.0,30,16.398107859785984,20.04143662528502,0.2424897451537859,0.32561676502809284
52,0,0,detected,151.7808580702122,284.52271660243827,-1.816370129585266,0.3900664746761322,2.7879672050476074,0.0,200.1060485839844,303.72406005859375,368.9886169433594,0,-1.8149970792040437,2.783648072989169,0.00043818007620446535,-0.0006851906901252614
52,2,2,detected,1009.962164560714,182.25160296129224,8.505667686462402,-0.0641130730509758,15.122013092041016,990.9483032226562,148.23736572265625,1029.077880859375,216.74673461914065,0,7.528333923041496,15.053439303992201,0.02046632613263565,0.04898908055659351
52,3,0,detected,464.4866686643711,183.74093355554209,-6.781091213226318,-0.0916363671422004,32.42068099975586,447.3260192871094,171.51113891601562,481.54193115234375,196.18260192871097,0,-6.561407734707468,32.597699718386714,0.004318829265443663,0.00647919569453911
52,6,1,detected,555.9208061623377,223.11335039449085,-0.63254314661026,0.4105981886386871,7.852348327636719,530.0687866210938,169.91514587402344,581.7844848632812,275.831787109375,0,-0.8767743883751247,7.995457871425524,0.10554174757686874,-0.022356350424802017
52,8,1,detected,571.5588701127604,219.9657043205545,-0.4660844504833221,0.3995009362697601,7.852348327636719,546.23095703125,167.6043701171875,594.064208984375,276.0633544921875,0,-0.50567089043926,8.115916962922734,0.09615690457630048,-0.007508113525433967
52,10,1,detected,1190.138881333959,209.9757174674343,4.793844699859619,0.1732714921236038,5.838376045227051,1163.4444580078125,124.86970520019533,1224.0,288.27435302734375,0,4.98596278187113,6.0496247511662915,0.10535921481040823,0.017123413006557252
52,1,0,predicted,711.4884549274998,182.62168657618503,3.4187850755181266,-0.0817274973680946,24.315509796142575,0.0,0.0,0.0,0.0,35,2.6735409325769615,24.844989968265285,-0.21219698124951972,0.045701604929443536
52,4,1,predicted,1371.3696860018815,191.00078772055403,6.665700872455522,0.052674549276409,6.21121883392334,0.0,0.0,0.0,0.0,35,6.918268247098956,6.142814418180742,0.06533244949890782,-0.00413572979403227
52,5,1,predicted,1251.4089113312675,206.8920579250828,4.839981280297472,0.1657110945231945,5.356107234954834,0.0,0.0,0.0,0.0,3,4.828279906717382,5.509662204881844,0.10780121127408913,-0.0063251790721734
52,7,2,predicted,1338.7498968067011,180.7836241568962,9.025428152635532,-0.0523627143308189,8.787535667419434,0.0,0.0,0.0,0.0,34,9.021932125820321,6.886992827584302,0.07675816886929149,-0.12564773888746147
52,9,2,predicted,1195.8622674076084,182.44894801262717,13.847838554443722,-0.060504947891194,16.782468795776367,0.0,0.0,0.0,0.0,31,16.372586094696324,20.022364149875603,0.2323421950329704,0.3124764088546617
53,0,0,detected,151.69770576937148,284.53282370419583,-1.8282809257507324,0.3926242887973785,2.8062491416931152,0.0,200.1809844970703,303.1718444824219,368.9791870117187,0,-1.815512839216041,2.784581717253292,0.00040934704339484627,-0.0006362610750199815
53,2,2,detected,1010.0324061020506,182.28047100076768,8.243507385253906,-0.0621369928121566,14.655923843383787,991.0606079101562,148.03927612304688,1029.24755859375,216.746337890625,0,7.597095519608942,15.0656742329308,0.021926060485158085,0.04795763613168999
53,3,0,detected,464.4837545236304,183.77299094528615,-6.730104923248291,-0.0909473672509193,32.17691421508789,447.5097961425781,171.4964599609375,481.4403381347656,196.1905212402344,0,-6.569116787315615,32.573498111506794,0.0039552840942314905,0.005560818529786292
53,6,1,detected,564.2381240983542,222.91739366958407,-0.5548624396324158,0.4105981886386871,7.852348327636719,536.4426879882812,167.9414825439453,588.5099487304688,277.70556640625,0,-0.7560181712310455,7.964277573231214,0.10600394144252219,-0.02261975340678893
53,8,1,detected,579.8482373563128,220.1637015504839,-0.3662092089653015,0.3884036839008331,7.852348327636719,558.5924072265625,166.7401885986328,600.4829711914062,274.7510986328125,0,-0.4061635613626796,8.088597837607802,0.09626427435348146,-0.008142989470673328
53,10,1,detected,1199.8445411813648,210.36567710964223,3.3790910243988037,0.1546363830566406,4.052585124969482,1181.2210693359375,128.7898712158203,1224.0,295.8950500488281,0,4.892404765966573,5.832754187628536,0.09637563699689704,0.00655568547172688
53,1,0,predicted,705.4135993248719,182.77759844948815,3.210030947359975,-0.0763697984679225,24.315509796142575,0.0,0.0,0.0,0.0,36,2.5133918418219263,24.85059683576267,-0.21062382319393583,0.044481330145342036
53,4,1,predicted,1377.7139352239676,190.5570236454692,6.721390305882062,0.0487792152421636,6.21121883392334,0.0,0.0,0.0,0.0,36,6.965372120737974,6.14372159893725,0.06478148709325861,-0.0039833067989636884
53,5,1,predicted,1266.2194002428273,205.88119152317768,4.952088709227039,0.1580593799859105,5.356107234954834,0.0,0.0,0.0,0.0,4,4.937193947999371,5.492930390496394,0.10783484678697526,-0.006638424123537007
53,7,2,predicted,1345.1299780659465,180.3280457321708,9.104661689876217,-0.0580204933801409,8.787535667419434,0.0,0.0,0.0,0.0,35,9.099132205043219,6.9127392124627445,0.07677195227297941,-0.12084916396507724
53,9,2,predicted,1195.9405125454534,182.44453111197632,13.849694344922115,-0.0606097063771219,16.782468795776367,0.0,0.0,0.0,0.0,32,16.346644155849418,20.001062253184067,0.22275865541292925,0.29999815831112925
54,0,0,detected,151.63074700062512,284.5744102219597,-1.8175541162490845,0.390320748090744,2.789784669876098,0.0,200.37684631347656,303.0797424316406,368.9891662597656,0,-1.8152720112027898,2.7843469941532804,0.00040427644199296926,-0.0006241791219180241
54,2,2,detected,1010.057459444346,182.32015660866875,8.445979118347168,-0.0636631622910499,15.015893936157228,991.0596923828124,148.10609436035156,1029.206298828125,216.7893218994141,0,7.675887944730093,15.105803998517409,0.023637123431561904,0.04773858451691838
54,3,0,detected,464.4856543360332,183.76885560822265,-6.730104923248291,-0.0909473672509193,32.17691421508789,447.455078125,171.40489196777344,481.5081176757813,196.1182098388672,0,-6.5765039630620326,32.55057488665551,0.003613998645818546,0.004712189066242004
54,6,1,detected,571.8804264848551,222.90531038246368,-5.20128059387207,4.596480369567871,85.5905990600586,543.3235473632812,168.84561157226562,595.7310180664062,277.5453186035156,0,,,,
54,8,1,detected,587.8204360019323,219.6133306302876,-2.7490909099578857,3.6287999153137207,77.80963134765625,567.4639282226562,165.2533416748047,606.8126220703125,271.9846496582031,0,,,,
54,1,0,predicted,699.2864312029595,182.93444918513103,2.9994791708181685,-0.0709798368438257,24.315509796142575,0.0,0.0,0.0,0.0,37,2.3506778913768436,24.855107125053078,-0.20918225384881897,0.04327018816549012
54,4,1,predicted,1384.1151115676705,190.108898385303,6.777579442116366,0.0448455989907878,6.21121883392334,0.0,0.0,0.0,0.0,37,7.012785153054806,6.144653706008404,0.06425888432808337,-0.003835405968776388
54,5,1,predicted,1281.2472987723122,204.85018038154337,5.065841811937918,0.1502551806123067,5.356107234954834,0.0,0.0,0.0,0.0,5,5.0464600177545975,5.477201494777387,0.10787791112922208,-0.006911755620687001
54,7,2,predicted,1351.5615488322665,179.86897360893946,9.184534669721234,-0.0637216602923179,8.787535667419434,0.0,0.0,0.0,0.0,36,9.176534211256396,6.939016568313321,0.0767914556655811,-0.11622228466607715
54,9,2,predicted,1196.018990903021,182.44009584331528,13.85155566682332,-0.0607149005090126,16.782468795776367,0.0,0.0,0.0,0.0,33,16.320315060284646,19.977740160763805,0.21369123849315452,0.28813252168773607
54,10,1,predicted,1206.7593976225187,209.89510374929145,3.406349398945543,0.142581053838022,4.052585124969482,0.0,0.0,0.0,0.0,1,4.810467959676074,5.637977079119156,0.08855502321737645,-0.002274578944201959
55,0,0,detected,151.62350415714556,284.5610023947786,-1.8187397718429563,0.3905753493309021,2.791604518890381,0.0,200.1279296875,303.1798095703125,368.973388671875,0,-1.8151312474367318,2.784259206814485,0.00039637912815446196,-0.0006081037880211367
55,2,2,detected,1010.126352698596,182.31438717268853,8.243507385253906,-0.0621369928121566,14.655923843383787,991.2410888671876,147.95166015625,1029.2303466796875,216.73191833496097,0,7.736545952258761,15.114686035233811,0.024746616700743098,0.04665343487006864
55,3,0,detected,464.4857758110449,183.840849482752,-6.730104923248291,-0.0909473672509193,32.17691421508789,447.5588989257813,171.62010192871094,481.4017639160156,196.35887145996097,0,-6.583589276850422,32.52883241804435,0.0032933467915980583,0.003927239336592824
55,6,1,detected,583.3752058867369,222.06709864451764,-2.822399854660034,3.5280001163482666,71.32549285888672,562.6083984375,166.40509033203125,606.1771850585938,274.91619873046875,0,,,,
55,8,1,detected,595.493401150309,219.341416292792,-1.471135139465332,2.6970813274383545,57.83148193359375,573.507080078125,164.19483947753906,615.4583129882812,273.7799377441406,0,,,,
55,1,0,predicted,693.1069505617627,183.0922387831137,2.78712974589271,-0.0655576124958043,24.315509796142575,0.0,0.0,0.0,0.0,38,2.1854344655816114,24.858586280292116,-0.20786543402751778,0.042069252307007914
55,4,1,predicted,1390.5732150329893,189.65641194005545,6.834268281158432,0.0408737005222813,6.21121883392334,0.0,0.0,0.0,0.0,38,7.060521858535578,6.14560943005138,0.06376372472640512,-0.003691818730668618
55,5,1,predicted,1296.4926069197224,203.79902450017985,5.181240588430108,0.142298496402383,5.356107234954834,0.0,0.0,0.0,0.0,6,5.156168797663325,5.462406930108336,0.10793278114751464,-0.007148564499066891
55,7,2,predicted,1358.044609105661,179.4064077872021,9.265047092170592,-0.0694662150673502,8.787535667419434,0.0,0.0,0.0,0.0,37,9.254170271099163,6.965791521130051,0.07681742069283692,-0.1117576218823528
55,9,2,predicted,1196.097702480311,182.43564220664405,13.85342252014734,-0.0608205302868661,16.782468795776367,0.0,0.0,0.0,0.0,34,16.293625058820467,19.952580180400876,0.2050971138854863,0.27683448335017724
55,10,1,predicted,1213.7857536747083,209.41600225310063,3.446591257772538,0.1398371088072968,4.052585124969482,0.0,0.0,0.0,0.0,2,4.740093658358602,5.462473169839415,0.0817757557763223,-0.009663825468821965
56,0,0,detected,151.67141603977078,284.5425219942874,-1.816370129585266,0.3900664746761322,2.7879672050476074,0.0,200.0572052001953,303.37432861328125,368.98834228515625,0,-1.814845061217876,2.7839419457470247,0.000393088250805199,-0.0005994178596126493
56,2,2,detected,1010.2140746136564,182.25422649708415,8.300358772277832,-0.0625655204057693,14.756999015808104,991.3231201171876,147.72015380859375,1029.3428955078125,216.6201171875,0,7.797617818077181,15.130499408065408,0.02583145909476459,0.04579325148826125
56,3,0,detected,464.5441859830668,183.91015540512197,-6.781091213226318,-0.0458181835711002,32.42068099975586,447.8083801269531,171.59866333007812,481.3703918457031,196.4886779785156,0,-6.593826621906715,32.525019165290736,0.0028892568405702516,0.0036983760134782244
56,6,1,detected,594.8002529812428,221.71304181034833,-2.0982859134674072,4.4434285163879395,87.33734130859375,573.5213012695312,165.17178344726562,617.5923461914062,277.60931396484375,0,,,,
56,1,0,predicted,686.8751574012814,183.250967243436,2.5729826725836,-0.0601031254238583,24.315509796142575,0.0,0.0,0.0,0.0,39,2.0176912812987835,24.86109485018574,-0.20666719537743852,0.0408794429582308
56,4,1,predicted,1397.0882456199247,189.19956430972644,6.891456823008261,0.0368635198366441,6.21121883392334,0.0,0.0,0.0,0.0,39,7.108596299337459,6.146587509303006,0.06329516908682713,-0.003552353663532037
56,5,1,predicted,1311.955324685058,202.7277238790871,5.298285038703612,0.1341893273561392,5.356107234954834,0.0,0.0,0.0,0.0,7,5.266405048567736,5.448485781419464,0.10800157356343265,-0.007351875338396573
56,7,2,predicted,1364.5791588861302,178.94034826695878,9.346198957224289,-0.075254157705238,8.787535667419434,0.0,0.0,0.0,0.0,38,9.332070154154666,6.993032857485978,0.07685049046003564,-0.10744645145947225
56,8,1,predicted,604.3802164634509,219.22885644801968,-0.6227628379751065,2.7975151367443134,57.83148193359375,0.0,0.0,0.0,0.0,1,,,,
56,9,2,predicted,1196.1766472773236,182.43117020196263,13.855294904894167,-0.0609265957106825,16.782468795776367,0.0,0.0,0.0,0.0,35,16.266594913327058,19.925741552356424,0.19693788575438934,0.2660630522238021
56,10,1,predicted,1220.9236093379343,208.92837262106983,3.4874717053037276,0.1370443208150162,4.052585124969482,0.0,0.0,0.0,0.0,3,4.679923117970298,5.303860765975562,0.07587876765517139,-0.015851714981903173
57,0,0,detected,151.6747547250529,284.5559541747792,-1.816370129585266,0.3900664746761322,2.7879672050476074,0.0,200.2453460693359,303.3002624511719,368.9598693847656,0,-1.8145800184333678,2.783651245610373,0.0003892758191713919,-0.0005902260838554314
57,2,2,detected,1010.3334779753008,182.2156579099712,8.329079627990723,-0.0627820119261741,14.808061599731444,991.4654541015624,147.7655029296875,1029.478759765625,216.5979156494141,0,7.857202346879817,15.148811296174708,0.026836424552845007,0.04502719329544292
57,3,0,detected,464.57223353153705,183.94045355590413,-6.730104923248291,-0.0909473672509193,32.17691421508789,447.7793273925781,171.4928741455078,481.3962097167969,196.4787445068359,0,-6.600227417146266,32.504701709438976,0.0026126544004042743,0.002990427449586893
57,6,1,detected,600.8682044998977,221.95327869641903,-1.7920000553131104,4.144000053405762,79.25054931640625,575.0496215820312,170.66099548339844,618.5746459960938,275.07061767578125,0,,,,
57,5,1,predicted,1327.6354520683192,201.63627851826516,5.416975162758429,0.1259276734735755,5.356107234954834,0.0,0.0,0.0,0.0,8,5.377248261120656,5.435383663420721,0.10808618065409091,-0.00752439901367839
57,7,2,predicted,1371.165198173674,178.47079504820948,9.427990264882322,-0.0810854882059807,8.787535667419434,0.0,0.0,0.0,0.0,39,9.410261560118116,7.020711157809973,0.07689122555877172,-0.10328074277553145
57,8,1,predicted,613.3972394330409,219.11433066474177,0.1141959992009646,2.7881549755962483,57.83148193359375,0.0,0.0,0.0,0.0,2,,,,
57,9,2,predicted,1196.2558252940587,182.42667982927105,13.857172821063813,-0.0610330967804617,16.782468795776367,0.0,0.0,0.0,0.0,36,16.23924095629937,19.897363728216426,0.1891790593716916,0.25578086135684924
57,10,1,predicted,1228.172964612196,208.43221485319904,3.5289907415391113,0.1342026898611804,4.052585124969482,0.0,0.0,0.0,0.0,4,4.628802139677001,5.160117708059554,0.07073337899154193,-0.021033226654977717
58,0,0,detected,151.6465295859476,284.5821175852481,-1.83429491519928,0.3939158320426941,2.8154802322387695,0.0,200.322998046875,303.19140625,368.9802856445313,0,-1.8155208402855922,2.785205883691136,0.0003497766576122244,-0.0005265312605483354
58,2,2,detected,1010.2885034555004,182.206866995669,8.596800804138184,-0.0648000016808509,15.284034729003906,991.2605590820312,147.85520935058594,1029.2913818359375,216.61737060546875,0,7.931195306522521,15.200435521167377,0.028236805621199176,0.04521109576250436
58,3,0,detected,464.6152880631582,184.04845628096228,-6.730104923248291,-0.0454736836254596,32.17691421508789,447.90277099609375,171.78244018554688,481.382080078125,196.71449279785156,0,-6.606380348756495,32.48535829769337,0.0023523477286157375,0.002333713106438998
58,6,1,detected,604.1811704070019,221.8551394873904,-0.3194366097450256,0.7879437208175659,15.068766593933104,576.5322875976562,168.34718322753906,619.2921142578125,275.7008361816406,0,-0.23408719094589328,7.851178912297369,0.10576952470131987,-0.022619750379977595
58,11,1,detected,15.397266363725066,227.2325210571289,0.0,0.0,0.0,0.0375213138759136,172.90370178222656,30.75701141357422,281.56134033203125,0,,,,
58,5,1,predicted,1343.5329890695057,200.524688417714,5.537310960594558,0.117513534754692,5.356107234954834,0.0,0.0,0.0,0.0,9,5.488773222771921,5.423051769867162,0.10818830019695984,-0.007668576511200381
58,8,1,predicted,622.544470059079,218.99783894295825,0.8617966727581801,2.778634138828312,57.83148193359375,0.0,0.0,0.0,0.0,3,,,,
58,9,2,predicted,1196.335236530516,182.42217108856923,13.85905626865626,-0.0611400334962038,16.782468795776367,0.0,0.0,0.0,0.0,37,16.21157597550377,19.86756917415269,0.18178958265314876,0.24595381247281545
58,10,1,predicted,1235.5338194974938,207.92752894948825,3.571148366478689,0.1313122159457894,4.052585124969482,0.0,0.0,0.0,0.0,5,4.585745384213072,5.029518444947499,0.0662315687116235,-0.02536792150012188
59,0,0,detected,151.61098848917004,284.64323987568065,-1.8282809257507324,0.3926242887973785,2.8062491416931152,0.0,200.58656311035156,303.11376953125,368.9715270996094,0,-1.816031087592973,2.7860943585925084,0.00032429337957582923,-0.00048460336444869026
59,2,2,detected,1010.394554521514,182.1889184466272,8.329079627990723,-0.0627820119261741,14.808061599731444,991.5967407226562,147.7657928466797,1029.4307861328125,216.6313018798828,0,7.983681468792314,15.214233804796176,0.028955335712026273,0.04433490084056543
59,3,0,detected,464.5865090782243,184.16299974515744,-6.730104923248291,-0.0454736836254596,32.17691421508789,447.83734130859375,171.8361358642578,481.2613830566406,196.8886260986328,0,-6.612298810707404,32.46692508299485,0.002107276252437528,0.0017243285589288102
59,6,1,detected,608.9630761327693,221.39785989973123,-0.1734193712472915,0.758709728717804,15.33881664276123,588.1265258789062,164.45382690429688,620.4755859375,277.2080078125,0,-0.13210680622082946,7.828559278777983,0.10566043257894663,-0.022619747073216793
59,11,1,detected,16.454885018972032,227.57936420594305,-0.0,0.0,0.0,0.0538598261773586,173.77975463867188,33.406646728515625,282.2218322753906,0,,,,
59,5,1,predicted,1359.6479356886175,199.39295357743364,5.659292432212,0.1089469111994887,5.356107234954834,0.0,0.0,0.0,0.0,10,5.601050511488131,5.411446078721795,0.10830946057802494,-0.0077866155715379595
59,8,1,predicted,631.8219083415653,218.8793812826692,1.6200391826965492,2.768952626440507,57.83148193359375,0.0,0.0,0.0,0.0,4,,,,
59,9,2,predicted,1196.414880986696,182.41764397985725,13.860945247671522,-0.0612474058579088,16.782468795776367,0.0,0.0,0.0,0.0,38,16.183609957091846,19.836465776461132,0.1747414507929449,0.23655076010560325
59,10,1,predicted,1243.0061739938276,207.41431490993745,3.613944580122461,0.1283728990688431,4.052585124969482,0.0,0.0,0.0,0.0,6,4.549907748779369,4.9105835736492,0.062283531065705014,-0.02898709187878973
60,0,0,detected,151.62710534696612,284.6628207016141,-1.8223060369491575,0.3913412094116211,2.7970783710479736,0.0,200.4420623779297,303.24200439453125,368.9678955078125,0,-1.8161362454753551,2.7863560850319447,0.0003115917214965644,-0.0004625295534646463
60,2,2,detected,1010.3983615746076,182.19543073912047,8.329079627990723,-0.0627820119261741,14.808061599731444,991.4796752929688,147.87794494628906,1029.3626708984375,216.6312713623047,0,8.03322958693789,15.226783363258814,0.029564397797859396,0.04344736077024916
60,3,0,detected,464.5602292824575,184.30013632390543,-6.730104923248291,-0.0454736836254596,32.17691421508789,447.8274230957031,172.04019165039062,481.2278747558594,197.02195739746097,0,-6.617994998913679,32.44934474744458,0.0018764772161594197,0.0011587807678621936
60,11,1,detected,16.56724163133618,225.92941607213115,-0.0,0.0,0.0,0.0,174.8745880126953,33.303619384765625,271.1107177734375,0,,,,
60,5,1,predicted,1375.980291925655,198.24107399742405,5.782919577610754,0.1002278028079652,5.356107234954834,0.0,0.0,0.0,0.0,11,5.714146925159889,5.400526684679488,0.10845104181627976,-0.0078805214730561
60,6,1,predicted,618.8728261106538,221.19869040049937,0.1489851373810861,0.784694211013692,15.33881664276123,0.0,0.0,0.0,0.0,1,-0.012111760452627367,7.805939655714098,0.10607084472831368,-0.02261974359504292
60,8,1,predicted,641.2295542804997,218.7589576838746,2.388923529016062,2.7591104384328307,57.83148193359375,0.0,0.0,0.0,0.0,5,,,,
60,9,2,predicted,1196.4947586625983,182.41309850313507,13.862839758109596,-0.0613552138655766,16.782468795776367,0.0,0.0,0.0,0.0,39,16.155350713397226,19.804148912963747,0.16800936417535883,0.2275432305435917
60,10,1,predicted,1250.5900281011973,206.89257273454663,3.657379382470427,0.1253847392303415,4.052585124969482,0.0,0.0,0.0,0.0,7,4.520561255920047,4.802039104378428,0.05881420148539653,-0.03199932248721564
61,0,0,detected,151.6318153847084,284.7120567313999,-1.8151875734329224,0.3898125290870666,2.7861521244049072,0.0,200.65834045410156,303.2317199707031,368.9639892578125,0,-1.815783509624149,2.785910254461478,0.00031280680294947536,-0.00046203639381667695
61,2,2,detected,1010.4205392476116,182.1884233733417,8.5358304977417,-0.0643404275178909,15.175637245178224,991.58203125,147.76808166503906,1029.3336181640625,216.66558837890625,0,8.093343783574003,15.263662877065991,0.030466604120381872,0.043263691057705965
61,3,0,detected,464.5521286421415,184.38147905938095,-6.730104923248291,-0.0454736836254596,32.17691421508789,447.83349609375,171.98411560058594,481.2413024902344,196.9807586669922,0,-6.6234800287734625,32.432565720898204,0.0016590748606685273,0.0006339354782694426
61,5,1,predicted,1392.5300577806174,197.06904967768529,5.908192396790822,0.0913562095801219,5.356107234954834,0.0,0.0,0.0,0.0,12,5.828125854444931,5.390257236359449,0.10861429313753775,-0.007952123001288117
61,6,1,predicted,628.8951713024478,220.9968951250875,0.3662437223124671,0.780319810098254,15.33881664276123,0.0,0.0,0.0,0.0,2,0.11564059766041787,7.783320043645599,0.1066887380473395,-0.02261973994070861
61,8,1,predicted,650.7674078758821,218.6365681465744,3.1684497117167205,2.749107574805284,57.83148193359375,0.0,0.0,0.0,0.0,6,,,,
61,10,1,predicted,1258.285381819603,206.3623024233158,3.701452773522587,0.1223477364302845,4.052585124969482,0.0,0.0,0.0,0.0,8,4.497076275353209,4.702783367962964,0.05576052002209232,-0.034494847465467035
61,11,1,predicted,16.57008907431027,225.92249738785,-0.0,0.0,0.0,0.0,0.0,0.0,0.0,1,,,,
62,0,0,detected,151.6236120169214,284.768740921986,-1.8258860111236572,0.3921100199222564,2.8025734424591064,0.0,200.78228759765625,303.1944885253906,368.96917724609375,0,-1.8161385245772292,2.786546274610337,0.00029310770467477136,-0.0004296464281558591
62,2,2,detected,1010.426883321949,182.1896373229538,8.357999801635742,-0.0630000010132789,14.859477996826172,991.5221557617188,147.83726501464844,1029.3739013671875,216.6293029785156,0,8.138826437255299,15.276316803282636,0.030909540627507403,0.04240608148230729
62,3,0,detected,464.5313878736164,184.45396321268555,-6.679880619049072,-0.0451343283057212,31.93678855895996,447.8035583496094,172.04225158691406,481.2097778320313,197.0150604248047,0,-6.625543696091886,32.40093371115285,0.0015492631281587867,-0.00030928647542975555
62,5,1,predicted,1409.2972332535055,195.87688061821729,6.035110889752202,0.0823321315159587,5.356107234954834,0.0,0.0,0.0,0.0,13,5.943047605784376,5.380604460001401,0.10880034763166155,-0.008003094441729112
62,6,1,predicted,639.0301117081514,220.79247407349564,0.5859430809725428,0.7758884891300446,15.33881664276123,0.0,0.0,0.0,0.0,3,0.25059646895054355,7.760700443127641,0.10749129332124184,-0.022619736105432588
62,8,1,predicted,660.4354691277127,218.51221267076863,3.958617730798532,2.738944035557868,57.83148193359375,0.0,0.0,0.0,0.0,7,,,,
62,10,1,predicted,1266.0922351490444,205.823503976245,3.746164753278941,0.1192618906686724,4.052585124969482,0.0,0.0,0.0,0.0,9,4.478906175269054,4.611859970284434,0.05306926060443898,-0.03654898777927993
62,11,1,predicted,16.572938896403734,225.915568916511,-0.0,0.0,0.0,0.0,0.0,0.0,0.0,2,,,,
63,0,0,detected,151.66284855009272,284.79428985593336,-1.8199270963668823,0.3908303081989288,2.793426752090454,0.0,200.6855010986328,303.35791015625,368.9749755859375,0,-1.816105359288278,2.786582174600168,0.0002854468543022764,-0.000415926153072159
63,2,2,detected,1010.4335597871288,182.20743878489253,8.416448593139648,-0.0634405687451362,14.963391304016112,991.5322265625,147.86041259765625,1029.375,216.7038116455078,0,8.185447910504775,15.294746147978858,0.03137259227894551,0.04173283635009399
63,3,0,detected,464.5156323595267,184.5074866387821,-6.730104923248291,-0.0454736836254596,32.17691421508789,447.7755432128906,172.0418701171875,481.21826171875,197.0322723388672,0,-6.630752096620689,32.3862016840964,0.0013501057494004192,-0.0007306565452692543
63,5,1,predicted,1426.281818344319,194.66456681902005,6.1636750564948946,0.0731555686154756,5.356107234954834,0.0,0.0,0.0,0.0,14,6.058969680479148,5.371537755032978,0.1090102344455251,-0.008034974271330158
63,6,1,predicted,649.2776473277645,220.58542724572385,0.808083213361313,0.7714002481090642,15.33881664276123,0.0,0.0,0.0,0.0,4,0.39229753420951397,7.738080854730771,0.10845971419429197,-0.022619732084399637
63,8,1,predicted,670.2337380359915,218.38589125645737,4.759427586261488,2.7286198206905814,57.83148193359375,0.0,0.0,0.0,0.0,8,,,,
63,10,1,predicted,1274.010588089522,205.2761773933342,3.79151532173949,0.116127201945505,4.052585124969482,0.0,0.0,0.0,0.0,10,4.465574705632031,4.528435562757452,0.05069529768688111,-0.03822488061692405
63,11,1,predicted,16.57579109761657,225.9086306581141,-0.0,0.0,0.0,0.0,0.0,0.0,0.0,3,,,,
64,0,0,detected,151.65512571507134,284.75472436924,-1.8175541162490845,0.390320748090744,2.789784669876098,0.0,200.34275817871097,303.25836181640625,368.96832275390625,0,-1.8159296505484663,2.786395217350054,0.00028221474516179526,-0.00040918234771727453
64,2,2,detected,1010.4939170503357,182.216508715116,8.5358304977417,-0.0643404275178909,15.175637245178224,991.6304931640624,147.80540466308594,1029.4873046875,216.73211669921875,0,8.237007031636534,15.325762622350814,0.03196714472521833,0.04143118823479031
64,3,0,detected,464.5093228188792,184.51814350918536,-6.679880619049072,-0.0451343283057212,31.93678855895996,447.77197265625,171.9610137939453,481.2281188964844,196.953369140625,0,-6.632596211429473,32.3567647211408,0.001256026590935335,-0.0015690832471364543
64,5,1,predicted,1443.483813053058,193.4321082800936,6.293884897018901,0.0638265208786725,5.356107234954834,0.0,0.0,0.0,0.0,15,6.175947014996546,5.363028849649933,0.10924488889612287,-0.008049181096458344
64,6,1,predicted,659.6377781612872,220.375754641772,1.032664119478778,0.7668550870353118,15.33881664276123,0.0,0.0,0.0,0.0,5,0.5403622350441417,7.71546127904105,0.10957840104537347,-0.022619727872760616
64,8,1,predicted,680.1622146007182,218.25760390364044,5.570879278105588,2.7181349302034232,57.83148193359375,0.0,0.0,0.0,0.0,9,,,,
64,10,1,predicted,1282.0404406410355,204.72032267458337,3.837504478904233,0.1129436702607822,4.052585124969482,0.0,0.0,0.0,0.0,11,4.456665571276534,4.451781472282082,0.04860021346471996,-0.039575659887621656
64,11,1,predicted,16.578645677948778,225.9016826126594,-0.0,0.0,0.0,0.0,0.0,0.0,0.0,4,,,,
65,0,0,detected,151.6579034630309,284.7440724906844,-1.8223060369491575,0.3913412094116211,2.7970783710479736,0.0,200.4564514160156,303.28509521484375,368.9625854492187,0,-1.8160662514902948,2.7866837257394033,0.00026988414813376406,-0.0003886412276107733
65,2,2,detected,1010.5038396637012,182.24191514666248,8.505667686462402,-0.0641130730509758,15.122013092041016,991.6256103515624,147.86553955078125,1029.4156494140625,216.7821350097656,0,8.283861831120994,15.351048324472295,0.03240546085623019,0.04097549703032667
65,3,0,detected,464.4888993839998,184.5494923799532,-6.679880619049072,-0.0451343283057212,31.93678855895996,447.7392883300781,172.05213928222656,481.1968994140625,197.0137939453125,0,-6.634393302881711,32.32861768053035,0.0011661379610707079,-0.0023453196959624645
65,5,1,predicted,1460.9032173797225,192.17950500143797,6.425740411324219,0.0543449883055494,5.356107234954834,0.0,0.0,0.0,0.0,16,6.294032187070176,5.355051506742972,0.1095051608316343,-0.008047027284217143
65,6,1,predicted,670.1105042087195,220.16345626164025,1.2596857993249373,0.7622530059087886,15.33881664276123,0.0,0.0,0.0,0.0,6,0.6944712540048946,7.692841716660185,0.11083431258431273,-0.02261972346563246
65,8,1,predicted,690.2208988218932,218.127350612318,6.3929728063308415,2.7074893640963973,57.83148193359375,0.0,0.0,0.0,0.0,10,,,,
65,10,1,predicted,1290.1817928035853,204.15593981999257,3.8841322247731696,0.1097112956145041,4.052585124969482,0.0,0.0,0.0,0.0,12,4.4518137704554155,4.381258442359084,0.04675117208405665,-0.0406462082772877
65,11,1,predicted,16.58150263740036,225.8947247801468,-0.0,0.0,0.0,0.0,0.0,0.0,0.0,5,,,,
66,0,0,detected,151.65049074777107,284.7197822170762,-1.8175541162490845,0.390320748090744,2.789784669876098,0.0,200.3404998779297,303.2543029785156,368.9783020019531,0,-1.8159063026016142,2.786513334382919,0.00026664802896394135,-0.0003822166956155136
66,2,2,detected,1010.471773814919,182.26004891821685,8.596800804138184,-0.0648000016808509,15.284034729003906,991.5914916992188,147.97769165039062,1029.3106689453125,216.6657867431641,0,8.333812758410577,15.384988925675374,0.03292193955970484,0.040776374355372166
66,3,0,detected,464.4736608704427,184.55892859925572,-6.679880619049072,-0.0451343283057212,31.93678855895996,447.7093505859375,171.95457458496094,481.2083435058594,197.0406188964844,0,-6.6361450217111,32.301697240415905,0.0010802462067656404,-0.003063202113096531
66,5,1,predicted,1478.540031324312,190.90675698305313,6.559241599410851,0.0447109708961065,5.356107234954834,0.0,0.0,0.0,0.0,17,6.413275591640813,5.347581272247798,0.10979182152085255,-0.00802973065373962
66,6,1,predicted,680.6958254700613,219.94853210532844,1.4891482528997917,0.7575940047294939,15.33881664276123,0.0,0.0,0.0,0.0,7,0.8543561171151293,7.670222168205647,0.11221646706976796,-0.022619718858098173
66,8,1,predicted,700.4097906995163,217.99513138248997,7.22570817093724,2.6966831223694996,57.83148193359375,0.0,0.0,0.0,0.0,11,,,,
66,10,1,predicted,1298.4346445771707,203.58302882956173,3.9313985593463,0.1064300780066709,4.052585124969482,0.0,0.0,0.0,0.0,13,4.45069836462828,4.316303896233492,0.045120004527880356,-0.04147457273894382
66,11,1,predicted,16.584361975971312,225.8877571605763,-0.0,0.0,0.0,0.0,0.0,0.0,0.0,6,,,,
67,0,0,detected,151.66315782714554,284.72199890329074,-1.8151875734329224,0.3898125290870666,2.7861521244049072,0.0,200.4657745361328,303.317138671875,368.9720764160156,0,-1.8156115298273459,2.7861324245513384,0.00026747594509185524,-0.00038217822508717204
67,2,2,detected,1010.510259130005,182.2303686481846,8.445979118347168,-0.0636631622910499,15.015893936157228,991.56640625,147.7780303955078,1029.5372314453125,216.604248046875,0,8.371664629666276,15.399328445719064,0.03306706336141153,0.0400258304257075
67,3,0,detected,464.43377998480855,184.5904190675695,-6.630400657653809,-0.0448000021278858,31.700220108032227,447.6650390625,172.04486083984375,481.1326293945313,197.10801696777344,0,-6.634774612710339,32.26111235521477,0.001088787811472409,-0.004159716227233706
67,5,1,predicted,1496.394254886827,189.61386422493908,6.694388461278794,0.0349244686503438,5.356107234954834,0.0,0.0,0.0,0.0,18,6.533725590245763,5.340595259388307,0.11010556931150943,-0.007998424529792828
67,6,1,predicted,691.3937419453127,219.7309821728367,1.7210514802033403,0.7528780834974279,15.33881664276123,0.0,0.0,0.0,0.0,8,1.019790147129956,7.647602634310796,0.11371554869035372,-0.022619714045206834
67,8,1,predicted,710.7288902335874,217.86094621415637,8.069085371924782,2.685716205022731,57.83148193359375,0.0,0.0,0.0,0.0,12,,,,
67,10,1,predicted,1306.798995961792,203.0015897032909,3.979303482623624,0.1031000174372823,4.052585124969482,0.0,0.0,0.0,0.0,14,4.4530364146618355,4.256421255429451,0.043682460762745345,-0.04209311398578359
67,11,1,predicted,16.587223693661638,225.880779753948,-0.0,0.0,0.0,0.0,0.0,0.0,0.0,7,,,,
68,0,0,detected,151.65534605983373,284.73727351205537,-1.8234978914260864,0.3915971517562866,2.79890775680542,0.0,200.5601043701172,303.2663879394531,368.9607238769531,0,-1.8158487991706318,2.786564732926633,0.0002526147112039147,-0.00035819726648175294
68,2,2,detected,1010.5176538215596,182.2199822114173,8.62761402130127,-0.0650322586297988,15.33881664276123,991.6253662109376,147.9611358642578,1029.4332275390625,216.483642578125,0,8.418528730858526,15.432928538641546,0.03347329004819019,0.039842836640862786
68,3,0,detected,464.3618448585551,184.63018515849305,-6.630400657653809,-0.0448000021278858,31.700220108032227,447.51611328125,172.0506591796875,481.0876770019531,197.21432495117188,0,-6.633482463882712,32.222248297584756,0.001094775377269171,-0.0051744872546204655
68,5,1,predicted,1514.4658880672675,188.3008267270958,6.831180996928051,0.024985481568261,5.356107234954834,0.0,0.0,0.0,0.0,19,6.655428637086462,5.334071963402954,0.11044703426430835,-0.007954166409279902
68,6,1,predicted,702.2042536344737,219.51080646416497,1.955395481235584,0.7481052422125902,15.33881664276123,0.0,0.0,0.0,0.0,9,1.190581207229382,7.6249831156250085,0.11532359409418144,-0.022619709021973595
68,8,1,predicted,721.1781974241068,217.7247951073172,8.92310440929348,2.6745886120560938,57.83148193359375,0.0,0.0,0.0,0.0,13,,,,
68,10,1,predicted,1315.2748469574494,202.41162244118007,4.0278469946051425,0.0997211139063385,4.052585124969482,0.0,0.0,0.0,0.0,15,4.458577872379931,4.201170941926795,0.0424175954536568,-0.042529444546208724
68,11,1,predicted,16.590087790471333,225.87379256026185,-0.0,0.0,0.0,0.0,0.0,0.0,0.0,8,,,,
69,0,0,detected,151.6966576095572,284.7694269309068,-1.8187397718429563,0.3905753493309021,2.791604518890381,0.0,200.69058227539065,303.4365539550781,368.9588012695313,0,-1.8157898774511088,2.7865391338651144,0.0002469098227965688,-0.00034840116788607155
69,2,2,detected,1010.5744084404532,182.22122549197096,8.596800804138184,-0.0648000016808509,15.284034729003906,991.8137817382812,147.8715057373047,1029.44140625,216.6223907470703,0,8.460923837320285,15.460809259077692,0.033736066551297225,0.03950109530807996
69,3,0,detected,464.25650758315777,184.64225382896208,-6.533606052398682,-0.0441459864377975,31.237443923950195,447.2716064453125,171.8503875732422,481.0730285644531,197.3235015869141,0,-6.6263012311284655,32.15634010623609,0.00127404133743841,-0.006951678384125691
69,5,1,predicted,1532.7549308656337,186.9676444895233,6.96961920635862,0.0148940096498583,5.356107234954834,0.0,0.0,0.0,0.0,20,6.778429384677807,5.327991102249514,0.1108167819408095,-0.007897945449327171
69,6,1,predicted,713.1273605375443,219.28800497931323,2.1921802559965218,0.7432754808749817,15.33881664276123,0.0,0.0,0.0,0.0,10,1.3665658233976792,7.602363612813798,0.11703374068491557,-0.022619703783379682
69,8,1,predicted,731.7577122710742,217.5866780619725,9.78776528304332,2.6633003434695857,57.83148193359375,0.0,0.0,0.0,0.0,14,,,,
69,10,1,predicted,1323.862197564143,201.8131270432293,4.077029095290856,0.0962933674138394,4.052585124969482,0.0,0.0,0.0,0.0,16,4.467101258322439,4.150162766190338,0.041307260934394976,-0.04280719782784161
69,11,1,predicted,16.5929542664004,225.86679557951777,-0.0,0.0,0.0,0.0,0.0,0.0,0.0,9,,,,
70,0,0,detected,151.64981902298453,284.76909084829583,-1.8246911764144895,0.3918534219264984,2.800739288330078,0.0,200.5308532714844,303.1872863769531,368.9777526855469,0,-1.816104192512367,2.7870832583969642,0.00023037200082139193,-0.000322100781802233
70,2,2,detected,1010.5460697477138,182.19616303396057,8.357999801635742,-0.0630000010132789,14.859477996826172,991.5628051757812,147.79525756835938,1029.4808349609375,216.53855895996097,0,8.48627607138318,15.460005448464061,0.03348901704743144,0.038345942550729394
70,3,0,detected,464.1176930356142,184.7009777297331,-6.630400657653809,-0.0448000021278858,31.700220108032227,447.0346374511719,171.92056274414062,480.9876098632813,197.564453125,0,-6.625356841633125,32.12168246701403,0.0012643273642463798,-0.0077631172624600606
70,5,1,predicted,1551.2613832819247,185.6143175122216,7.109703089570501,0.0046500528951357,5.356107234954834,0.0,0.0,0.0,0.0,21,6.902770771698655,5.322333479518734,0.11121531649879667,-0.00783068895153974
70,6,1,predicted,724.1630626545243,219.06257771828152,2.4314058044861517,0.7383887994846015,15.33881664276123,0.0,0.0,0.0,0.0,11,1.5476043795479733,7.579744126558944,0.11884002302354188,-0.022619698324372394
70,8,1,predicted,742.4674347744897,217.4465950781222,10.663067993174304,2.6518513992632067,57.83148193359375,0.0,0.0,0.0,0.0,15,,,,
70,10,1,predicted,1332.5610477818725,201.20610350943844,4.126849784680762,0.0928167779597851,4.052585124969482,0.0,0.0,0.0,0.0,17,4.478409989454322,4.103049461256213,0.04033568675976165,-0.042946661411064235
70,11,1,predicted,16.59582312144884,225.85978881171584,-0.0,0.0,0.0,0.0,0.0,0.0,0.0,10,,,,
71,0,0,detected,151.65928228553892,284.8028970832379,-1.83429491519928,0.3939158320426941,2.8154802322387695,0.0,200.741455078125,303.3111572265625,368.9738159179687,0,-1.8169993511425215,2.788515895796041,0.00019718587476838973,-0.00027036255197709577
71,2,2,detected,1010.5558050513686,182.20328529940457,8.566206932067871,-0.0645693987607956,15.229643821716309,991.6795043945312,147.92295837402344,1029.4522705078125,216.55911254882812,0,8.522602689477608,15.481569559760283,0.03357268334974441,0.03786342082566004
71,3,0,detected,464.0032238279779,184.74361422393292,-6.675200462341309,-0.0448000021278858,31.700220108032227,446.9437255859375,171.90277099609375,480.9082336425781,197.5940399169922,0,-6.627215214739016,32.088521143777925,0.001172254942069901,-0.008507699982835612
71,5,1,predicted,1569.9852453161416,184.24084579519072,7.251432646563696,-0.0057463886959067,5.356107234954834,0.0,0.0,0.0,0.0,22,7.028494095413709,5.317080866387594,0.1116430832276676,-0.007753267989105527
71,6,1,predicted,735.3113599854139,218.83452468106984,2.6730721267044766,0.7334451980414503,15.33881664276123,0.0,0.0,0.0,0.0,12,1.7335771557551036,7.557124657558609,0.120737207076615,-0.022619692639865106
71,8,1,predicted,753.3073649343534,217.30454615576633,11.549012539686442,2.6402417794369586,57.83148193359375,0.0,0.0,0.0,0.0,16,,,,
71,10,1,predicted,1341.3713976106376,200.5905518398076,4.177309062774864,0.0892913455441754,4.052585124969482,0.0,0.0,0.0,0.0,18,4.492329246505582,4.059521168812894,0.039489129503664074,-0.042965300719107015
71,11,1,predicted,16.598694355616654,225.85277225685607,-0.0,0.0,0.0,0.0,0.0,0.0,0.0,11,,,,
72,0,0,detected,151.67234819256245,284.7712312308126,-1.8294804096221924,0.3928819000720978,2.8080904483795166,0.0,200.39605712890625,303.3438415527344,368.9822692871094,0,-1.8175738943200326,2.7894534999878737,0.0001744158058744964,-0.0002347211751275092
72,2,2,detected,1010.6141554367272,182.23399382816677,8.445979118347168,-0.0636631622910499,15.015893936157228,991.7901611328124,147.9800567626953,1029.5401611328125,216.6534423828125,0,8.549467689282432,15.488186296576465,0.03337477138053046,0.03696211769005646
72,3,0,detected,463.87449182779176,184.7891722653865,-6.626118183135986,-0.044470589607954,31.467130661010746,446.81927490234375,171.8631591796875,480.763427734375,197.733154296875,0,-6.626047538667216,32.04255066190182,0.0011721198412969174,-0.00960715623293885
72,5,1,predicted,1588.9265169682835,182.8472293384306,7.394807877338205,-0.0162953151232692,5.356107234954834,0.0,0.0,0.0,0.0,23,7.155639070816208,5.31221589993531,0.11210047063813758,-0.007666502300481472
72,6,1,predicted,746.5722525302131,218.6038458676782,2.9171792226514963,0.7284446765455279,15.33881664276123,0.0,0.0,0.0,0.0,13,1.9243810356195126,7.534505206527473,0.12272065453021758,-0.022619686724737263
72,8,1,predicted,764.2775027506651,217.1605312949049,12.445598922579723,2.6284714839908396,57.83148193359375,0.0,0.0,0.0,0.0,17,,,,
72,10,1,predicted,1350.2932470504388,199.96647203433676,4.228406929573159,0.0857170701670104,4.052585124969482,0.0,0.0,0.0,0.0,19,4.508703291197733,4.019300719476817,0.03875557982382503,-0.04287819375542306
72,11,1,predicted,16.60156796890384,225.8457459149384,-0.0,0.0,0.0,0.0,0.0,0.0,0.0,12,,,,
73,0,0,detected,151.64624721688958,284.7473002294452,-1.8187397718429563,0.3905753493309021,2.791604518890381,0.0,200.39393615722656,303.2239685058594,368.9779357910156,0,-1.8174807777699713,2.7893634925770456,0.00017201519404071367,-0.00023044805390871263
73,2,2,detected,1010.5412556048472,182.20369898624585,8.215372085571289,-0.0619249157607555,14.60590362548828,991.5177612304688,147.63235473632812,1029.4324951171875,216.68228149414065,0,8.56055251309217,15.468438273510673,0.032716591777562046,0.0353211457505514
73,3,0,detected,463.7062836782003,184.85353939983497,-6.530087471008301,-0.043826088309288,31.011085510253903,446.4893493652344,171.90040588378906,480.702880859375,197.89669799804688,0,-6.619125789657389,31.97073355163376,0.001341895415301289,-0.011434998715955769
73,5,1,predicted,1608.0851982383513,181.4334681419413,7.539828781894025,-0.0269967263869516,5.356107234954834,0.0,0.0,0.0,0.0,24,7.284243878443319,5.307721995551093,0.1125878122046513,-0.007571164554432296
73,6,1,predicted,757.9457402889218,218.37054127810657,3.16372709232721,0.7233872349968339,15.33881664276123,0.0,0.0,0.0,0.0,14,2.119926749814308,7.511885774196849,0.12478621121339796,-0.022619680573834386
73,8,1,predicted,775.377848223425,217.0145504955379,13.352827141854153,2.6165405129248502,57.83148193359375,0.0,0.0,0.0,0.0,18,,,,
73,10,1,predicted,1359.326596101276,199.3338640930259,4.280143385075648,0.0820939518282903,4.052585124969482,0.0,0.0,0.0,0.0,20,4.527393160018224,3.98213957836564,0.03812451642731033,-0.04269839336563714
73,11,1,predicted,16.6044439613104,225.8387097859629,-0.0,0.0,0.0,0.0,0.0,0.0,0.0,13,,,,
74,0,0,detected,151.63017376393304,284.7360482002079,-1.8246911764144895,0.3918534219264984,2.800739288330078,0.0,200.4185333251953,303.2139892578125,368.98968505859375,0,-1.81775511469686,2.789834775915137,0.0001588241798720616,-0.0002097098333415387
74,2,2,detected,1010.533904687678,182.169329536914,8.387123107910156,-0.0632195174694061,14.911253929138184,991.6087646484376,147.76239013671875,1029.4488525390625,216.47300720214844,0,8.580805200112259,15.467400488739148,0.03234824683969069,0.03426578510303125
74,3,0,detected,463.524041140881,184.89946066274032,-6.436800479888916,-0.0432000011205673,30.568069458007812,446.26220703125,171.85867309570312,480.5597229003906,197.94656372070312,0,-6.606841358018003,31.87491657400338,0.0016652794513674278,-0.013917304919585727
74,5,1,predicted,1627.461289126344,179.99956220572273,7.686495360231157,-0.0378506224869538,5.356107234954834,0.0,0.0,0.0,0.0,25,7.414345202637693,5.303583271498879,0.1131053878449735,-0.007467984075444523
74,6,1,predicted,769.4318232615401,218.13461091235493,3.4127157357316187,0.7182728733953688,15.33881664276123,0.0,0.0,0.0,0.0,15,2.3201365534046188,7.4892663613148125,0.12693011503070223,-0.022619674181968075
74,8,1,predicted,786.608401352633,216.86660375766533,14.270697197509731,2.6044488662389913,57.83148193359375,0.0,0.0,0.0,0.0,19,,,,
74,10,1,predicted,1368.4714447631493,198.6927280158751,4.332518429282331,0.0784219905280148,4.052585124969482,0.0,0.0,0.0,0.0,21,4.548274674351982,3.947814350224867,0.03758669861718819,-0.04243723017835717
74,11,1,predicted,16.60732233283633,225.8316638699295,-0.0,0.0,0.0,0.0,0.0,0.0,0.0,14,,,,
75,0,0,detected,151.63853759518588,284.6790494296946,-1.8234978914260864,0.3915971517562866,2.79890775680542,0.0,200.13763427734375,303.2762451171875,368.9752502441406,0,-1.817952042670016,2.790184632420097,0.00014830124538020516,-0.00019315819796370958
75,2,2,detected,1010.5961287219916,182.1999817747848,8.300358772277832,-0.0625655204057693,14.756999015808104,991.7257690429688,147.99562072753906,1029.5765380859375,216.5707244873047,0,8.594297990494455,15.45619004951351,0.0317905137903544,0.032941771702120606
75,3,0,detected,463.3054074430872,184.96889118063,-6.391149044036865,0.0,30.351274490356445,445.9681396484375,171.93736267089844,480.3730773925781,198.098388671875,0,-6.592274396546291,31.769743931666167,0.00204690343755919,-0.016605185360802938
75,5,1,predicted,1647.0547896322626,178.54551152977498,7.8348076123496035,-0.048857003423276,5.356107234954834,0.0,0.0,0.0,0.0,26,7.545978261865676,5.299784483984044,0.11365342520916252,-0.007357650105399308
75,6,1,predicted,781.030501448068,217.89605477042332,3.664145152864722,0.7131015917411322,15.33881664276123,0.0,0.0,0.0,0.0,16,2.5249422574558635,7.466646968646323,0.1291489198196836,-0.022619667543916
75,8,1,predicted,797.9691621382891,216.7166910812872,15.19920908954646,2.5921965439332615,57.83148193359375,0.0,0.0,0.0,0.0,20,,,,
75,10,1,predicted,1377.7277930360583,198.04306380288423,4.385532062193209,0.074701186266184,4.052585124969482,0.0,0.0,0.0,0.0,22,4.571236717367297,3.916123756998928,0.03713399071129244,-0.042104566788353795
75,11,1,predicted,16.610203083481633,225.82460816683823,-0.0,0.0,0.0,0.0,0.0,0.0,0.0,15,,,,
76,0,0,detected,151.64343318417207,284.6590788054383,-1.8211156129837036,0.3910855948925018,2.7952513694763184,0.0,200.2561187744141,303.2801818847656,368.9830627441406,0,-1.8180028317721701,2.7903076683605454,0.0001424067519143288,-0.00018379659753506495
76,2,2,detected,1010.5657926432724,182.1809282215181,8.387123107910156,-0.0632195174694061,14.911253929138184,991.6721801757812,147.8628387451172,1029.4013671875,216.45278930664065,0,8.611723302324402,15.453995155642462,0.03136520141263121,0.03191576663496801
76,3,0,detected,462.9842976468487,184.99487920562484,-6.388732433319092,-0.0425915494561195,30.13753318786621,445.5162353515625,171.8264617919922,480.0290832519531,198.07571411132812,0,-6.578114788625925,31.65579100199266,0.0024055258334321388,-0.01947620990275608
76,5,1,predicted,1666.8656997561063,177.071316114098,7.984765538249362,-0.0600158691959182,5.356107234954834,0.0,0.0,0.0,0.0,27,7.679176832552574,5.2963109713010565,0.11423210083927146,-0.00724081466637442
76,6,1,predicted,792.7417748485054,217.65487285231177,3.91801534372652,0.7078733900341244,15.33881664276123,0.0,0.0,0.0,0.0,17,2.734283552798098,7.444027596973351,0.13143943231701155,-0.022619660654421905
76,8,1,predicted,809.4601305803933,216.56481246640348,16.138362817964328,2.5797835460076612,57.83148193359375,0.0,0.0,0.0,0.0,21,,,,
76,10,1,predicted,1387.0956409200037,197.3848714540534,4.43918428380828,0.0709315390427979,4.052585124969482,0.0,0.0,0.0,0.0,23,4.596179736619832,3.8868860158057186,0.03675921289849925,-0.04170901170314558
76,11,1,predicted,16.61308621324631,225.81754267668916,-0.0,0.0,0.0,0.0,0.0,0.0,0.0,16,,,,
77,0,0,detected,151.66656748062695,284.6096991848524,-1.8294804096221924,0.3928819000720978,2.8080904483795166,0.0,200.0381774902344,303.35845947265625,368.9886779785156,0,-1.8185571742217554,2.791201170773299,0.0001217580349151555,-0.0001518699841438241
77,2,2,detected,1010.5470476734124,182.1789560064022,8.357999801635742,-0.0630000010132789,14.859477996826172,991.627197265625,147.801513671875,1029.4324951171875,216.58197021484375,0,8.625994218989655,15.447971937260233,0.030858598681989882,0.030804768342261438
77,3,0,detected,462.6184374251695,185.05282376585347,-6.5266194343566895,0.0,30.78798484802246,445.1464538574219,171.8870086669922,479.6249694824219,198.26319885253903,0,-6.572765773628255,31.5853466109739,0.002492758476988305,-0.020981351705625387
77,5,1,predicted,1686.8940194978754,175.57697595869183,8.136369137930432,-0.0713272198048803,5.356107234954834,0.0,0.0,0.0,0.0,28,7.8139732677558165,5.293148605837617,0.11484154125146578,-0.007118095080173032
77,6,1,predicted,804.5656434628524,217.41106515802016,4.174326308317013,0.7025882682743452,15.33881664276123,0.0,0.0,0.0,0.0,18,2.9481065770362354,7.421408247095,0.13379866000095436,-0.022619653508195614
77,8,1,predicted,821.0813066789457,216.41096791301425,17.08815838276335,2.567209872462192,57.83148193359375,0.0,0.0,0.0,0.0,22,,,,
77,10,1,predicted,1396.5749884149848,196.71815096938255,4.493475094127546,0.0671130488578566,4.052585124969482,0.0,0.0,0.0,0.0,24,4.623014438300985,3.8599365575104745,0.03645601411132804,-0.04125809995601155
77,11,1,predicted,16.615971722130357,225.81046739948215,-0.0,0.0,0.0,0.0,0.0,0.0,0.0,17,,,,
78,0,0,detected,151.65571641434886,284.59628543962356,-1.8211156129837036,0.3910855948925018,2.7952513694763184,0.0,200.18408203125,303.2763671875,368.974853515625,0,-1.818595748763578,2.7913006735618677,0.00011700175278132764,-0.00014441298537221862
78,2,2,detected,1010.55633160436,182.19361242700853,8.689906120300293,-0.0655018091201782,15.449565887451172,991.5679321289062,147.8032989501953,1029.5606689453125,216.6745452880859,0,8.65883010575226,15.477013869033573,0.030917255133240267,0.030753003839212794
78,3,0,detected,462.18732163794346,185.1311772951416,-6.342000484466553,0.0,29.718955993652344,444.42626953125,171.9180908203125,479.4094543457031,198.46522521972656,0,-6.556617479451071,31.45378494075628,0.002897851327114105,-0.024251191514617337
78,5,1,predicted,1707.13974885757,174.06249106355645,8.289618411392818,-0.0827910552501622,5.356107234954834,0.0,0.0,0.0,0.0,29,7.950398511866126,5.290283752876738,0.1154818239836351,-0.006990076192336103
78,6,1,predicted,816.502107291109,217.16463168754865,4.4330780466362,0.6972462264617947,15.33881664276123,0.0,0.0,0.0,0.0,19,3.1663626860348715,7.3987889198276315,0.13622376802538688,-0.022619646099913026
78,8,1,predicted,832.8326904339461,216.25515742111935,18.04859578394352,2.5544755232968517,57.83148193359375,0.0,0.0,0.0,0.0,23,,,,
78,10,1,predicted,1406.1658355210018,196.0429023488717,4.548404493151006,0.06324571571136,4.052585124969482,0.0,0.0,0.0,0.0,25,4.651660644739958,3.8351260360739547,0.036218763303329085,-0.04075844600074346
78,11,1,predicted,16.618859610133775,225.80338233521735,-0.0,0.0,0.0,0.0,0.0,0.0,0.0,18,,,,
79,0,0,detected,151.64944038973798,284.57470772913,-1.8199270963668823,0.3908303081989288,2.793426752090454,0.0,200.1023101806641,303.2743225097656,368.9832153320313,0,-1.818565203464799,2.7912917932394645,0.00011443444786734443,-0.00014038837349494572
79,2,2,detected,1010.5109213199128,182.20631127875365,8.5358304977417,-0.0643404275178909,15.175637245178224,991.55908203125,147.87147521972656,1029.3828125,216.6171112060547,0,8.680559587132793,15.48778709796765,0.03064442626261344,0.03016476570903062
79,3,0,detected,461.8271709420539,185.2439637342748,-6.342000484466553,0.0,29.718955993652344,444.0037841796875,171.98626708984375,479.2795104980469,198.7503204345703,0,-6.541081457417323,31.32727999210492,0.003273138957554972,-0.02727878133962927
79,5,1,predicted,1727.60288783519,172.52786142869186,8.444513358636515,-0.094407375531764,5.356107234954834,0.0,0.0,0.0,0.0,30,8.088482112403756,5.287703235279016,0.11615297864387801,-0.006857312341737323
79,6,1,predicted,828.5511663332751,216.91557244089708,4.694270558684079,0.6918472645964727,15.33881664276123,0.0,0.0,0.0,0.0,20,3.389007398921837,7.376169616004992,0.1387120438051707,-0.02261963842421611
79,8,1,predicted,844.7142818453947,216.09738099071896,19.01967502150483,2.54158049851164,57.83148193359375,0.0,0.0,0.0,0.0,24,,,,
79,10,1,predicted,1415.8681822380547,195.35912559252088,4.603972480878658,0.0593295396033081,4.052585124969482,0.0,0.0,0.0,0.0,26,4.682046291427216,3.812318587020209,0.03604245616952308,-0.040215873474083154
79,11,1,predicted,16.621749877256565,225.79628748389464,-0.0,0.0,0.0,0.0,0.0,0.0,0.0,19,,,,
80,0,0,detected,151.61898557878078,284.5787641874449,-1.8175541162490845,0.390320748090744,2.789784669876098,0.0,200.22662353515625,303.17364501953125,368.9756164550781,0,-1.818397349834614,2.791069979961902,0.00011602231020149904,-0.0001428086939233307
80,2,2,detected,1010.5216482993856,182.19445986818437,8.658648490905762,-0.0652661919593811,15.39399242401123,991.542724609375,147.78135681152344,1029.5228271484375,216.5784149169922,0,8.708072954039606,15.510516156554973,0.030551356863169673,0.02994529571786562
80,3,0,detected,461.48872861283365,185.37914153844395,-6.386350154876709,0.0,29.926782608032227,443.54296875,172.0116424560547,479.1351623535156,199.06515502929688,0,-6.528785013626437,31.218094089037468,0.003541352832287328,-0.029707087734837212
80,5,1,predicted,1748.2834364307355,170.97308705409804,8.601053979661524,-0.106176180649686,5.356107234954834,0.0,0.0,0.0,0.0,31,8.228252229860306,5.285394303247244,0.11685498798835231,-0.006720329111184017
80,6,1,predicted,840.7128205893507,216.66388741806557,4.957903844460653,0.6863913826783796,15.33881664276123,0.0,0.0,0.0,0.0,21,3.6159994917055367,7.353550336478333,0.14126086807983215,-0.022619630475712922
80,8,1,predicted,856.7260809132914,215.937638621813,20.001396095447294,2.5285247981065604,57.83148193359375,0.0,0.0,0.0,0.0,25,,,,
80,10,1,predicted,1425.6820285661438,194.66682070033005,4.660179057310507,0.055364520533701,4.052585124969482,0.0,0.0,0.0,0.0,27,4.714106543660693,3.7913903000837337,0.035922634871931654,-0.039635525585462024
80,11,1,predicted,16.62464252349873,225.7891828455141,-0.0,0.0,0.0,0.0,0.0,0.0,0.0,20,,,,
81,0,0,detected,151.63422202405073,284.5863992665227,-1.8175541162490845,0.390320748090744,2.789784669876098,0.0,200.2418975830078,303.2878112792969,368.9875793457031,0,-1.818238080382778,2.7908592268875925,0.00011730909759188989,-0.00014483032977312255
81,2,2,detected,1010.5077614974184,182.16938321195195,8.596800804138184,-0.0648000016808509,15.284034729003906,991.464599609375,147.6612091064453,1029.52880859375,216.59625244140625,0,8.730190088975474,15.525118851026562,0.03030040269571213,0.029491366652752316
81,3,0,detected,461.1579756232178,185.4861212314614,-6.342000484466553,0.0,29.718955993652344,443.1208801269531,171.9684600830078,478.9388122558594,199.1822052001953,0,-6.5143462175488915,31.100915847478987,0.0038655983668015588,-0.032303671276922186
81,5,1,predicted,1769.1813946442062,169.39816793977502,8.759240274467846,-0.1180974706039277,5.356107234954834,0.0,0.0,0.0,0.0,32,8.369735646426129,5.283344608478246,0.11758778905082373,-0.0065796248895910675
81,6,1,predicted,852.9870700593359,216.4095766190541,5.223977903965921,0.6808785807075148,15.33881664276123,0.0,0.0,0.0,0.0,22,3.8473002193025416,7.330931082116537,0.14386769149052422,-0.022619622248977587
81,8,1,predicted,868.8680876376362,215.77593031440145,20.993759005770904,2.5153084220816093,57.83148193359375,0.0,0.0,0.0,0.0,26,,,,
81,10,1,predicted,1435.6073745052688,193.9659876722992,4.7170242224465495,0.0513506585025386,4.052585124969482,0.0,0.0,0.0,0.0,28,4.747783016083035,3.772227876633682,0.035855318756174696,-0.03902195922764855
81,11,1,predicted,16.627537548860264,225.7820684200757,-0.0,0.0,0.0,0.0,0.0,0.0,0.0,21,,,,
82,0,0,detected,151.66217347209667,284.6057894249704,-1.8199270963668823,0.3908303081989288,2.793426752090454,0.0,200.33824157714844,303.364501953125,368.97412109375,0,-1.8182280187133788,2.7908754379773106,0.00011411487306945603,-0.00014003392150547825
82,2,2,detected,1010.5139528709142,182.1660309509054,8.5358304977417,-0.0643404275178909,15.175637245178224,991.5568237304688,147.73646545410156,1029.48486328125,216.60707092285156,0,8.747151693018129,15.531986743958717,0.02990312400590645,0.028820511142392737
82,3,0,detected,460.7481526770728,185.59764255863237,-6.383999824523926,0.0,29.718955993652344,442.5008239746094,172.00970458984375,478.6301879882813,199.3654327392578,0,-6.502971040712353,30.988415799915163,0.00408926134973188,-0.034687288200366005
82,5,1,predicted,1790.2967624756025,167.8031040857228,8.919072243055481,-0.1301712453944894,5.356107234954834,0.0,0.0,0.0,0.0,33,8.512957774338348,5.281542182095109,0.11835127434074945,-0.006435672272125105
82,6,1,predicted,865.3739147432307,216.1526400438626,5.4924927371998855,0.6753088586838791,15.33881664276123,0.0,0.0,0.0,0.0,23,4.082872649434921,7.308311853806245,0.1465300158682224,-0.022619613738550308
82,8,1,predicted,881.1403020184291,215.61225606848433,21.99676375247566,2.501931370436787,57.83148193359375,0.0,0.0,0.0,0.0,27,,,,
82,10,1,predicted,1445.6442200554295,193.25662650842835,4.7745079762867855,0.0472879535098209,4.052585124969482,0.0,0.0,0.0,0.0,29,4.783023081004136,3.7547274470555143,0.035836944389595386,-0.038379225363048955
82,11,1,predicted,16.630434953341172,225.77494420757935,-0.0,0.0,0.0,0.0,0.0,0.0,0.0,22,,,,
83,0,0,detected,151.71448094321997,284.6274017922225,-1.8175541162490845,0.390320748090744,2.789784669876098,0.0,200.37364196777344,303.5083923339844,368.98431396484375,0,-1.8180807163684278,2.790679038991001,0.00011510427969614752,-0.00014171431369774842
83,2,2,detected,1010.4612602124424,182.16227066209584,8.445979118347168,-0.0636631622910499,15.015893936157228,991.4271240234376,147.7843017578125,1029.4063720703125,216.5487365722656,0,8.757426719487155,15.528342981734898,0.029317958319238314,0.027855794002816264
83,3,0,detected,460.3716980069632,185.7793143110845,-6.339972972869873,0.0417103469371795,29.51399803161621,442.07135009765625,172.2508544921875,478.4002075195313,199.75389099121097,0,-6.489460738900352,30.868319171301053,0.004370127572292357,-0.037228948376454386
83,5,1,predicted,1811.629539924924,166.18789549194133,9.080549885424428,-0.1423975050213711,5.356107234954834,0.0,0.0,0.0,0.0,34,8.657942664484871,5.2799754158293135,0.11914529312184405,-0.006288919321124399
83,6,1,predicted,877.873354641035,215.89307769249112,5.763448344162542,0.6696822166074716,15.33881664276123,0.0,0.0,0.0,0.0,24,4.322681094716675,7.285692652451976,0.14924537955947606,-0.022619604938937367
83,8,1,predicted,893.5427240556702,215.44661588406169,23.010410335561566,2.4883936431720963,57.83148193359375,0.0,0.0,0.0,0.0,28,,,,
83,10,1,predicted,1455.7925652166266,192.5387372087175,4.832630318831215,0.0431764055555478,4.052585124969482,0.0,0.0,0.0,0.0,30,4.819779253587886,3.7387935270747277,0.03586431353234936,-0.0377109378028221
83,11,1,predicted,16.633334736941453,225.7678102080252,-0.0,0.0,0.0,0.0,0.0,0.0,0.0,23,,,,
84,0,0,detected,151.63516452001946,284.6095051625456,-1.816370129585266,0.3900664746761322,2.7879672050476074,0.0,200.1865234375,303.11712646484375,368.9689025878906,0,-1.8178711485419676,2.790385155903718,0.00011792316740457775,-0.00014625518369638956
84,2,2,detected,1010.485788073034,182.16256384403852,8.566206932067871,-0.0645693987607956,15.229643821716309,991.5415649414062,147.8081512451172,1029.4803466796875,216.54071044921875,0,8.773687325179486,15.53677812263818,0.028928313719967076,0.027277529607179683
84,3,0,detected,459.9482802644805,185.94765007171168,-6.381682872772217,0.0417103469371795,29.51399803161621,441.3411560058594,172.1197967529297,478.232421875,200.13137817382812,0,-6.478968161394816,30.75307054880844,0.004552827666175191,-0.039553454255008856
84,5,1,predicted,1833.179726992171,164.55254215843067,9.243673201574689,-0.1547762494845727,5.356107234954834,0.0,0.0,0.0,0.0,35,8.804713015805254,5.278633045988453,0.1199696527787498,-0.00613979070749709
84,6,1,predicted,890.4853897527489,215.63088956493968,6.0368447248538954,0.6639986544782931,15.33881664276123,0.0,0.0,0.0,0.0,25,4.566690631484985,7.2630734789762545,0.15201134621779652,-0.02261959584461112
84,8,1,predicted,906.0753537493594,215.2790097611334,24.03469875502862,2.4746952402875344,57.83148193359375,0.0,0.0,0.0,0.0,29,,,,
84,10,1,predicted,1466.0524099888594,191.81231977316665,4.891391250079839,0.0390160146397196,4.052585124969482,0.0,0.0,0.0,0.0,31,4.858008643805742,3.724338095174596,0.03593454788288587,-0.037020332139385
84,11,1,predicted,16.636236899661107,225.76066642141316,-0.0,0.0,0.0,0.0,0.0,0.0,0.0,24,,,,
85,0,0,detected,151.65114403552147,284.65167347373153,-1.827082633972168,0.3923669755458832,2.804409980773926,0.0,200.51345825195312,303.32470703125,368.9736022949219,0,-1.8183049276268854,2.7910769191969473,0.00010144457414889593,-0.00012122471560627513
85,2,2,detected,1010.467017910938,182.193203039014,8.505667686462402,-0.0641130730509758,15.122013092041016,991.49462890625,147.96978759765625,1029.4112548828125,216.56076049804688,0,8.785055377445785,15.537807797706124,0.02840381267843547,0.026494517082503083
85,3,0,detected,459.49918058156175,186.2056785534506,-6.1689605712890625,0.0403200015425682,28.53019905090332,440.7239990234375,172.20103454589844,477.9413146972656,200.89793395996097,0,-6.456352015067285,30.584355089847254,0.005092354339875054,-0.043406089725375054
85,5,1,predicted,1854.9473236773435,162.8970440851908,9.408442191506262,-0.1673074787840941,5.356107234954834,0.0,0.0,0.0,0.0,36,8.953290185940157,5.277504139802898,0.12082412027563326,-0.005988688749613147
85,6,1,predicted,903.2100200783724,215.36607566120824,6.312681879273942,0.658258172296343,15.33881664276123,0.0,0.0,0.0,0.0,26,4.814866695683048,7.240454334319735,0.15482549657001904,-0.022619586450010006
85,8,1,predicted,918.7381910994966,215.1094376996996,25.069629010876817,2.4608361617831016,57.83148193359375,0.0,0.0,0.0,0.0,30,,,,
85,10,1,predicted,1476.4237543721283,191.0773742017758,4.950790770032658,0.0348067807623361,4.052585124969482,0.0,0.0,0.0,0.0,32,4.897672466586403,3.7112797759039826,0.03604504962814241,-0.03631031630133609
85,11,1,predicted,16.639141441500133,225.75351284774328,-0.0,0.0,0.0,0.0,0.0,0.0,0.0,25,,,,
86,0,0,detected,151.63754235837425,284.6812046868176,-1.8175541162490845,0.390320748090744,2.789784669876098,0.0,200.5094757080078,303.24517822265625,368.9728698730469,0,-1.8181651236135632,2.7908865196376897,0.00010259134566646043,-0.0001232927265611121
86,2,2,detected,1010.5245498702332,182.1982310007136,8.416448593139648,-0.0634405687451362,14.963391304016112,991.6517333984376,147.8554229736328,1029.5025634765625,216.5709991455078,0,8.79000695363708,15.528669812598855,0.02770269823551554,0.025429692435940923
86,3,0,detected,459.1506347664904,186.40217166802745,-6.048000335693359,0.039529412984848,27.970783233642575,440.37457275390625,172.2473602294922,477.80267333984375,200.94102478027344,0,-6.427438298959803,30.389079769196584,0.005804503937822695,-0.04794101711059373
86,5,1,predicted,1876.9323299804416,161.22140127222173,9.57485685521915,-0.1799911929199354,5.356107234954834,0.0,0.0,0.0,0.0,37,9.103694203497112,5.276578083795174,0.12170842370722262,-0.005835994364372989
86,6,1,predicted,916.0472456179054,215.09863598129684,6.590959807422684,0.652460770061622,15.33881664276123,0.0,0.0,0.0,0.0,27,5.067174747474289,7.217835219441323,0.15768542273242295,-0.02261957674953854
86,8,1,predicted,931.531236106082,214.93789969976015,26.11520110310617,2.4468164076587984,57.83148193359375,0.0,0.0,0.0,0.0,31,,,,
86,10,1,predicted,1486.9065983664332,190.3339004945449,5.01082887868967,0.0305487039233973,4.052585124969482,0.0,0.0,0.0,0.0,33,4.938735602872697,3.6995431160841754,0.036193466984406314,-0.03558351396068675
86,11,1,predicted,16.64204836245853,225.74634948701552,-0.0,0.0,0.0,0.0,0.0,0.0,0.0,26,,,,
87,0,0,detected,151.63523845887732,284.6454501560322,-1.8199270963668823,0.3908303081989288,2.793426752090454,0.0,200.1744384765625,303.2625427246094,368.9638366699219,0,-1.8181725696368571,2.7909204150190905,9.92988875250268e-05,-0.00011858945829248328
87,2,2,detected,1010.4458575853774,182.20460358132743,8.596800804138184,-0.0648000016808509,15.284034729003906,991.3857421875,147.91183471679688,1029.368408203125,216.52976989746097,0,8.804672702165156,15.538104413029494,0.027312616106060412,0.0249509290087364
87,3,0,detected,458.8217014494746,186.5623994873635,-5.894886493682861,0.0382784828543663,27.08563232421875,440.0115356445313,172.27743530273438,477.5625915527344,201.0498046875,0,-6.390547769511842,30.148973684092482,0.006734637389236725,-0.0536852497571067
87,5,1,predicted,1899.1347459014648,159.52561371952342,9.742917192713348,-0.1928273918920968,5.356107234954834,0.0,0.0,0.0,0.0,38,9.255943782221898,5.275844573860091,0.1226222539399551,-0.005682067943107629
87,6,1,predicted,928.997066371348,214.82857052520544,6.871678509300118,0.646606447774129,15.33881664276123,0.0,0.0,0.0,0.0,28,5.323579997346574,7.195216135318303,0.16058872470465907,-0.022619566737567317
87,8,1,predicted,944.4544887691156,214.76439576131523,27.17141503171666,2.4326359779146256,57.83148193359375,0.0,0.0,0.0,0.0,32,,,,
87,10,1,predicted,1497.500941971774,189.5818986514741,5.071505576050877,0.0262417841229031,4.052585124969482,0.0,0.0,0.0,0.0,34,4.981166205375401,3.689057942779925,0.036377664043405984,-0.034842301825544764
87,11,1,predicted,16.644957662536303,225.7391763392299,-0.0,0.0,0.0,0.0,0.0,0.0,0.0,27,,,,
88,0,0,detected,151.65284312242025,284.65267185652993,-1.8234978914260864,0.3915971517562866,2.79890775680542,0.0,200.3589782714844,303.3330078125,368.9776611328125,0,-1.8183931296500604,2.7912797860324665,8.972035387036122e-05,-0.00010427639571066388
88,2,2,detected,1010.3759554138444,182.25926969719688,8.658648490905762,-0.0652661919593811,15.39399242401123,991.323974609375,148.08505249023438,1029.3153076171875,216.65782165527344,0,8.821764635506346,15.553052613292937,0.027006546293358524,0.024651080424501776
88,3,0,detected,458.5241036327178,186.72729142583051,-5.932433605194092,0.03852229565382,27.25815200805664,439.7441101074219,172.2693328857422,477.3059997558594,201.3834686279297,0,-6.357197859295633,29.927973318666854,0.007531661595599978,-0.05869168437752517
88,5,1,predicted,1921.5545714404132,157.8096814270959,9.912623203988858,-0.2058160757005781,5.356107234954834,0.0,0.0,0.0,0.0,39,9.410056337291898,5.275293606782552,0.12356526633849337,-0.005527250163199236
88,6,1,predicted,942.0594823387,214.5558792929341,7.154837984906247,0.6406952054338653,15.33881664276123,0.0,0.0,0.0,0.0,29,5.58404718731564,7.172597082946461,0.16353300871342225,-0.02261955640843301
88,8,1,predicted,957.5079490885972,214.5889258843647,28.2382707967083,2.418294872550582,57.83148193359375,0.0,0.0,0.0,0.0,33,,,,
88,10,1,predicted,1508.206785188151,188.8213686725632,5.132820862116278,0.0218860213608538,4.052585124969482,0.0,0.0,0.0,0.0,35,5.024935343723498,3.679758793460086,0.03659569434476768,-0.034088841689045024
88,11,1,predicted,16.647869341733447,225.73199340438643,-0.0,0.0,0.0,0.0,0.0,0.0,0.0,28,,,,
89,0,0,detected,151.63940143813474,284.6638221679866,-1.8151875734329224,0.3898125290870666,2.7861521244049072,0.0,200.40121459960935,303.2509460449219,368.97125244140625,0,-1.8181198265985055,2.790879535569815,9.522231043095541e-05,-0.00011314671126822864
89,2,2,detected,1010.3533030281222,182.23945837563593,8.300358772277832,-0.0625655204057693,14.756999015808104,991.2210083007812,147.77566528320312,1029.462646484375,216.6099090576172,0,8.81645913649249,15.529189359871985,0.02603815726810488,0.023194779215263427
89,3,0,detected,458.350913695308,186.89901145381663,-5.857811450958252,0.0760754719376564,26.915281295776367,439.6328125,172.2259979248047,477.29742431640625,201.774658203125,0,-6.320686487202334,29.69521635751575,0.00840018085317643,-0.06390506520559891
89,6,1,predicted,955.2344935199616,214.28056228448273,7.440438234241069,0.6347270430408304,15.33881664276123,0.0,0.0,0.0,0.0,30,5.848540421511386,7.149978063340211,0.1665158871144953,-0.022619545756438368
89,8,1,predicted,970.6916170645268,214.4114900689086,29.315768398081097,2.403793091566667,57.83148193359375,0.0,0.0,0.0,0.0,34,,,,
89,10,1,predicted,1519.0241280155633,188.05231055781235,5.194774736885872,0.0174814156372492,4.052585124969482,0.0,0.0,0.0,0.0,36,5.070016684478948,3.671584410087231,0.03684577768451495,-0.033325107970975515
89,11,1,predicted,16.65078340004996,225.72480068248507,-0.0,0.0,0.0,0.0,0.0,0.0,0.0,29,,,,
90,0,0,detected,151.5812252099237,284.6961703992658,-1.8246911764144895,0.3918534219264984,2.800739288330078,0.0,200.55953979492188,303.0598449707031,368.9599609375,0,-1.818417128471563,2.7913535878189486,8.344949497775231e-05,-9.55350957654915e-05
90,2,2,detected,1010.3205544409674,182.2748917874098,8.357999801635742,-0.0630000010132789,14.859477996826172,991.2631225585938,147.9477081298828,1029.3394775390625,216.73703002929688,0,8.813970341844042,15.511455640148101,0.025182560200501723,0.021964638963542747
90,3,0,detected,458.28342800878784,187.05679389010663,-5.821200370788574,0.0756000056862831,26.747060775756836,439.6044616699219,172.16722106933594,477.3682861328125,202.0687561035156,0,-6.283371430424429,29.461477244255995,0.009267412765077665,-0.06899630728298314
90,6,1,detected,889.9744940643467,213.88650398234424,3.706407070159912,0.3746548593044281,9.46798610687256,864.962890625,157.3318634033203,914.1555786132812,270.4358825683594,0,5.87766733577648,7.858873650402887,0.1624479915860494,-0.008274550528434869
90,8,1,predicted,984.0054926969048,214.23208831494696,30.40390783583503,2.389130634962884,57.83148193359375,0.0,0.0,0.0,0.0,35,,,,
90,10,1,predicted,1529.9529704540118,187.27472430722148,5.257367200359661,0.0130279669520892,4.052585124969482,0.0,0.0,0.0,0.0,37,5.116386202134315,3.664477289983984,0.03712627974302251,-0.03255291137706054
90,11,1,predicted,16.653699837485846,225.71759817352583,-0.0,0.0,0.0,0.0,0.0,0.0,0.0,30,,,,
91,0,0,detected,151.63336115976338,284.7014561229118,-1.8211156129837036,0.3910855948925018,2.7952513694763184,0.0,200.4320068359375,303.36224365234375,368.9794616699219,0,-1.8184973804809474,2.7914930374346145,7.853613756436259e-05,-8.848223526526948e-05
91,2,2,detected,1010.2275027347712,182.29309706464505,8.132108688354492,-0.0612972974777221,14.457870483398438,991.0844116210938,147.96617126464844,1029.231201171875,216.6746368408203,0,8.797547241688974,15.46993114973669,0.023933802710194945,0.020054223704101797
91,3,0,detected,458.2851700239636,187.2141595926194,-5.785043716430664,0.0751304402947425,26.580930709838867,439.49468994140625,172.1898193359375,477.5824890136719,202.3404998779297,0,-6.245325510753652,29.227030651802135,0.010131174468442278,-0.0739603526374472
91,8,1,detected,888.7662789959822,217.6886528218372,3.1495249271392822,0.3651623129844665,8.0745849609375,864.3871459960938,164.4181365966797,912.366943359375,271.0721130371094,0,3.2192968286383654,7.873204669967411,0.09572632003004096,-0.006590310012962279
91,6,1,predicted,900.7627455005222,213.602079792069,3.8637988431531856,0.3827110128795039,9.46798610687256,0.0,0.0,0.0,0.0,1,5.910848689375074,8.24729835987591,0.15861276707124647,-0.0005594610144109792
91,10,1,predicted,1540.9933125034966,186.48860992079065,5.320598252537644,0.0085256753053741,4.052585124969482,0.0,0.0,0.0,0.0,38,5.164021917762228,3.6583832872603455,0.037435694177376105,-0.03177391920809152
91,11,1,predicted,16.656618654041104,225.71038587750877,-0.0,0.0,0.0,0.0,0.0,0.0,0.0,31,,,,
92,0,0,detected,151.6337245586068,284.6620546119829,-1.827082633972168,0.3923669755458832,2.804409980773926,0.0,200.17872619628903,303.2672424316406,368.97210693359375,0,-1.8189283958315299,2.7921694553457574,6.323201151863268e-05,-6.550883900338502e-05
92,2,2,detected,1010.2043004717827,182.35899942350235,7.866353511810303,-0.0592941232025623,13.985391616821287,991.2023315429688,148.10023498535156,1029.1978759765625,216.85975646972656,0,8.76530624371106,15.401218851908409,0.02224662045222302,0.017380410117510285
92,3,0,detected,458.4933338688684,187.36785228154147,-5.74933385848999,0.0746666714549064,26.416851043701172,439.4412841796875,172.03994750976562,478.38128662109375,202.765380859375,0,-6.20661897375912,28.992139719596214,0.0109894212993801,-0.07879264914284426
92,8,1,detected,895.8960873673608,217.22093120574243,3.28619647026062,0.3612485527992248,8.245721817016602,870.5316162109375,163.6066436767578,917.8999633789062,270.16632080078125,0,3.307885924706309,7.960477925797086,0.09560747006089271,-0.005027281871518923
92,6,1,predicted,911.6114635510818,213.3149543161775,4.0089604504124265,0.37886912157297,9.46798610687256,0.0,0.0,0.0,0.0,2,5.947280048833754,8.494863955767189,0.15498074380051208,0.004242765160318545
92,10,1,predicted,1552.1451541640172,185.69396739851976,5.384467893419821,0.0039745406971037,4.052585124969482,0.0,0.0,0.0,0.0,39,5.212903662452197,3.6532512593786794,0.037772626874554904,-0.030989672773683308
92,11,1,predicted,16.659539849715735,225.70316379443383,-0.0,0.0,0.0,0.0,0.0,0.0,0.0,32,,,,
93,0,0,detected,151.6230420531319,284.68119557635083,-1.8199270963668823,0.3908303081989288,2.793426752090454,0.0,200.4745635986328,303.22723388671875,368.9627075195313,0,-1.8189275920316101,2.792181710755648,6.13558120007529e-05,-6.317173463107835e-05
93,2,2,detected,1010.1894821622474,182.39648011050272,7.739884376525879,-0.0583408400416374,13.76054573059082,991.2835693359376,148.1269989013672,1029.1026611328125,216.77452087402344,0,8.725963198958617,15.3208241919527,0.02039562236652084,0.014432463578596576
93,3,0,detected,458.8574428672064,187.60605172487703,-5.6423420906066895,0.0737560987472534,26.09469413757324,439.4921569824219,172.11041259765625,479.2751770019531,203.4974670410156,0,-6.163103242907074,28.747644965850444,0.011966957652547062,-0.08377193998553525
93,8,1,detected,902.0902790835872,216.71698429187708,3.3835787773132324,0.3654736876487732,8.3421630859375,875.2698364257812,162.89219665527344,924.1668090820312,269.4661560058594,0,3.3994338221557596,8.034281544982248,0.09553885810333745,-0.0036949390475235645
93,6,1,predicted,922.5206482160256,213.02512755466975,4.1549311330747365,0.3749910856307384,9.46798610687256,0.0,0.0,0.0,0.0,3,5.986960964828629,8.66804494761721,0.15154703468997752,0.007507268366944417
93,11,1,predicted,16.66246342450974,225.69593192430105,-0.0,0.0,0.0,0.0,0.0,0.0,0.0,33,,,,
94,0,0,detected,151.6041133672943,284.66258408189566,-1.8211156129837036,0.3910855948925018,2.7952513694763184,0.0,200.2718963623047,303.17694091796875,368.9700622558594,0,-1.818998419557769,2.7923026380097147,5.738082763012246e-05,-5.763555576836485e-05
94,2,2,detected,1010.1652460913148,182.38291924134177,7.617418766021728,-0.0574177242815494,13.542816162109377,991.3444213867188,148.12269592285156,1028.9771728515625,216.5356903076172,0,8.680017305099732,15.229597330649673,0.0184006168401716,0.011244105844807529
94,3,0,detected,459.22711831941734,187.7959418407359,-5.574361801147461,0.0728674754500389,25.78030014038086,439.5707702636719,172.02471923828125,479.8753356933594,203.72927856445312,0,-6.117242462800415,28.4944214322187,0.012986204226220611,-0.08886744907374312
94,6,1,detected,905.9130052315712,214.28778084250112,3.3612923622131348,0.337292343378067,8.229865074157715,877.72607421875,161.84556579589844,925.8390502929688,268.01556396484375,0,5.974283957367066,8.607168521820112,0.14664794971513895,0.0061838232891257006
94,8,1,detected,911.1378035083866,216.62295513343545,3.464276075363159,0.3591724336147308,8.198332786560059,888.4406127929688,164.15115356445312,933.7280883789062,269.2193603515625,0,3.4896256003260797,8.05980652257706,0.09544662975870942,-0.003190943488105973
94,11,1,predicted,16.665389378423114,225.68869026711036,-0.0,0.0,0.0,0.0,0.0,0.0,0.0,34,,,,
95,0,0,detected,151.62310997796214,284.6567356060091,-1.8140065670013428,0.389558881521225,2.784339427947998,0.0,200.3213806152344,303.2830505371094,368.96588134765625,0,-1.8186511642684198,2.791780591209857,6.610275180003204e-05,-7.160905184861726e-05
95,2,2,detected,1010.1843452102196,182.42591855171176,7.3387322425842285,-0.05531707406044,13.04734706878662,991.3041381835938,148.258544921875,1029.131591796875,216.71954345703125,0,8.618543484295355,15.1115818779542,0.01599730478529735,0.007340643015000637
95,3,0,detected,459.6893362669819,187.969003151748,-5.344744682312012,0.1054883748292923,24.8809871673584,439.7653198242187,172.11288452148438,480.69671630859375,203.89634704589844,0,-6.059638917258065,28.198503916725304,0.014328678707464276,-0.09509759392125267
95,6,1,detected,913.524201011876,213.90338598672105,3.4874484539031982,0.3244138062000274,8.198332786560059,888.9991455078125,160.19065856933594,937.8801879882812,267.1636962890625,0,5.965382161966472,8.556260676901427,0.14200019488197196,0.0050740150502188615
95,8,1,detected,922.2118377642888,216.3209720633811,3.659393072128296,0.3647626638412475,8.325933456420898,897.184326171875,164.28892517089844,949.84228515625,267.8368225097656,0,3.596429973663639,8.09777285486559,0.09564747422504752,-0.002463139498528215
95,11,1,predicted,16.668317711455863,225.68143882286185,-0.0,0.0,0.0,0.0,0.0,0.0,0.0,35,,,,
96,0,0,detected,151.60725379966024,284.6862363972798,-1.816370129585266,0.3900664746761322,2.7879672050476074,0.0,200.49774169921875,303.18902587890625,368.9930114746094,0,-1.8184549827793959,2.791489234709067,7.001868798371657e-05,-7.822440655567883e-05
96,2,2,detected,1010.2251410662836,182.4740336814729,7.142742156982422,-0.0538397617638111,12.698901176452637,991.3916625976562,148.3014373779297,1029.15869140625,216.78257751464844,0,8.546930294370323,14.976350584483388,0.013359847552634696,0.0030322802177307163
96,3,0,detected,460.4088540686946,188.1888161863024,-5.248552322387695,0.1042758673429489,24.594999313354492,440.1471252441406,172.21701049804688,482.1204528808594,204.40399169921875,0,-5.9985181623967145,27.89736310144114,0.01573732387139596,-0.10130115208004908
96,6,1,detected,922.5215909855968,212.88276651244823,3.610226392745972,0.3018195927143097,8.214068412780762,899.1934814453125,158.07736206054688,947.6727905273438,265.3923645019531,0,5.960028134256695,8.517877816049001,0.13759073904690824,0.004223241942251538
96,8,1,detected,931.321518985432,215.604398276374,3.6609339714050297,0.3328121602535248,8.120550155639648,905.8828125,161.48052978515625,956.1753540039062,268.0361633300781,0,3.6878187167077985,8.098761232735864,0.09556997965654977,-0.0024003335035506254
96,11,1,predicted,16.671248423607985,225.6741775915554,-0.0,0.0,0.0,0.0,0.0,0.0,0.0,36,,,,
97,0,0,detected,151.60929466179036,284.70075724272937,-1.8294804096221924,0.3928819000720978,2.8080904483795166,0.0,200.47186279296875,303.22625732421875,368.97894287109375,0,-1.8190364228896303,2.792390328046396,5.039743114765603e-05,-4.872838158920083e-05
97,2,2,detected,1010.2868241988712,182.48304461260344,7.121610164642334,-0.0536804795265197,12.661331176757812,991.5179443359376,148.2906494140625,1029.184814453125,216.64144897460935,0,8.475819380796723,14.842846365965134,0.010815676679927423,-0.0010961290346867747
97,3,0,detected,461.1634243982211,188.39272508006596,-5.218560218811035,0.1036800146102905,24.454456329345703,440.5106201171875,172.14541625976562,483.2199401855469,204.7901153564453,0,-5.937910333315641,27.59985989497035,0.017088776502768844,-0.10721166744421214
97,8,1,detected,939.1374987843247,214.3425563583479,3.729791402816773,0.3098596036434173,8.120550155639648,914.0614624023438,160.04603576660156,961.814208984375,265.55126953125,0,3.776728342329173,8.099366816151933,0.09544491406667627,-0.002343889541161007
97,6,1,predicted,930.3847231231516,212.60203385577287,3.6959515589654712,0.3204166929215433,8.214068412780762,0.0,0.0,0.0,0.0,1,5.9560173020027145,8.486624084501202,0.13334754736200533,0.003522057268392219
97,11,1,predicted,16.67418151487948,225.6669065731911,-0.0,0.0,0.0,0.0,0.0,0.0,0.0,37,,,,
98,0,0,detected,151.58849071929333,284.72332287912946,-1.8234978914260864,0.3915971517562866,2.79890775680542,0.0,200.5440673828125,303.1451721191406,368.98052978515625,0,-1.819250882945262,2.7927270490311105,4.2416625402851483e-05,-3.711384671485777e-05
98,2,2,detected,1010.2943111560336,182.4803317981528,6.936899662017822,-0.0522881895303726,12.33293914794922,991.4976806640624,148.21185302734375,1029.1173095703125,216.66712951660156,0,8.39566182711889,14.694001675012766,0.008074430101281074,-0.005565847505222363
98,3,0,detected,462.1266066066034,188.63150192091817,-5.154545783996582,0.1030909195542335,24.315509796142575,440.9134521484375,172.15647888183594,484.9966735839844,205.37457275390625,0,-5.875839308486958,27.306137692110646,0.018444201981652183,-0.11283306937073863
98,6,1,detected,936.9306100617646,211.27323797201288,3.782918930053711,0.2918919026851654,8.261640548706055,914.0467529296876,157.44200134277344,958.7672119140624,262.95343017578125,0,5.953473812997056,8.465691220943,0.12927025089568298,0.003033045138616001
98,8,1,detected,946.799792501605,213.44802927599184,3.850830078125,0.3122294545173645,8.182657241821289,923.0770874023438,159.93128967285156,968.1646728515624,265.4478759765625,0,3.8697327596753697,8.106814826522756,0.09539752913267861,-0.0021537690107184203
98,11,1,predicted,16.677116985270345,225.659625767769,-0.0,0.0,0.0,0.0,0.0,0.0,0.0,38,,,,
99,0,0,detected,151.5945547128349,284.72941212564956,-1.8187397718429563,0.3905753493309021,2.791604518890381,0.0,200.4875640869141,303.2064208984375,368.9766540527344,0,-1.819180957281327,2.792626228953307,4.324588218362593e-05,-3.903426367330502e-05
99,2,2,detected,1010.2742186456516,182.460123505792,6.780575275421143,-0.0511098578572273,12.055013656616213,991.493896484375,148.20773315429688,1029.0313720703125,216.5632171630859,0,8.30846823040795,14.533368109698426,0.005202586465870509,-0.010259064193276471
99,3,0,detected,463.25274120035743,188.78421868251195,-5.028674602508545,0.101932592689991,24.04230308532715,441.2879943847656,171.92608642578125,487.0270080566406,205.5310211181641,0,-5.808755096007335,27.00835587731631,0.019910449465188607,-0.1184099720417175
99,6,1,detected,942.287402340899,210.39367426451147,3.874500036239624,0.2835000157356262,8.3584566116333,917.7113037109376,158.0677490234375,963.786376953125,261.4556884765625,0,5.9527165564213025,8.457669807319187,0.1253642743848017,0.0028089781097693834
99,8,1,detected,956.1486710114896,213.0170190472471,3.978034496307373,0.3237935304641723,8.182657241821289,931.2046508789062,161.84754943847656,981.5037231445312,264.3356628417969,0,3.966502159363056,8.112952978473663,0.09542510600373798,-0.0019870876614041704
99,11,1,predicted,16.680054834780584,225.652335175289,-0.0,0.0,0.0,0.0,0.0,0.0,0.0,39,,,,
100,0,0,detected,151.60849071598426,284.7633837645811,-1.8151875734329224,0.3898125290870666,2.7861521244049072,0.0,200.6725616455078,303.2471008300781,368.97125244140625,0,-1.8189058965624636,2.792209550976975,5.023655578330233e-05,-5.042259398890007e-05
100,2,2,detected,1010.2457005905392,182.38959945899217,6.705024719238281,-0.0505403876304626,11.920695304870604,991.500244140625,148.12130737304688,1028.955078125,216.313232421875,0,8.219267017414694,14.369881731000197,0.002355718862225388,-0.01489833000205899
100,3,0,detected,464.5166452882051,188.97892813558917,-4.966793537139893,0.1351508498191833,23.907987594604492,441.7337951660156,172.1199493408203,489.2032165527344,205.8907470703125,0,-5.74060237113351,26.714939266980494,0.02136525712943349,-0.12368929621636382
100,6,1,detected,951.0339083034931,209.3826686540941,3.985116481781006,0.2695814073085785,8.293662071228027,927.8477783203124,156.3373260498047,976.35107421875,260.7939147949219,0,5.954902673436483,8.444704788800946,0.12166004003237291,0.0024843619260741454
100,8,1,detected,964.492309857758,212.1297741142358,4.03583288192749,0.298950582742691,8.135988235473633,938.2064208984376,159.33856201171875,989.576171875,263.6407165527344,0,4.05932531448781,8.113460945421895,0.09537092332612242,-0.0019351309774255552
101,0,0,detected,151.6272702320971,284.8187677556759,-1.8187397718429563,0.3905753493309021,2.791604518890381,0.0,200.8536071777344,303.291259765625,368.9786682128906,0,-1.8188488597756896,2.792126584311718,5.0441696209636044e-05,-5.1404340735985384e-05
101,2,2,detected,1010.6755773954454,182.3150748983112,4.519011497497559,-0.0339775308966636,8.014101028442383,992.9824829101562,147.97434997558594,1029.125244140625,216.31689453125,0,8.004356271062482,14.354983341497265,-0.004198490158466775,-0.014898331804138474
101,3,0,detected,465.74866931059495,189.19105899787624,-4.87849760055542,0.1336574554443359,23.643810272216797,442.0240173339844,172.20921325683594,491.1678161621094,206.27935791015625,0,-5.669903146575912,26.41828393528425,0.022853499385434996,-0.12890904166872902
101,6,1,detected,961.7106639442449,209.21688654222245,4.086172580718994,0.2786026895046234,8.214068412780762,940.5621948242188,157.16351318359375,987.8239135742188,262.4837341308594,0,5.959469434468869,8.426272472913807,0.118135307908229,0.0020467471141799036
101,8,1,detected,973.6071808731742,211.07734556332423,4.088629722595215,0.2831460833549499,8.014101028442383,945.5725708007812,158.1494140625,1001.7302856445312,262.3691711425781,0,4.148470659612739,8.102345284459158,0.09523662234406274,-0.0021331775127047007
102,0,0,detected,151.64607262273003,284.7681846109057,-1.827082633972168,0.3923669755458832,2.804409980773926,0.0,200.3171234130859,303.32659912109375,368.9711608886719,0,-1.8192844920090465,2.7927989207781234,3.5773864092932784e-05,-2.956464103305411e-05
102,2,2,detected,1010.9784440117344,182.4805798314021,4.587741851806641,-0.034494299441576,8.135988235473633,992.9671630859376,147.97573852539062,1029.4713134765625,217.63873291015625,0,7.799935280493791,14.340084947840525,-0.01024043119534175,-0.014898333674664468
102,3,0,detected,467.28964456511034,189.35389258707607,-4.707632541656494,0.1307675689458847,23.132593154907227,442.6394958496094,172.09190368652344,494.0238037109375,206.50242614746097,0,-5.59192962498149,26.10413502700804,0.024516808571243838,-0.1345010916593286
102,6,1,detected,972.2543013130507,208.2677141583907,4.226594924926758,0.2568648755550384,8.261640548706055,949.2882080078124,154.96192932128906,999.4871215820312,260.1131286621094,0,5.968747318712565,8.41405386977379,0.11485554594302362,0.001742994204609228
102,8,1,predicted,982.6934432022688,210.45497120907712,4.198415832457119,0.2882990139121926,8.014101028442383,0.0,0.0,0.0,0.0,1,4.239647379349316,8.09249315345713,0.09514593463985956,-0.002305598932249878
103,0,0,detected,151.68508117706486,284.79222693350283,-1.8282809257507324,0.3926242887973785,2.8062491416931152,0.0,200.6740875244141,303.4372253417969,368.97991943359375,0,-1.8197786505689375,2.793560234264152,1.9778027365828224e-05,-5.692243687736259e-06
103,2,2,detected,1010.94429060255,182.67841505304887,4.584960460662842,-0.0230400022119283,8.151485443115234,992.343017578125,147.73773193359375,1029.408935546875,218.3566436767578,0,7.601668539793801,14.325186548782142,-0.01591594379112774,-0.014898335645908279
103,3,0,detected,469.3455480788541,189.5400804656846,-4.592598915100098,0.1293689906597137,22.88518524169922,443.24664306640625,172.1572723388672,498.2403564453125,206.8983154296875,0,-5.510219102957066,25.788645449916373,0.026243182087580235,-0.13996646585158867
103,6,1,detected,977.1822409164243,207.56375087258667,4.267789363861084,0.2593684196472168,8.3421630859375,951.2848510742188,155.32305908203125,998.0404663085938,259.3443603515625,0,5.976843572108902,8.409757453875125,0.11163638573651015,0.0016120071138787742
103,8,1,detected,992.069401791245,209.90083637255543,4.394340515136719,0.2775372862815857,8.182657241821289,967.6094970703124,157.67527770996094,1016.7646484375,262.3104553222656,0,4.339900414762001,8.098118271709795,0.09526395546204232,-0.00212232669927515
104,0,0,detected,151.67832456694092,284.7443119655793,-1.8211156129837036,0.3910855948925018,2.7952513694763184,0.0,200.2891387939453,303.3401184082031,368.9725341796875,0,-1.8198384714412765,2.7936540935590495,1.7374749932913024e-05,-2.6865493002403428e-06
104,2,2,detected,1009.1089268556376,183.5624475500447,4.576551914215088,0.0,8.198332786560059,989.4754028320312,148.71766662597656,1025.5089111328125,221.86419677734375,0,7.409205147556841,14.310288144390023,-0.02124632524440627,-0.014898337709275906
104,3,0,detected,471.47580440019647,189.63969790647351,-4.527914524078369,0.1293689906597137,22.88518524169922,444.09564208984375,171.8228302001953,501.5469665527344,207.0706024169922,0,-5.427884547109474,25.486526562795802,0.02793671218960839,-0.14486436596163776
104,6,1,detected,984.0913067338488,206.80957762742605,4.391014099121094,0.2485479712486267,8.3748140335083,958.7877197265624,153.5670928955078,1008.06396484375,259.4992980957031,0,5.988699301079131,8.408484123928732,0.10862545867268886,0.0015482278912337646
104,8,1,detected,998.4916621727252,208.30988528781913,4.390231132507324,0.2400907576084137,8.089848518371582,971.3699340820312,151.8715362548828,1021.7584228515624,262.0659484863281,0,4.431458226688023,8.09548889840852,0.09517545755081033,-0.00213443431592249
105,0,0,detected,151.64245707610007,284.7705602966483,-1.8246911764144895,0.3918534219264984,2.800739288330078,0.0,200.6590881347656,303.21954345703125,368.9697265625,0,-1.8201068142730281,2.7940672384591783,8.746308536126748e-06,9.871226357758127e-06
105,3,0,detected,473.6472888358908,189.7096775946807,-4.280123233795166,0.1240615397691726,21.946306228637695,445.1998291015625,171.69271850585938,504.6253051757813,207.23468017578125,0,-5.334250023973638,25.142435012115367,0.029920733292910222,-0.15088356433094327
105,6,1,detected,989.788798970632,206.3805653729545,4.539018154144287,0.2535090148448944,8.541975975036621,962.6036987304688,153.98936462402344,1013.8775634765624,259.44378662109375,0,6.00573828161499,8.420092262662603,0.10585999197213322,0.0017749431892039884
105,8,1,detected,1003.6169192555864,207.30303107948328,4.574316024780273,0.2475789487361908,8.3421630859375,975.9658813476562,151.68663024902344,1025.426513671875,262.1320495605469,0,4.5304332964452545,8.113181013416517,0.09526907137958998,-0.0016459530991909533
105,2,2,predicted,1009.0120109392072,183.65168135644703,4.599863272774289,-0.0156218986770799,8.198332786560059,0.0,0.0,0.0,0.0,1,7.224386978891951,14.295389733869296,-0.026186063488011453,-0.014898339882228852
106,0,0,detected,151.63325045024726,284.74603765674146,-1.8246911764144895,0.3918534219264984,2.800739288330078,0.0,200.39077758789065,303.2520751953125,368.9771728515625,0,-1.8203675339971142,2.7944679628229068,6.070133122129224e-07,2.1677052284296548e-05
106,3,0,detected,476.0713585484307,189.85237829362697,-4.14456844329834,0.1228020340204238,21.723501205444336,446.9402160644531,171.73184204101562,507.94281005859375,207.79684448242188,0,-5.236289060902381,24.79979236033041,0.0319759070447921,-0.1566783383855669
106,6,1,detected,1000.778626637806,205.26226382116076,4.682709217071533,0.2275485247373581,8.474316596984863,975.2059326171876,148.02674865722656,1032.13916015625,260.7146301269531,0,6.027627297157479,8.425743248769944,0.10332300872306142,0.0018640160145421592
106,2,2,predicted,1008.9123302930866,183.74351664443475,4.598708352191379,-0.014557876036153,8.198332786560059,0.0,0.0,0.0,0.0,2,7.045695274514883,14.28049131689935,-0.03079253808679151,-0.014898342167248058
106,8,1,predicted,1012.0999022793166,206.5000846063028,4.7169671851597235,0.253474677170224,8.3421630859375,0.0,0.0,0.0,0.0,1,4.632757229160103,8.129362836543566,0.09544811492547446,-0.0011935064642970587
107,0,0,detected,151.64962093972525,284.72139162391386,-1.812827229499817,0.3893055915832519,2.78252911567688,0.0,200.3658905029297,303.33026123046875,368.9602661132813,0,-1.819924590706774,2.793787944116652,1.3970267444428491e-05,4.783868529522206e-07
107,3,0,detected,478.90056051662225,189.93854797885515,-3.991680383682251,0.1209600120782852,21.39764976501465,448.3603515625,171.49154663085938,512.632568359375,207.98190307617188,0,-5.133170847936087,24.452676479897676,0.03412516036846005,-0.16243421407224048
107,6,1,detected,1010.1247981691348,204.04644937925104,4.816671371459961,0.2172934412956237,8.541975975036621,988.280029296875,150.769287109375,1034.5633544921875,255.399658203125,0,6.053720183845269,8.43582490169666,0.10098849478530313,0.002056572706348036
107,2,2,predicted,1008.809884917276,183.8379534140078,4.59752139887845,-0.0134637120915132,8.198332786560059,0.0,0.0,0.0,0.0,3,6.873080672176918,14.265592893152734,-0.03507707088360039,-0.014898344566792114
107,8,1,predicted,1020.5786853262688,205.678330921029,4.816927572989664,0.2437866338949359,8.3421630859375,0.0,0.0,0.0,0.0,2,4.734882826986278,8.144275098196804,0.09562236486540758,-0.0007732239763010784
108,0,0,detected,151.64151784170292,284.69003065668335,-1.8175541162490845,0.390320748090744,2.789784669876098,0.0,200.2821044921875,303.2698974609375,368.9619140625,0,-1.819772368199734,2.7935535288971973,1.8147598734046602e-05,-6.618991202045634e-06
108,2,2,detected,1008.8980941808112,184.4324692583067,4.917881011962891,-0.0124188922345638,8.787535667419434,987.5736694335938,148.8733673095703,1030.3135986328125,220.7769470214844,0,6.7253531551910255,13.77649822537245,-0.03848083659957739,-0.028727381510573555
108,3,0,detected,482.0058531451969,190.04233587163844,-3.843310594558716,0.119172416627407,21.0814266204834,450.05718994140625,171.4626922607422,517.3358154296875,208.3066864013672,0,-5.025373767243474,24.101949932707626,0.03635117868712553,-0.16812612907155178
108,8,1,detected,1028.9689147394313,203.37632939834072,4.7560834884643555,0.1943591684103012,8.089848518371582,1010.2476196289062,148.50901794433594,1047.6409912109375,255.8184509277344,0,4.825033737912277,8.139557300905723,0.095475832200493,-0.0008788647888102357
108,6,1,predicted,1018.0153551111976,203.30380804990529,4.9013592743538235,0.2209609518753917,8.541975975036621,0.0,0.0,0.0,0.0,1,6.08106195170416,8.445174237585123,0.09876130880927933,0.0022307821932214286
109,0,0,detected,151.6845304322719,284.66719176353865,-1.827082633972168,0.3923669755458832,2.804409980773926,0.0,200.25579833984375,303.44525146484375,368.9862976074219,0,-1.8201841750793895,2.7941842410351456,5.154667742111294e-06,1.2640720689047073e-05
109,2,2,detected,1009.3542255346616,183.8151523033444,9.452977180480955,-0.0714330822229385,16.848543167114258,990.4234008789062,148.9597930908203,1029.0450439453125,216.664794921875,0,6.849158356895887,14.008994770209986,-0.03357666324489404,-0.021165761909689218
109,3,0,detected,485.51211219242776,190.08956352770997,-3.669903039932251,0.1174368932843208,20.774415969848633,452.3617248535156,171.28887939453125,522.4273681640625,208.358154296875,0,-4.9116304807785145,23.74842433469764,0.03868991538186716,-0.173731323302738
109,6,1,detected,1020.6796249192932,202.69963085335584,4.190252780914307,0.1754539310932159,7.302951812744141,996.4737548828124,149.9165496826172,1040.039794921875,255.8578186035156,0,6.062918005773455,8.36902299300867,0.09522456050594831,0.0003226255257599989
109,8,1,detected,1037.511448598987,203.7287865812987,4.924138069152832,0.2317241430282592,8.198332786560059,1014.3680419921876,155.32337951660156,1060.762451171875,255.6194305419922,0,4.920770926131031,8.14297526059767,0.09548300185674022,-0.0007609920316160205
110,0,0,detected,151.66314753090197,284.6684543083974,-1.8175541162490845,0.390320748090744,2.789784669876098,0.0,200.37266540527344,303.2861328125,368.9758911132813,0,-1.820025014612393,2.7939380127934133,9.809147270635264e-06,4.816987479034451e-06
110,2,2,detected,1009.4564906567254,182.7274318587315,4.5647454261779785,-0.0574904941022396,8.135988235473633,991.3598022460938,148.40139770507812,1027.821533203125,213.1287841796875,0,6.683522838586259,13.508335275771614,-0.037567845657734564,-0.03495713200854907
110,3,0,detected,489.5766333151791,190.16903475850611,-3.5697951316833496,0.1180097609758377,20.875755310058594,455.2169494628906,171.24563598632812,528.3198852539062,208.7182159423828,0,-4.796483696256086,23.416308527918147,0.04100065260054951,-0.17852028669761802
110,8,1,detected,1046.461325774154,204.0051471391186,5.502792835235596,0.2535849213600158,8.971760749816895,1023.5953979492188,156.3046112060547,1070.082275390625,255.35853576660156,0,5.0506786630868765,8.200908275240652,0.09644844818381988,0.0008850892817896897
110,6,1,predicted,1028.0537425669645,201.94288666233712,4.294015441381481,0.1748644694331579,7.302951812744141,0.0,0.0,0.0,0.0,1,6.048607584765378,8.297776364762548,0.09190969664114522,-0.0014521247848851928
111,0,0,detected,151.7113806867416,284.67293497048473,-1.8187397718429563,0.3905753493309021,2.791604518890381,0.0,200.3957061767578,303.50567626953125,368.9742736816406,0,-1.819940372230183,2.793805634582969,1.2071029969569534e-05,6.701743042373191e-07
111,2,2,detected,1009.672329538274,182.3030111742742,4.9001145362854,-0.0493714287877082,8.733734130859375,991.0787353515624,147.71646118164062,1028.7191162109375,215.2750701904297,0,6.543521681787679,13.094915274084084,-0.04066395842703269,-0.04578384988058983
111,3,0,detected,493.65910871253504,190.2434739694861,-3.353630304336548,0.1433175504207611,20.28213119506836,457.8400573730469,171.072265625,533.4949340820312,209.03773498535156,0,-4.673232447804176,23.064331096736268,0.043486729807871494,-0.18376544815241966
111,8,1,detected,1052.724087563614,203.3700113238462,5.565176963806152,0.2287058979272842,8.990609169006348,1026.9874267578125,153.47689819335938,1074.840576171875,253.83705139160156,0,5.176251122259429,8.256747289320028,0.09728187178502522,0.0024576713661354824
111,6,1,predicted,1035.3968942803765,201.17243363911388,4.369802782341938,0.1669127631027019,7.302951812744141,0.0,0.0,0.0,0.0,2,6.036468789675842,8.230851145828753,0.08875999922683152,-0.0031049854691694483
112,0,0,detected,151.66279357337868,284.6769557650412,-1.830681562423706,0.3931398689746856,2.809934139251709,0.0,200.406982421875,303.2356872558594,368.9677429199219,0,-1.8205592458684854,2.794752601045771,-7.001182320786391e-06,2.927484379646591e-05
112,2,2,detected,1009.7110213733602,182.02701148155455,4.707952976226807,-0.0474352948367595,8.391234397888184,991.2294311523438,147.67872619628906,1028.3126220703125,215.3719787597656,0,6.3975421770605285,12.686031441379914,-0.04384743957445575,-0.05612449224044777
112,3,0,detected,498.2532430334994,190.336079256432,-3.065049886703491,0.1368325799703598,19.36438751220703,460.9827575683594,170.88119506835938,540.0420532226562,209.5059814453125,0,-4.537937617020886,22.674204357847806,0.04626190753712216,-0.19000602197563068
112,8,1,detected,1059.321346398334,202.4441126124124,5.4043378829956055,0.2064578384160995,8.593433380126953,1032.886962890625,149.63304138183594,1083.031494140625,254.8181915283203,0,5.2825243953185845,8.282179498262757,0.09754392070885214,0.0031272502964730256
112,6,1,predicted,1042.7090800595286,200.38827178368612,4.445270529494523,0.1588195703940528,7.302951812744141,0.0,0.0,0.0,0.0,3,6.026509656638584,8.167765479141046,0.08577094522381516,-0.004645475152715824
113,0,0,detected,151.63546755653803,284.71213475239307,-1.8211156129837036,0.3910855948925018,2.7952513694763184,0.0,200.5969390869141,303.224365234375,368.9728088378906,0,-1.820598482084731,2.7948094242699644,-7.97564562635371e-06,3.010762982321304e-05
113,2,2,detected,1009.7934097686802,181.83995339917627,5.432253360748291,-0.0547330342233181,9.682193756103516,990.8261108398438,147.13983154296875,1028.947021484375,215.94094848632812,0,6.299627507866828,12.40521228947413,-0.04548188895708613,-0.0625002674443829
113,3,0,detected,503.3382421010635,190.45845976097527,-2.9685139656066895,0.1387156099081039,19.630870819091797,464.5404052734375,170.80857849121094,547.073974609375,209.95657348632812,0,-4.402301455372222,22.316731603433656,0.048963686331493096,-0.19507064380103992
113,6,1,detected,1048.4547362161277,200.12140441365204,5.273856163024902,0.1814400106668472,8.559059143066406,1028.6468505859375,149.34848022460938,1067.6446533203125,251.533447265625,0,6.063010149353301,8.188436971016129,0.08427884063596594,-0.00398445600610442
113,8,1,detected,1066.3123350142648,201.7668428891884,6.0748209953308105,0.2279734015464782,9.48897933959961,1041.4268798828125,150.20291137695312,1089.4061279296875,253.88275146484375,0,5.4272769135927135,8.367096566207369,0.09894262439876238,0.0055505317672549966
114,0,0,detected,151.62473406123954,284.7407386419646,-1.816370129585266,0.3900664746761322,2.7879672050476074,0.0,200.6024627685547,303.23516845703125,368.9879150390625,0,-1.820357874504586,2.7944362710760364,-4.606171024491823e-07,1.7916474995046946e-05
114,2,2,detected,1009.6866459702655,181.7180139782984,5.757927894592285,-0.0580143891274929,10.26266098022461,990.7440795898438,147.16514587402344,1028.4776611328125,215.973876953125,0,6.225028091095324,12.187432908767615,-0.046362153711041396,-0.0668938251750671
114,3,0,detected,509.0594290089392,190.59224746077217,-2.7515676021575928,0.1362162232398986,19.27716064453125,469.0604248046875,170.77711486816406,554.6251831054688,210.3058624267578,0,-4.259347600812305,21.954704824831698,0.05180514433016431,-0.2001200034434755
114,6,1,detected,1051.8130006854967,199.63641430387824,5.382843017578125,0.172448068857193,8.715946197509766,1028.60205078125,148.1481475830078,1070.0845947265625,251.7972869873047,0,6.102363574006144,8.218013363621468,0.0829181241958515,-0.00309433777463054
114,8,1,detected,1076.56048096607,201.57380132189485,6.758676052093506,0.2465611547231674,10.26266098022461,1053.363037109375,151.5365753173828,1103.4840087890625,253.94949340820312,0,5.609140167400714,8.499808696712696,0.10143583008243513,0.009373947278900351
115,0,0,detected,151.615320876229,284.71571361886373,-1.8258860111236572,0.3921100199222564,2.8025734424591064,0.0,200.33843994140625,303.2200012207031,368.9774169921875,0,-1.8206827051775014,2.794930634283212,-1.0267149524509807e-05,3.2320672431845634e-05
115,2,2,detected,1009.6721043414392,181.6373881556635,8.336999893188477,-0.0839999988675117,14.859477996826172,990.7356567382812,146.95938110351562,1028.6265869140625,216.21044921875,0,6.305319327607905,12.321063472294469,-0.04253309934756387,-0.061232071632399396
115,3,0,detected,514.830063838919,190.71716277135053,-2.565000057220459,0.135000005364418,19.105043411254883,473.373779296875,170.74282836914062,561.4130859375,210.55506896972656,0,-4.111156277275215,21.59906486017858,0.054719143864006774,-0.204823593166619
115,6,1,detected,1056.704699015816,199.1109917138309,5.558639049530029,0.1756680607795715,8.878692626953125,1032.0845947265625,147.78628540039062,1078.38427734375,251.14874267578125,0,6.1484527148564885,8.256374167231167,0.08180251481191618,-0.0019783849666596587
115,8,1,detected,1084.7507830238192,201.3590309067212,6.829320907592773,0.2459713071584701,10.238109588623049,1058.3663330078125,151.20083618164062,1111.1673583984375,253.6237640380859,0,5.785211974336125,8.624526320869068,0.10370942179495744,0.012887593631477182
116,0,0,detected,151.60073939845375,284.69849627617083,-1.8199270963668823,0.3908303081989288,2.793426752090454,0.0,200.3548126220703,303.1830749511719,368.96588134765625,0,-1.820648028258365,2.794872805622536,-8.908341930934728e-06,2.9595160433662442e-05
116,2,2,detected,1009.717184447871,181.60698669800735,8.366048812866211,-0.0842926874756813,14.911253929138184,990.7659912109376,147.09149169921875,1028.7874755859375,216.23342895507812,0,6.386212452523759,12.45045768625972,-0.038801517054905504,-0.05585756912558284
116,3,0,detected,521.4565612695882,190.86434279126323,-2.334315776824951,0.1326315850019455,18.769866943359375,478.1179504394531,170.61570739746094,570.8919677734375,211.0701141357422,0,-3.9553775042795145,21.240192049633148,0.05777451013499966,-0.2094827433865605
116,6,1,detected,1063.2536194510428,198.16355982639297,5.754531383514404,0.1531139314174652,9.02854347229004,1039.5604248046875,145.80978393554688,1086.9615478515625,249.8457489013672,0,6.202294404240729,8.30228296106323,0.0809554728818182,-0.0006711063542545717
116,8,1,detected,1092.2115345564737,200.4303985837641,6.864910125732422,0.2149763107299804,10.14106559753418,1066.56396484375,149.06996154785156,1116.7156982421875,251.1077423095703,0,5.953566402798054,8.73700888944889,0.10570140436238333,0.015956530648103446
117,0,0,detected,151.58284245453035,284.7214755121939,-1.8234978914260864,0.3915971517562866,2.79890775680542,0.0,200.55172729492188,303.143310546875,368.9825744628906,0,-1.8208236588673619,2.7951374562757243,-1.3948980068233739e-05,3.6701767739396274e-05
117,2,2,detected,1009.7291275931548,181.44792892986416,8.454422950744629,-0.085183098912239,15.068766593933104,990.6839599609376,146.20431518554688,1028.8277587890625,216.2857360839844,0,6.471061553469862,12.58363741894785,-0.03506309607632077,-0.05053231376476068
117,3,0,detected,528.3032283503901,191.0353362755477,-2.1299479007720947,0.1577739268541336,18.606651306152344,482.5798034667969,170.5894012451172,579.91455078125,211.5319671630859,0,-3.7938676366223496,20.888412871537827,0.06091081825097435,-0.21378642669722103
117,6,1,detected,1071.1701689425663,196.58067567437303,5.881775379180908,0.1278646886348724,9.04763126373291,1049.671142578125,144.14686584472656,1095.014404296875,246.1128692626953,0,6.259651708422264,8.347377645467168,0.08024056064724361,0.000594777287814104
117,8,1,detected,1098.8797105529031,199.47243933589377,6.8215813636779785,0.1969116330146789,9.952394485473633,1071.99267578125,147.38555908203125,1123.455322265625,250.86740112304688,0,6.10945253324531,8.831926391720195,0.10726335627927586,0.01841411586592391
118,0,0,detected,151.56288640929444,284.7015015227317,-1.8187397718429563,0.3905753493309021,2.791604518890381,0.0,200.3418884277344,303.1019287109375,368.9725341796875,0,-1.8207144915667623,2.7949646656451463,-1.0226694614065305e-05,3.0367995286347332e-05
118,2,2,detected,1009.9417352745218,181.30876432149708,8.689906120300293,-0.0873357430100441,15.449565887451172,991.0130004882812,145.83660888671875,1029.263916015625,216.4911346435547,0,6.568274158560707,12.736047699632481,-0.031063885608588568,-0.044816942264607376
118,3,0,detected,535.7583528778534,191.17832994531457,-1.9208240509033203,0.1557424962520599,18.36708068847656,488.2047729492187,170.5716094970703,589.6620483398438,211.7134704589844,0,-3.6266076824375166,20.539164460181407,0.06412616750944067,-0.21788335627274313
118,6,1,detected,1078.5767270951962,195.68923017882017,5.971281051635742,0.1278646886348724,9.04763126373291,1055.5489501953125,143.22256469726562,1102.9749755859375,248.04107666015625,0,6.31822453775173,8.390589075948395,0.07958411958396257,0.0017880964325129084
118,8,1,detected,1105.5397159300735,198.58211066487868,6.77816915512085,0.1790979653596878,9.74835968017578,1079.4100341796875,147.44725036621094,1129.5921630859375,249.38075256347656,0,6.25348714166204,8.909154466722137,0.10841774499879686,0.02026050855125303
119,0,0,detected,151.58825881644697,284.6877952498512,-1.816370129585266,0.3900664746761322,2.7879672050476074,0.0,200.3422393798828,303.2330322265625,368.97613525390625,0,-1.8204691511723476,2.7945825763845926,-2.4999283231710836e-06,1.7897841821077153e-05
119,2,2,detected,1010.0425828733931,181.1965015958799,8.817231178283691,-0.0886153876781463,15.675932884216309,990.9046630859376,145.7107696533203,1029.3521728515625,216.5290985107422,0,6.671022751934788,12.895897982096614,-0.02701822481621592,-0.039051737606413145
119,3,0,detected,543.985832915172,191.37128025970136,-1.6872103214263916,0.1557424962520599,18.36708068847656,496.0319519042969,170.61412048339844,598.9871215820312,212.258056640625,0,-3.4524234507320566,20.20655798085687,0.06745364188692332,-0.22135298524348934
119,6,1,detected,1085.4545574435813,195.25925704269304,6.125704765319824,0.1424582451581955,9.163875579833984,1063.550048828125,143.91567993164062,1107.807861328125,248.27572631835935,0,6.381812970057681,8.439084870973588,0.07909952036011106,0.0031109528373100695
119,8,1,detected,1113.4498623589125,198.2825169800709,7.354485511779785,0.2055145651102066,10.387207984924316,1087.0340576171875,148.86636352539062,1140.0806884765625,249.64833068847656,0,6.426629189118388,9.02447489613961,0.11046467773909925,0.023266817726067774
120,0,0,detected,151.54105853400603,284.7113144615143,-1.8211156129837036,0.3910855948925018,2.7952513694763184,0.0,200.54879760742188,303.0098876953125,368.9710693359375,0,-1.8205094457919302,2.794638675843094,-3.642593843868492e-06,1.9052810118500457e-05
120,2,2,detected,1010.0465871612242,181.1705171094151,8.753106117248535,-0.0879709124565124,15.56192684173584,990.8358154296876,145.98825073242188,1029.248779296875,216.56532287597656,0,6.767789560882147,13.039825538995046,-0.023275770906770632,-0.03389402392979626
120,3,0,detected,552.3197288055047,191.47005273013403,-1.4923635721206665,0.1570909172296524,18.52610206604004,501.61334228515625,170.61117553710938,609.5572509765625,212.06336975097656,0,-3.273891078446161,19.899544405554074,0.07081193986688623,-0.22394358827785393
120,6,1,detected,1091.5998694339946,194.9380465080464,6.599071025848389,0.1377676576375961,9.74835968017578,1066.404296875,144.4739990234375,1116.068115234375,247.39845275878903,0,6.469034572041776,8.520868561721734,0.07934557723884933,0.00536271897427199
120,8,1,detected,1121.5842816364109,197.69452573415293,7.159143924713135,0.1828465163707733,9.952394485473633,1094.3892822265625,147.11520385742188,1149.38720703125,249.0153045654297,0,6.577507717641164,9.106515926103253,0.1117506942687891,0.025137082672152773
121,0,0,detected,151.49524961538765,284.7393861077134,-1.8175541162490845,0.390320748090744,2.789784669876098,0.0,200.6114959716797,302.9264221191406,368.9762573242187,0,-1.8203394189976667,2.794371716789316,1.6079497619344043e-06,1.0405818385924181e-05
121,2,2,detected,1010.0131390946456,181.11759269155888,8.194730758666992,-0.0825665593147277,14.60590362548828,990.797607421875,145.84317016601562,1029.155029296875,216.49005126953125,0,6.829630608228837,13.112794390051725,-0.020702435613215157,-0.03087864108972147
121,3,0,detected,561.9753097146947,191.63915981177905,-1.2310088872909546,0.1605663746595382,18.935972213745117,510.9806518554687,170.57102966308594,621.1018676757812,212.73870849609375,0,-3.087333461355952,19.63217774559174,0.07431127692373334,-0.22525677131927288
121,6,1,detected,1097.239537770752,194.21554898332448,6.667954921722412,0.1239909008145332,9.74835968017578,1070.81591796875,142.0947723388672,1122.2406005859375,246.69517517089844,0,6.555410038890616,8.599528370164395,0.07955853672263269,0.007481062773987086
121,8,1,detected,1128.6389802018286,196.8070056222321,7.724673748016357,0.1646732687950134,10.5928955078125,1103.078125,147.2037811279297,1153.0067138671875,245.9984436035156,0,6.756319649296806,9.226293996493608,0.11389554613295765,0.028164030978566446
122,0,0,detected,151.50726528689313,284.78120403646136,-1.8258860111236572,0.3921100199222564,2.8025734424591064,0.0,200.7452392578125,303.055419921875,368.9740295410156,0,-1.820663456555762,2.7948629031268997,-8.237064158524463e-06,2.4940921097242816e-05
122,2,2,detected,1010.1059155568232,181.15358293194544,8.596800804138184,-0.0864000022411346,15.284034729003906,990.91748046875,146.30426025390625,1029.441650390625,216.45928955078125,0,6.913865392457586,13.227274799852088,-0.01752994170437578,-0.026771228842543224
122,3,0,detected,568.2383972776001,191.7629097274126,-1.1372308731079102,0.1550769358873367,18.288589477539062,517.4652099609375,170.21400451660156,620.4864501953125,213.15248107910156,0,-2.9029246742720827,19.341262997889142,0.0776397782971015,-0.22724229348638827
122,6,1,detected,1104.777990559972,192.92857976881,7.09920072555542,0.1008000075817108,10.189356803894045,1081.58056640625,140.01736450195312,1129.9075927734375,244.0717315673828,0,6.662262187085516,8.701577671734007,0.08038530313378124,0.010238540658235006
122,8,1,detected,1135.6708802289745,196.0012975057068,8.069143295288086,0.1542857140302658,10.91716766357422,1111.041259765625,145.7010498046875,1159.2193603515625,246.27113342285156,0,6.9476628700591165,9.361864797665596,0.11638276091091572,0.03161337542120233
123,0,0,detected,151.5257231520013,284.7766951089064,-1.8175541162490845,0.390320748090744,2.789784669876098,0.0,200.53558349609375,303.1011047363281,368.9762268066406,0,-1.8204887069054696,2.7945883124040605,-2.7051049855227688e-06,1.5885636235430437e-05
123,2,2,detected,1010.2491624657298,181.2139555324991,8.505667686462402,-0.0854841023683548,15.122013092041016,991.1044921875,146.3832244873047,1029.615478515625,216.57467651367188,0,6.990795469942174,13.325962709510543,-0.014674275536465643,-0.023220076507265815
123,3,0,detected,573.5029101324402,191.80381012054303,-1.0037107467651367,0.1544170379638672,18.210765838623047,526.5396728515625,170.2288360595703,619.8854370117188,212.8904571533203,0,-2.7183673029071596,19.06098898688995,0.08087205535886428,-0.22884592086293737
123,6,1,detected,1114.665784890757,191.87525603775097,7.341923713684082,0.0872307792305946,10.287331581115724,1095.158203125,138.3341827392578,1139.9151611328125,244.7261199951172,0,6.777881899788693,8.805709131992614,0.08145252854470379,0.012998579603508831
123,8,1,detected,1143.011971424266,195.54863018215633,8.219077110290527,0.1705846190452575,10.973153114318848,1117.0103759765625,146.02442932128906,1168.588623046875,246.4207763671875,0,7.13849068786983,9.49529270627371,0.11878119931555624,0.03489359168693399
124,0,0,detected,151.47943239760207,284.80345202067883,-1.827082633972168,0.3923669755458832,2.804409980773926,0.0,200.7181854248047,302.89385986328125,368.9757995605469,0,-1.820878292049113,2.7951797607546287,-1.44006948106406e-05,3.328520393819323e-05
124,2,2,detected,1010.287512297246,181.3053845037579,8.300358772277832,-0.0834206938743591,14.756999015808104,991.0972900390624,146.88128662109375,1029.5008544921875,216.35382080078125,0,7.053848979677547,13.396738685252942,-0.012324523148855982,-0.020554270187924367
124,3,0,detected,578.6730402897281,191.9370249015604,-0.8863449096679688,0.1564137935638427,18.44624900817871,536.322998046875,170.5377655029297,620.0942993164062,213.25010681152344,0,-2.5347092824647595,18.80948617759492,0.08397932988139344,-0.22953100974453458
124,6,1,detected,1120.701807023168,191.18383319811957,7.457242965698242,0.0880776718258857,10.387207984924316,1100.22607421875,138.60809326171875,1140.0667724609375,244.55123901367188,0,6.894489340662445,8.911973027345981,0.08251725348643318,0.01576036883153489
124,8,1,detected,1151.1206062033327,194.90866801758656,8.273786544799805,0.1535025537014007,10.861750602722168,1125.501708984375,144.9774169921875,1177.6776123046875,245.40122985839844,0,7.322662871483412,9.615843991032003,0.12089295720635014,0.037659849316980146
125,0,0,detected,151.50818039698817,284.7818123761553,-1.8246911764144895,0.3918534219264984,2.800739288330078,0.0,200.4794006347656,303.08599853515625,368.9691467285156,0,-1.8211156529846186,2.7955374207449686,-2.1140667861570156e-05,4.3090886386037495e-05
125,2,2,detected,1010.3200813315924,181.2685940050716,8.104727745056152,-0.0814545452594757,14.409191131591797,991.0494384765624,146.2635498046875,1029.60009765625,216.34451293945312,0,7.103931480403695,13.442331554369035,-0.010437991012924232,-0.01867419427854888
125,3,0,detected,583.671620692655,192.0664679415338,-0.7345749139785767,0.1714008003473281,17.326030731201172,546.0362548828125,170.58248901367188,619.9242553710938,213.45101928710935,0,-2.349996509014215,18.50633298453196,0.08702444991206339,-0.23175704953708223
125,6,1,detected,1128.100741148462,190.76248290656133,7.6489410400390625,0.0889411717653274,10.489043235778809,1107.1661376953125,139.16885375976562,1150.353759765625,244.1610107421875,0,7.016514730023567,9.020411406174002,0.08371370732354542,0.018522996266365742
125,8,1,detected,1157.7012281552395,194.51407225957092,8.635464668273926,0.1587401628494262,11.232361793518066,1131.5831298828125,145.2601318359375,1182.1766357421875,245.2515563964844,0,7.520100660753827,9.754898689405145,0.12336899142072645,0.04093971954015147
126,0,0,detected,151.52386523846292,284.7444666293119,-1.8211156129837036,0.3910855948925018,2.7952513694763184,0.0,200.35186767578125,303.09033203125,368.96588134765625,0,-1.8211355503914723,2.795561191674475,-2.110308613061823e-05,4.250687593547279e-05
126,2,2,detected,1010.309030666937,181.30481148927177,5.584928035736084,-0.0561299324035644,9.929303169250488,991.0559692382812,146.4962921142578,1029.49365234375,216.47760009765625,0,7.004943848850949,13.20182464700725,-0.013114700686280104,-0.02499411976431908
126,3,0,detected,588.8857183475033,192.04854784186568,-0.5973333120346069,0.1493333280086517,17.61123275756836,556.86083984375,169.78427124023438,619.7767333984375,213.6210021972656,0,-2.1652025443855623,18.235628475402223,0.08997986118426968,-0.23293460111934797
126,6,1,detected,1133.720069438603,190.3305121256979,7.982132434844971,0.0921015217900276,10.861750602722168,1109.7889404296875,139.42242431640625,1155.940185546875,242.9002685546875,0,7.1520829220221325,9.146998066814072,0.08528389026145647,0.021763432724052702
126,8,1,detected,1164.8525654233815,193.5245472819612,8.974452018737793,0.1300645172595977,11.504112243652344,1139.0950927734375,143.6604461669922,1190.1121826171875,242.51010131835935,0,7.728817985777662,9.905380299801829,0.1261325236097293,0.04448662583165563
127,0,0,detected,151.48083803408204,284.7327070993365,-1.812827229499817,0.3893055915832519,2.78252911567688,0.0,200.4394073486328,302.9004211425781,368.9697265625,0,-1.8206677289551458,2.7948362404158726,-6.324289735956124e-06,1.930880140494469e-05
127,2,2,detected,1010.2903649161718,181.31254867269047,8.387123107910156,-0.0842926874756813,14.911253929138184,991.0462646484376,146.46282958984375,1029.4559326171875,216.3909454345703,0,7.073730782032166,13.286064564374872,-0.010639047460225752,-0.021874313323651327
127,3,0,detected,594.2594026391236,192.08747189907515,-0.4748430252075195,0.1499504297971725,17.68400764465332,567.5316772460938,169.7112274169922,619.9903564453125,214.04627990722656,0,-1.9812828306831123,17.983982480229034,0.09281939548852965,-0.23350029671265018
127,6,1,detected,1140.5264067544615,189.22563596696736,8.146286010742188,0.0462857149541378,10.91716766357422,1114.9306640625,136.29054260253906,1166.6041259765625,241.14602661132812,0,7.2908100393194735,9.27232301570247,0.08690200144960725,0.024885337043364836
127,8,1,detected,1171.492827959053,192.28696406358944,8.543757438659668,0.0918683558702468,10.83425235748291,1144.644287109375,141.80406188964844,1197.0848388671875,241.0427703857422,0,7.899059779150018,10.006500495839864,0.1275613302695672,0.046321125081285865
128,0,0,detected,151.4961925293663,284.75901693413397,-1.8294804096221924,0.3928819000720978,2.8080904483795166,0.0,200.65603637695312,303.03668212890625,368.96337890625,0,-1.8211909764946994,2.795632422965378,-2.194876236816329e-05,4.279051289724937e-05
128,2,2,detected,1010.271331548648,181.29893472272497,5.132418155670166,-0.0515820905566215,9.124796867370604,990.971435546875,146.29562377929688,1029.4959716796875,216.4328460693359,0,6.949763359250426,13.005392776132453,-0.01406450007681501,-0.029285025998729307
128,3,0,detected,599.9923972867256,192.14309776161025,-0.3222295343875885,0.1487213224172592,17.5390567779541,579.6548461914062,169.86819458007812,619.8068237304688,214.0949554443359,0,-1.7965272605394642,17.73806850508541,0.09559824949696433,-0.23387557419661997
128,6,1,detected,1144.8736045809894,187.08823938921597,7.701410293579102,-0.0145035972818732,10.26266098022461,1119.05126953125,135.3209228515625,1167.0748291015625,233.9877471923828,0,7.396745037959475,9.354362998040527,0.08747820045588683,0.0266163717716431
128,8,1,detected,1177.6011359597535,191.46080120546313,7.85961389541626,0.0836129114031791,9.860668182373049,1148.8023681640625,142.61434936523438,1204.4161376953125,240.3318023681641,0,8.01593994723632,10.040532199452429,0.12721538228956075,0.0459230878209572
129,0,0,detected,151.49263074124858,284.79656276557176,-1.8234978914260864,0.3915971517562866,2.79890775680542,0.0,200.7592315673828,302.99420166015625,368.9736022949219,0,-1.8213470507499068,2.7958649609120694,-2.6002654328935838e-05,4.852555684863826e-05
129,2,2,detected,1010.172194073956,181.25631518600215,4.9225029945373535,-0.0494723953306674,8.751594543457031,990.6720581054688,146.03326416015625,1029.463134765625,216.4875335693359,0,6.817526042793682,12.713758174625362,-0.01763622846464241,-0.03681761835075993
129,3,0,detected,605.8348906794339,192.39779474514373,-0.1686693280935287,0.1686693280935287,17.04991912841797,591.5220947265625,171.16799926757812,619.634765625,214.1301116943359,0,-1.6109867230911923,17.477520656862183,0.09831672091012764,-0.23468185658295354
129,6,1,detected,1149.0979233019743,186.05736203971705,7.911198616027832,0.0,10.463397979736328,1122.6497802734375,134.8249969482422,1172.0899658203125,237.1197509765625,0,7.509328584126856,9.445041728716076,0.08823814102413288,0.028564612111176446
129,8,1,detected,1186.762247959408,190.7127068349815,7.846054077148437,0.0681081116199493,9.638580322265623,1155.4356689453125,140.93316650390625,1221.451904296875,240.8514862060547,0,8.124176716822891,10.057845359068002,0.126601044561385,0.04499698439221732
130,0,0,detected,151.48929056384645,284.7608931520918,-1.8223060369491575,0.3913412094116211,2.7970783710479736,0.0,200.39056396484375,302.9876708984375,368.9651184082031,0,-1.8214278187865507,2.7959818642550776,-2.7657845529452087e-05,5.059215996866561e-05
130,2,2,detected,1010.1245138814098,181.35212256880425,5.373000144958496,-0.0540000014007091,9.55252170562744,990.8262329101562,146.77537536621094,1029.316162109375,216.4969940185547,0,6.716132540484395,12.484100384322929,-0.020167650629271703,-0.042369596095681465
130,6,1,detected,1157.572861151872,185.23052395316012,7.952538967132568,0.0,10.287331581115724,1135.1260986328125,133.42135620117188,1184.077392578125,237.72476196289065,0,7.618438122629433,9.521765032488936,0.08886984273270922,0.030034446728055924
130,8,1,detected,1193.137963218549,190.23350459162833,7.659039497375488,0.0660262033343315,9.343951225280762,1162.7242431640625,140.74044799804688,1222.0126953125,241.13009643554688,0,8.213022350479442,10.054421871536048,0.12538009054194876,0.04343113810947313
130,3,0,predicted,612.0783501910346,192.53701491577303,0.0018878962198441,0.1816090271192261,17.04991912841797,0.0,0.0,0.0,0.0,1,-1.4237666739329204,17.23151175757961,0.10100367387918076,-0.23502424472972955
131,0,0,detected,151.47019343632883,284.7728925600257,-1.8187397718429563,0.3905753493309021,2.791604518890381,0.0,200.62359619140625,302.92205810546875,368.9598388671875,0,-1.821296067142344,2.7957725403651805,-2.284017321697634e-05,4.2736979206976495e-05
131,2,2,detected,1010.0756786883616,181.46079288155627,5.483152866363525,-0.0551070645451545,9.74835968017578,990.71533203125,146.84909057617188,1029.334228515625,216.65557861328125,0,6.624773887583834,12.276428746685832,-0.022319184525449877,-0.047141873466632886
131,6,1,detected,1165.8318715128626,184.9952966130966,7.973016738891602,0.0143657959997653,10.165153503417969,1143.6954345703125,135.50430297851562,1191.400634765625,237.4629364013672,0,7.722930594584619,9.5881056902249,0.08934262504778437,0.031145958419311115
131,8,1,detected,1199.5029586935589,189.33504943855272,7.789291858673096,0.0531692318618297,9.405559539794922,1174.156982421875,139.59133911132812,1223.4769287109375,238.7851104736328,0,8.303407828159317,10.053733404700454,0.12424990710033303,0.04200625459508556
131,3,0,predicted,618.4465695852745,192.67667800903016,0.1553340737309673,0.1849742955675893,17.04991912841797,0.0,0.0,0.0,0.0,2,-1.2359999979571323,16.999624658767807,0.10362582462842389,-0.23492942208136636
132,0,0,detected,151.47783385680682,284.7726209603444,-1.8234978914260864,0.3915971517562866,2.79890775680542,0.0,200.5636749267578,302.98516845703125,368.96685791015625,0,-1.8214468113081137,2.795996802518455,-2.6705517752902085e-05,4.8222791852154926e-05
132,2,2,detected,1010.049293466324,181.52796589209336,8.689906120300293,-0.0873357430100441,15.449565887451172,990.8514404296876,146.89910888671875,1029.190673828125,216.5337371826172,0,6.724985826271044,12.425914296618652,-0.018616211708589618,-0.041449541198223354
132,6,1,detected,1171.9617308870288,184.7534046643977,8.32717227935791,0.0148965520784258,10.5407133102417,1147.1552734375,135.27426147460938,1196.39208984375,237.00094604492188,0,7.842546459342857,9.67381320932195,0.0902586609037906,0.03282074816440511
132,8,1,detected,1204.2513494845623,188.59331926239597,8.03675651550293,0.0408648662269115,9.638580322265623,1181.1484375,138.9976806640625,1223.4359130859375,238.55743408203125,0,8.402775238031406,10.066639555838218,0.12344759917151785,0.04106795473237533
132,3,0,predicted,624.9395488621534,192.8167840249152,0.311786417630613,0.1883502365100947,17.04991912841797,0.0,0.0,0.0,0.0,3,-1.047603520537417,16.78144148443775,0.10618765067492847,-0.2344232824669083
133,0,0,detected,151.52551978679392,284.74073355340545,-1.8234978914260864,0.3915971517562866,2.79890775680542,0.0,200.37762451171875,303.1477966308594,368.9621887207031,0,-1.8215923447081779,2.796213063538584,-3.0296420199170716e-05,5.3300799414438625e-05
133,2,2,detected,1010.0337964751244,181.58563610878136,8.566206932067871,-0.0860925316810607,15.229643821716309,990.8500366210938,146.89035034179688,1029.183349609375,216.59388732910156,0,6.815539394631003,12.55737860397433,-0.01531717092218235,-0.036429960794115084
133,6,1,detected,1180.1953587104897,184.01746107784817,8.213155746459961,-0.0144343674182891,10.213674545288086,1156.2503662109375,132.407470703125,1207.4075927734375,236.30081176757812,0,7.949287675138433,9.736670103971592,0.09075734424530643,0.033744754012713374
133,8,1,detected,1207.805470317175,187.6119636296193,8.077621459960938,0.0272432435303926,9.638580322265623,1186.187255859375,134.8505096435547,1223.88525390625,239.8153381347656,0,8.497702141839701,10.07788184729129,0.122529693470692,0.0401080501435732
133,3,0,predicted,631.5572880216714,192.95733296342812,0.4712449279187812,0.1917368499467419,17.04991912841797,0.0,0.0,0.0,0.0,4,-0.8584947094181464,16.576544441597367,0.10869347499911722,-0.23353092917512633
134,0,0,detected,151.5168902180715,284.6993718670528,-1.8223060369491575,0.3913412094116211,2.7970783710479736,0.0,200.2900390625,303.02667236328125,368.9384765625,0,-1.8216627551606457,2.796314027584357,-3.150858855221171e-05,5.4741090394217736e-05
134,2,2,detected,1009.967321566753,181.62493177645743,5.033660888671875,-0.0507169850170612,8.971760749816895,990.7147216796876,146.7887725830078,1029.0999755859375,216.6781005859375,0,6.6965284400432,12.306162352488883,-0.01845059620651087,-0.042681987568267965
134,6,1,detected,1189.1917242364627,183.19043116227763,8.200918197631836,-0.0283278692513704,10.02231788635254,1164.501708984375,131.259521484375,1218.228759765625,235.42434692382812,0,8.04950283049233,9.785345066721574,0.09104345773617474,0.03420488869820416
134,8,1,detected,1209.0090045788756,186.3867084875485,8.211963653564453,0.0,9.815435409545898,1185.1427001953125,132.3690643310547,1223.908203125,238.9731903076172,0,8.5943079852398,10.098778561521598,0.121697090746423,0.039491034901829675
134,3,0,predicted,638.2997870638286,193.0983248245689,0.6337096045954748,0.1951341358775305,17.04991912841797,0.0,0.0,0.0,0.0,5,-0.6685917848547944,16.384516582002753,0.11114746725974821,-0.23227667569537014
135,0,0,detected,151.5196561014631,284.67778211526456,-1.8234978914260864,0.3915971517562866,2.79890775680542,0.0,200.3042907714844,303.0525207519531,368.9729309082031,0,-1.8218001322025177,2.796517800955546,-3.470759338717473e-05,5.9244367545039574e-05
135,2,2,detected,1009.9881145433402,181.67775279994092,8.596800804138184,-0.0864000022411346,15.284034729003906,990.7594604492188,146.84271240234375,1029.2554931640625,216.76852416992188,0,6.790702103687477,12.445574840840774,-0.015047452583461112,-0.037367441903478404
135,6,1,detected,1196.3809180804649,183.00942812728132,8.409600257873535,-0.0144000006839632,10.189356803894045,1170.5430908203125,132.1292724609375,1223.202392578125,236.7292327880859,0,8.156363442854168,9.841481332288192,0.0915218942698641,0.034881781003550105
135,8,1,detected,1210.737879835861,185.48478256833587,8.547648429870605,0.0,10.165153503417969,1190.2708740234375,133.7021484375,1223.960205078125,237.2410125732422,0,8.705328872181317,10.139974418162089,0.12135496829582673,0.039545666473286965
135,3,0,predicted,645.1670459886249,193.2397596083375,0.7991804476606909,0.1985420943024615,17.04991912841797,0.0,0.0,0.0,0.0,6,-0.47781382208142237,16.20494251628216,0.11355364523034277,-0.23068404801117323
136,0,0,detected,151.60825612100243,284.6780276339823,-1.8258860111236572,0.3921100199222564,2.8025734424591064,0.0,200.40353393554688,303.3768310546875,368.96832275390625,0,-1.8220726306729433,2.7969290147706127,-4.1892574728436864e-05,6.987931681068076e-05
136,2,2,detected,1009.9906803922933,181.759643735026,8.366048812866211,-0.0842926874756813,14.911253929138184,990.8973388671876,147.33816528320312,1029.0882568359375,216.5350799560547,0,6.869005732054775,12.558582048323414,-0.012226798640925154,-0.03296724823064169
136,6,1,detected,1200.2846939896635,182.7912243731547,9.048798561096191,-0.0154680320993065,10.94508934020996,1172.7281494140625,132.60610961914062,1223.2203369140625,235.4872589111328,0,8.294967296645996,9.939784131732988,0.09294586130684135,0.036841443433168614
136,3,0,predicted,652.1590647960603,193.381637314734,0.9676574571144324,0.2019607252215341,17.04991912841797,0.0,0.0,0.0,0.0,7,-0.2860808463068255,16.037409081688498,0.11591587644050722,-0.22877578833638676
136,8,1,predicted,1216.3295264285694,184.57964581778305,8.681674295281137,-0.0060387221525212,10.165153503417969,0.0,0.0,0.0,0.0,1,8.817500695327341,10.178610279694967,0.12106139024348414,0.039516580712574266
137,0,0,detected,151.5882951724672,284.68260062713637,-1.8246911764144895,0.3918534219264984,2.800739288330078,0.0,200.42730712890625,303.1380615234375,368.9706726074219,0,-1.822265762575915,2.7972184404042926,-4.646217087735498e-05,7.651276338656581e-05
137,2,2,detected,1009.9911498280958,181.73047077376037,8.424758911132812,-0.0848842114210128,15.015893936157228,990.6998291015624,146.64601135253906,1029.282470703125,216.69476318359375,0,6.948813143366075,12.674757083052292,-0.009446045934260093,-0.028592092558164483
137,6,1,detected,1202.5459431145591,182.653864607726,9.392001152038574,-0.0320000015199184,11.321507453918455,1174.100830078125,132.66558837890625,1224.0,235.3064117431641,0,8.446935885736291,10.056486669082014,0.09473076787071631,0.039311179849495066
137,3,0,predicted,659.2758434861348,193.52395794375832,1.1391406329566962,0.2053900286347483,17.04991912841797,0.0,0.0,0.0,0.0,8,-0.0933139204561475,15.881505964830884,0.1182378800060109,-0.22657386018688538
137,8,1,predicted,1221.8423232138866,183.6650425756479,8.760870005656303,-0.0191777251473781,10.165153503417969,0.0,0.0,0.0,0.0,2,8.927325215571678,10.214776937742464,0.12070304673798499,0.03940975176189266
138,0,0,detected,151.55950430090127,284.6700572439473,-1.8282809257507324,0.3926242887973785,2.8062491416931152,0.0,200.33676147460935,303.0679016113281,368.9652404785156,0,-1.822662558647887,2.7978205207568716,-5.7046867831161705e-05,9.23918251700985e-05
138,2,2,detected,1009.9275377478024,181.7877947383666,8.030287742614746,-0.0809097066521644,14.312808990478516,990.6848754882812,147.17982482910156,1029.0595703125,216.630615234375,0,7.003398866682665,12.745701648251197,-0.007511443342793314,-0.02566501000111674
138,6,1,detected,1204.3580184129091,181.80234529998424,9.458043098449709,-0.0643404275178909,11.381728172302246,1177.6409912109375,129.7392578125,1223.938720703125,233.5437164306641,0,8.595530624635332,10.17220851147746,0.0963594897634934,0.041675585505597315
138,3,0,predicted,666.5173820588484,193.66672149541057,1.3136299751874827,0.2088300045421048,17.04991912841797,0.0,0.0,0.0,0.0,9,0.10056477411310258,15.736826280809387,0.1205232286319628,-0.22409945468454456
138,8,1,predicted,1227.2762701918125,182.7409728419304,8.83893297583579,-0.0324527218229057,10.165153503417969,0.0,0.0,0.0,0.0,3,9.034825113747647,10.248564762761427,0.12028307443345013,0.03923092672488995
139,0,0,detected,151.5340408945783,284.64931698484554,-1.8246911764144895,0.3918534219264984,2.800739288330078,0.0,200.26556396484375,303.0263671875,368.9649963378906,0,-1.8228353253343044,2.7980788045055953,-6.05429996712465e-05,9.74037586749559e-05
139,2,2,detected,1009.8606342951824,181.8929808934238,7.821030139923096,-0.0591009818017482,13.939836502075195,990.5738525390624,147.58460998535156,1029.0390625,216.6107482910156,0,7.044318532528107,12.792705122413311,-0.006048240712921624,-0.02352301993360812
139,6,1,detected,1205.7411120301265,181.0467276234207,10.373023986816406,-0.0703255832195282,12.4404935836792,1180.2613525390625,129.25987243652344,1224.0,232.92921447753903,0,8.790700453191587,10.34627576596433,0.0993469698164659,0.04577364729385948
139,3,0,predicted,673.8836805142012,193.80992796969065,1.4911254838067949,0.2122806529436028,17.04991912841797,0.0,0.0,0.0,0.0,10,0.29563186368242145,15.602967110232404,0.12277535077396041,-0.2213729979941349
139,8,1,predicted,1232.6313673623465,181.8074366166306,8.915863205819605,-0.0458637121791034,10.165153503417969,0.0,0.0,0.0,0.0,4,9.140024561387472,10.280063494037327,0.11980453707288427,0.038985618056612444
140,0,0,detected,151.53034683082407,284.69076884898334,-1.8211156129837036,0.3910855948925018,2.7952513694763184,0.0,200.6119384765625,303.0595703125,368.9581604003906,0,-1.8227913794343267,2.7980045400895017,-5.738628985912729e-05,9.221749856941258e-05
140,2,2,detected,1009.7508756210532,181.98783482353184,8.194730758666992,-0.0619249157607555,14.60590362548828,990.447998046875,147.5694122314453,1028.879638671875,216.74278259277344,0,7.106146667892498,12.878360812804063,-0.003997630331393246,-0.02029759997909129
140,3,0,detected,880.9817063569949,186.30137074940737,6.227200031280518,-0.0224000010639429,15.850110054016112,870.0496215820312,157.93243408203125,911.7322387695312,211.65353393554688,0,0.7593439062771392,15.409097459726496,0.13307537502533281,-0.2205420670600448
140,6,1,detected,1206.197342175446,180.2718532156576,12.347127914428713,-0.1046366840600967,14.808061599731444,1180.2646484375,128.3748016357422,1224.0,232.19790649414065,0,9.093228888815641,10.654783395291968,0.10548943352378856,0.05390742206041451
140,8,1,predicted,1237.907614725489,180.8644338997485,8.991660695607747,-0.0594106962159713,10.165153503417969,0.0,0.0,0.0,0.0,5,9.242949012088586,10.3093620231638,0.11927041621152477,0.03867909851817662
141,0,0,detected,151.50511287650713,284.68685886431206,-1.8187397718429563,0.3905753493309021,2.791604518890381,0.0,200.38992309570312,302.9721374511719,368.9765930175781,0,-1.8226076000818012,2.7977157142082802,-5.0100694064498906e-05,8.070620691972485e-05
141,2,2,detected,1009.6194007200382,182.0223852339063,7.872314929962158,-0.0594885274767875,14.031245231628418,990.2815551757812,147.1673583984375,1028.7589111328125,216.9438018798828,0,7.147351721612833,12.927662924076035,-0.002632060669078657,-0.018237026374406815
141,3,0,detected,899.2136014195664,185.44458692644713,6.427394866943359,-0.0223173443228006,15.79162311553955,870.2194213867188,158.94679260253906,930.4014282226562,210.67306518554688,0,1.2172788409120938,15.223956415255486,0.142889357721761,-0.21947257552639832
141,6,1,detected,1207.6408357832274,180.33062303306764,14.795108795166016,-0.0999669507145881,17.68400764465332,1185.5865478515625,131.16738891601562,1224.0,232.82696533203125,0,9.527612478293268,10.708690883581777,0.11543140402689339,0.05390742411064817
141,8,1,predicted,1243.1050122812403,179.91196469128406,9.066325445200212,-0.0730936739335094,10.165153503417969,0.0,0.0,0.0,0.0,6,9.343624991944571,10.33654818038456,0.11868360364605537,0.03831639850196893
142,0,0,detected,151.52143940003563,284.6557410282432,-1.8282809257507324,0.3926242887973785,2.8062491416931152,0.0,200.2356414794922,303.0793151855469,368.95953369140625,0,-1.8229877335922717,2.7982925192592107,-6.0070635422450536e-05,9.569282684558398e-05
142,2,2,detected,1009.4184651846016,182.093837720775,8.08436393737793,-0.061090912669897,14.409191131591797,990.0385131835938,147.6165313720703,1028.495849609375,216.7777862548828,0,7.199868343124782,12.998246545194862,-0.0009660774698904103,-0.015602024570409753
142,3,0,detected,912.4058065582582,185.64197827730175,6.677532196044922,0.0224832724779844,15.909032821655272,870.181640625,162.0109405517578,948.6761474609376,210.56536865234375,0,1.672249721917208,15.057580846210048,0.15231700955323135,-0.2178685372856477
142,6,1,detected,1210.485182832493,180.06948822229123,15.767057418823242,-0.132052406668663,18.687902450561523,1194.239990234375,129.11300659179688,1224.0,232.86233520507812,0,10.002923334367553,10.762598387746484,0.12630900587326113,0.05390742658391025
142,8,1,predicted,1248.2235600296003,178.95002899123728,9.139857454597005,-0.0869126453317181,10.165153503417969,0.0,0.0,0.0,0.0,7,9.442079894258281,10.361708530814669,0.11804689545573682,0.03790230550499614
143,0,0,detected,151.54501444655486,284.6616472340601,-1.8282809257507324,0.3926242887973785,2.8062491416931152,0.0,200.4304962158203,303.13641357421875,368.9345703125,0,-1.8233549354105478,2.7988495689641484,-6.934845575660472e-05,0.00010962949776611346
143,2,2,detected,1009.3324699245628,182.13684432954497,7.622400283813477,-0.0576000027358531,13.585808753967283,989.98486328125,147.49075317382812,1028.5989990234375,216.85623168945312,0,7.223757306127508,13.018311595517819,-0.00021525628084520325,-0.014541859110827773
143,3,0,detected,923.5113914557936,185.69880112336207,6.854400157928467,0.0224000010639429,15.850110054016112,869.9839477539062,162.1528778076172,967.3631591796876,210.2233428955078,0,2.119766963879361,14.899020994862886,0.16123441967565225,-0.21607691238312912
143,6,1,predicted,1214.722199503043,179.3766158737492,15.91818251613861,-0.1485162732579342,18.687902450561523,0.0,0.0,0.0,0.0,1,10.46939986686175,10.816505898901536,0.13658989779905434,0.05390742918710844
143,8,1,predicted,1253.2632579705685,177.97862679960818,9.21225672379812,-0.100867610410597,10.165153503417969,0.0,0.0,0.0,0.0,8,9.538341782535205,10.384928185580685,0.117362987541046,0.037441365512339404
144,0,0,detected,151.53327325191944,284.6764907644828,-1.8294804096221924,0.3928819000720978,2.8080904483795166,0.0,200.46597290039065,303.0487060546875,368.9625549316406,0,-1.8237797098413142,2.7994950993886523,-8.008485152427258e-05,0.00012581752240769996
144,2,2,detected,1009.3300123393876,182.05496507784147,7.342679500579834,-0.0739816576242446,13.087246894836426,989.8414916992188,147.0055694580078,1028.8890380859375,216.6641540527344,0,7.230534068555297,13.008699491918826,-4.047519108582939e-06,-0.01439506012760795
144,3,0,detected,933.727628892203,185.43890271553505,7.078400135040283,0.0,15.850110054016112,868.8804321289062,161.51055908203125,987.730224609375,209.19744873046875,0,2.5625543429035447,14.75145288330396,0.16973932425118632,-0.2140074371600177
144,6,1,predicted,1218.8724904915275,178.68262969161026,16.027793692737475,-0.1668447813501766,18.687902450561523,0.0,0.0,0.0,0.0,2,10.924562427701574,10.870413417402952,0.14621732738301152,0.05390743192214131
144,8,1,predicted,1258.2241061041452,176.99775811639677,9.283523252803562,-0.114958569170146,10.165153503417969,0.0,0.0,0.0,0.0,9,9.632439204708625,10.406290631283577,0.11663447253207676,0.03693788604712531
145,0,0,detected,151.51069574268752,284.6777594613286,-1.8211156129837036,0.3910855948925018,2.7952513694763184,0.0,200.40911865234375,302.9861755371094,368.9623107910156,0,-1.823698745650451,2.799364479289714,-7.522015741082484e-05,0.00011807149319488993
145,2,2,detected,1010.0819674735928,182.0190988626158,7.617418766021728,-0.0765569657087326,13.542816162109377,991.830078125,146.77700805664062,1029.7000732421875,217.03289794921875,0,7.2532355371042465,13.02665980205224,0.0006818018887586682,-0.013429925845029889
145,3,0,detected,942.672428024791,185.2021267615608,7.177846431732178,0.0,15.675932884216309,868.7967529296875,161.06300354003906,1004.0862426757812,209.29812622070312,0,2.993191847925755,14.60426902028193,0.17762009041651383,-0.211988933205654
145,6,1,predicted,1222.936055797947,177.98752967587447,16.135114402456086,-0.1852027063222056,18.687902450561523,0.0,0.0,0.0,0.0,3,11.368328705783059,10.92432094361031,0.1552087053215651,0.053907434790826575
145,8,1,predicted,1263.1061044303303,176.00742294160304,9.353657041613326,-0.1291855216103652,10.165153503417969,0.0,0.0,0.0,0.0,10,9.724401020661663,10.425877579855362,0.1158638379315631,0.03639594064586654
146,0,0,detected,151.5379147698054,284.6793136404208,-1.8234978914260864,0.3915971517562866,2.79890775680542,0.0,200.4069366455078,303.1290588378906,368.9679870605469,0,-1.8237577640453526,2.7994488182958337,-7.473077491497448e-05,0.00011705258622679542
146,2,2,detected,1010.2388686595392,181.966955376039,7.665936470031738,-0.07704459130764,13.62907600402832,991.091796875,147.0581817626953,1029.6273193359375,216.59402465820312,0,7.278097185262699,13.049521394919571,0.0014121664716264292,-0.012345642893530174
146,3,0,detected,951.0362871668888,185.0315862067602,7.32823371887207,0.0,15.618721961975098,866.91552734375,160.49557495117188,1022.3766479492188,209.8123321533203,0,3.414795316682138,14.464264106354875,0.1849897327360025,-0.2098146156002777
146,6,1,predicted,1226.9128954223002,177.29131582654182,16.240144645294436,-0.203590048174021,18.687902450561523,0.0,0.0,0.0,0.0,4,11.800637636280122,10.978228477886436,0.16358154492603824,0.05390743779490107
146,8,1,predicted,1267.909252949124,175.007621275227,9.42265809022742,-0.1435484677312546,10.165153503417969,0.0,0.0,0.0,0.0,11,9.814256244370766,10.443768839812432,0.11505346535484597,0.0358193745265476
147,0,0,detected,151.5517863310005,284.6872900319567,-1.8199270963668823,0.3908303081989288,2.793426752090454,0.0,200.4660797119141,303.12994384765625,368.9499206542969,0,-1.8236033065989405,2.7992055968323935,-6.78081950795217e-05,0.00010617058776710277
147,2,2,detected,1010.952225808652,181.8782766021569,7.636557102203369,-0.0765569657087326,13.542816162109377,992.7125854492188,146.7326202392578,1030.3721923828125,216.61126708984375,0,7.300462691024945,13.066947901222834,0.0020450574780609466,-0.011454808962927098
147,3,0,detected,962.074008672368,184.66457149722865,7.637255668640137,-0.0220729932188987,15.618721961975098,879.7743530273438,159.3686981201172,1036.703857421875,209.4601593017578,0,3.8367239228582672,14.334520981217091,0.19214641931445708,-0.20739607869669083
147,6,1,predicted,1230.8030093645882,176.5939881436123,16.34288442125254,-0.222006806905623,18.687902450561523,0.0,0.0,0.0,0.0,5,12.221448215110616,11.032136020597118,0.17135342344276416,0.053907440936020776
147,8,1,predicted,1272.6335516605263,173.9983531172686,9.49052639864584,-0.1580474075328146,10.165153503417969,0.0,0.0,0.0,0.0,12,9.902033901386096,10.460042209069845,0.11420563073042461,0.03521181122979704
148,0,0,detected,151.50271746718386,284.750405850854,-1.8211156129837036,0.3910855948925018,2.7952513694763184,0.0,200.78009033203125,302.9213562011719,368.9823303222656,0,-1.8235211484194553,2.799073488129389,-6.327859562573423e-05,9.897357611391598e-05
148,2,2,detected,1011.3839777318864,181.7810688940542,7.636557102203369,-0.0765569657087326,13.542816162109377,993.3923950195312,146.29287719726562,1029.9810791015625,216.8484039306641,0,7.322111010100375,13.084166385671667,0.0026371563621043212,-0.01059566290885993
148,3,0,detected,981.1692587443036,184.3987650848749,8.09300708770752,-0.0217553973197937,15.39399242401123,899.744384765625,158.88287353515625,1068.5654296875,209.87530517578125,0,4.267369039768347,14.201477430065909,0.19935005795340294,-0.20515033926414283
148,6,1,predicted,1234.6063976248106,175.8955466270859,16.443333730330384,-0.2404529825170114,18.687902450561523,0.0,0.0,0.0,0.0,6,12.63073835068907,11.086043572110803,0.17854194580548963,0.05390744421576082
148,8,1,predicted,1277.279000564537,172.9796184677279,9.55726196686858,-0.1726823410150448,10.165153503417969,0.0,0.0,0.0,0.0,13,9.987762901871948,10.474773388838486,0.11332250532903036,0.03457666002951104
149,0,0,detected,151.5136050501093,284.79371427605395,-1.8151875734329224,0.3898125290870666,2.7861521244049072,0.0,200.791015625,303.0526123046875,368.95989990234375,0,-1.823091678819542,2.7984083960173964,-4.839589031937185e-05,7.589614107968726e-05
149,2,2,detected,1012.0326136267148,181.8829710810587,7.6800007820129395,-0.0576000027358531,13.585808753967283,994.722900390625,146.95623779296875,1030.271728515625,217.2200927734375,0,7.345595271102369,13.103692143684945,0.0032668112601944507,-0.009691966463849198
149,3,0,detected,1000.2114499227688,184.24359367397756,7.535846710205078,-0.0193226840347051,13.672618865966797,918.4086303710938,157.50291442871094,1086.94580078125,211.4048767089844,0,4.646823118606928,13.977329168135112,0.2047898243322357,-0.20572413781378157
149,6,1,predicted,1238.3230602029676,175.1959912769627,16.541492572527975,-0.2589285750081864,18.687902450561523,0.0,0.0,0.0,0.0,7,13.028503752987252,11.139951132798306,0.18516471072031102,0.053907447635615446
149,8,1,predicted,1281.8455996611565,171.95141732660488,9.62286479489565,-0.1874532681779451,10.165153503417969,0.0,0.0,0.0,0.0,14,10.071471929040351,10.488035917650375,0.11240615749566625,0.03391712392722114
150,0,0,detected,151.5664971439917,284.8397426819097,-1.8211156129837036,0.3910855948925018,2.7952513694763184,0.0,200.8862762451172,303.22900390625,368.9559326171875,0,-1.8230212767885066,2.7982945802515635,-4.4807850115339783e-05,7.016629377744899e-05
150,2,2,detected,1011.413011974008,181.8860373080561,7.690428256988525,-0.0772907361388206,13.672618865966797,992.5037231445312,146.04319763183594,1028.9923095703125,217.7105255126953,0,7.368905608513926,13.128008442546117,0.0038721836172314807,-0.008670449929333858
150,3,0,detected,1020.4465536155496,183.77036368933585,4.798702716827393,-0.023351352661848,8.261640548706055,943.5224609375,159.03944396972656,1103.4283447265625,207.69381713867188,0,4.848508105342447,13.448242883000878,0.20469604927289992,-0.2154905053501457
150,6,1,predicted,1241.952997099059,174.49532209324258,16.637360947845316,-0.2774335843791486,18.687902450561523,0.0,0.0,0.0,0.0,8,13.414756859774394,11.193858703032504,0.19123927898463347,0.053907451196998066
150,8,1,predicted,1286.333348950384,170.91374969389955,9.687334882727042,-0.2023601890215156,10.165153503417969,0.0,0.0,0.0,0.0,15,10.153189342509746,10.499901124219193,0.11145855496711515,0.03323620806340036
151,0,0,detected,151.56926533173294,284.9107336785416,-1.8234978914260864,0.3955526947975158,2.79890775680542,0.0,201.1197509765625,303.1410827636719,368.9532775878906,0,-1.8230914230642425,2.7983966103915927,-4.557313012838649e-05,7.112865683190175e-05
151,2,2,detected,1011.6662084773168,181.63078158079247,7.6851983070373535,-0.07704459130764,13.62907600402832,993.5819702148438,145.6086883544922,1030.0147705078125,216.5912322998047,0,7.391110630356679,13.149285984909078,0.004425878423946745,-0.007769916226765577
151,3,0,detected,1041.7915303435832,183.15697533107664,7.568739891052246,-0.0524393059313297,12.368582725524902,966.8018188476562,158.28118896484375,1123.726318359375,206.7804718017578,0,5.200815811040867,13.182038410846332,0.20915426826594513,-0.2170221669974604
151,6,1,predicted,1245.496208313085,173.7935390759256,16.730938856282396,-0.2959680106298974,18.687902450561523,0.0,0.0,0.0,0.0,9,13.789525799780607,11.247766283188051,0.19678314394338994,0.0539074549012412
151,8,1,predicted,1290.74224843222,169.86661556961187,9.75067223036276,-0.2174031035457568,10.165153503417969,0.0,0.0,0.0,0.0,16,10.232943095895209,10.510438097618591,0.11048156766648533,0.03253672839803701
152,0,0,detected,151.53009521953211,284.8897780058884,-1.8294804096221924,0.3928819000720978,2.8080904483795166,0.0,200.68411254882812,302.9901123046875,368.9569091796875,0,-1.8235092200343197,2.7990323880120602,-5.6814981968940753e-05,8.818210507955987e-05
152,2,2,detected,1010.6747391635251,181.74899656324715,7.622400283813477,-0.0576000027358531,13.585808753967283,990.515380859375,147.22987365722656,1028.929931640625,216.7866668701172,0,7.408848601149957,13.16761087660224,0.004827928357460853,-0.006984469366175439
152,3,0,detected,1064.8265708304148,182.4430321476039,9.836071968078612,-0.0860925316810607,15.229643821716309,993.5233764648438,157.2837677001953,1144.85693359375,206.09359741210935,0,5.669688393395831,13.097912815891199,0.21699824410496873,-0.21300850135061108
152,6,1,predicted,1248.9526938450454,173.09064222501175,16.822226297839226,-0.3145318537604327,18.687902450561523,0.0,0.0,0.0,0.0,10,14.152853392417795,11.301673873641073,0.20181370398791043,0.05390745874959652
152,8,1,predicted,1295.072298106665,168.81001495374187,9.812876837802806,-0.2325820117506681,10.165153503417969,0.0,0.0,0.0,0.0,17,10.310760667775288,10.519713673128622,0.10947697087598571,0.031821320531607585
153,0,0,detected,151.5237209641583,284.83744673666575,-1.8199270963668823,0.3908303081989288,2.793426752090454,0.0,200.45033264160156,303.0389099121094,368.9674377441406,0,-1.823352510842099,2.7987864705597505,-5.0366250843332974e-05,7.809182737228738e-05
153,2,2,detected,1010.1332545652692,181.622244394089,6.939467906951904,-0.0699190720915794,12.368582725524902,990.3311767578124,145.99337768554688,1028.9423828125,216.7447204589844,0,7.385851107240048,13.114118203474762,0.003987561371662861,-0.008385615732901745
153,3,0,detected,1085.286867974624,181.58180875848797,10.696836471557615,-0.1128358244895935,15.96839427947998,1008.6851806640624,156.0677490234375,1165.04833984375,205.1706085205078,0,6.168934669138573,13.06584998579867,0.22552253262485922,-0.20754377377537028
153,6,1,predicted,1252.32245369494,172.38663154050104,16.9112232725158,-0.3331251137707544,18.687902450561523,0.0,0.0,0.0,0.0,11,14.504796183600384,11.35558147476888,0.20634823700530555,0.05390746274323484
153,8,1,predicted,1299.323497973718,167.74394784628956,9.873948705047177,-0.2478969136362495,10.165153503417969,0.0,0.0,0.0,0.0,18,10.386669005072433,10.52779243204175,0.10844644869894658,0.031092448555627487
154,0,0,detected,151.5201214086211,284.8052904935564,-1.8258860111236572,0.3921100199222564,2.8025734424591064,0.0,200.4944000244141,303.037109375,368.9573364257813,0,-1.8235485785175225,2.7990821862058137,-5.47665799177816e-05,8.466428484438529e-05
154,2,2,detected,1010.0174747648748,181.65234018404797,8.827412605285645,-0.088941179215908,15.733565330505373,990.8423461914062,146.43951416015625,1029.0054931640625,217.02674865722656,0,7.474190366072299,13.260009485187377,0.006535067189701387,-0.0037339486437900993
154,3,0,detected,1101.7346637124008,180.81449488842304,11.550494194030762,-0.118588238954544,16.782468795776367,1012.732177734375,155.34144592285156,1186.3336181640625,204.9162139892578,0,6.696995013121919,13.088578462241575,0.23465947779389376,-0.20058943981650468
154,6,1,predicted,1255.6054878627697,171.68150702239348,16.99792978031212,-0.3517477906608626,18.687902450561523,0.0,0.0,0.0,0.0,12,14.845423517131644,11.409489086949655,0.21040387668894772,0.05390746688324609
154,8,1,predicted,1303.4958480333798,166.66841424725493,9.933887832095872,-0.2633478092025012,10.165153503417969,0.0,0.0,0.0,0.0,19,10.460694477819631,10.534736713718347,0.10739159773184419,0.030352413838953485
155,0,0,detected,151.51754796587076,284.79026260567235,-1.8234978914260864,0.3915971517562866,2.79890775680542,0.0,200.5371856689453,303.0339660644531,368.964111328125,0,-1.8235971575740733,2.799151648096933,-5.4579712788319e-05,8.420516291339192e-05
155,2,2,detected,1010.0460818954352,181.72596549167315,8.445979118347168,-0.0848842114210128,15.015893936157228,991.1044921875,146.6421661376953,1029.0640869140625,217.1360626220703,0,7.537361960514571,13.359567851422563,0.008245526228437303,-0.0006172564407970448
155,3,0,detected,1121.665231657303,179.99365093717685,12.337920188903809,-0.1451520025730133,17.118118286132812,1038.87890625,154.52735900878906,1205.770263671875,204.02951049804688,0,7.2488686277483705,13.136209444619864,0.24423954588564686,-0.19309316081871236
155,6,1,predicted,1258.8017963485331,170.97526867068905,17.08234582122819,-0.3703998844307575,18.687902450561523,0.0,0.0,0.0,0.0,13,15.174816641058634,11.463396710562176,0.21399759062352885,0.053907471170639355
155,8,1,predicted,1307.58934828565,165.58341415663796,9.992694218948891,-0.2789346984494234,10.165153503417969,0.0,0.0,0.0,0.0,20,10.532862844256917,10.540606638223561,0.106313930876538,0.029603363671757886
156,0,0,detected,151.52415097138515,284.8105342133509,-1.8187397718429563,0.3905753493309021,2.791604518890381,0.0,200.7213134765625,303.0630798339844,368.96832275390625,0,-1.8233635318462917,2.798788091135051,-4.5875821085973556e-05,7.068261096249511e-05
156,2,2,detected,1010.0985007438178,181.709493630886,8.721391677856445,-0.087652176618576,15.505542755126951,991.0067138671876,146.38975524902344,1029.3033447265625,216.9688720703125,0,7.6145956351094,13.48494917379897,0.010328989229480926,0.003187054265817664
156,3,0,detected,1140.9157460423205,179.14843349374266,12.621914863586426,-0.1673359870910644,16.915138244628906,1057.9849853515625,153.57754516601562,1223.384033203125,203.35015869140625,0,7.794036591912813,13.176185596634514,0.2533276753729993,-0.18605452881708165
156,6,1,predicted,1261.9113791522316,170.26791648538773,17.164471395264005,-0.3890813950804395,18.687902450561523,0.0,0.0,0.0,0.0,14,15.49306784834818,11.517304345985506,0.21714616006118814,0.05390747560634286
156,8,1,predicted,1311.6039987305287,164.48894757443867,10.050367865606235,-0.2946575813770158,10.165153503417969,0.0,0.0,0.0,0.0,21,10.60319922520046,10.545460137951592,0.105214881231934,0.028847299703477373
157,0,0,detected,151.52600664963106,284.7858714934364,-1.8116493225097656,0.3890526890754699,2.7807211875915527,0.0,200.4881591796875,303.0575256347656,368.965576171875,0,-1.8227194073463384,2.7977945858509665,-2.503780605547522e-05,3.8544128303721775e-05
157,2,2,detected,1010.0859510791817,181.71478189553775,8.785051345825195,-0.088291972875595,15.618721961975098,991.0003662109376,146.45620727539062,1029.1654052734375,217.00439453125,0,7.692992822786708,13.613190612931259,0.012384649348911843,0.0069650532093398915
157,3,0,detected,1154.813338938852,178.2655007318271,12.991104125976562,-0.1935359984636306,17.118118286132812,1075.5946044921875,152.81121826171875,1224.0,202.35748291015625,0,8.337428671064627,13.232346451492134,0.2620876226099111,-0.17873976313156312
157,6,1,predicted,1264.9342362738644,169.55945046648955,17.244306502419565,-0.407792322609908,18.687902450561523,0.0,0.0,0.0,0.0,15,15.800279651196458,11.571211993598702,0.21986616130828654,0.053907480191203956
157,8,1,predicted,1315.5397993680158,163.38501450065706,10.106908772067907,-0.3105164579852784,10.165153503417969,0.0,0.0,0.0,0.0,22,10.671728086647779,10.549352996740202,0.10409580601273948,0.028086086124009382
158,0,0,detected,151.53899668114198,284.73581340054983,-1.831884503364563,0.3933981955051422,2.8117804527282715,0.0,200.2935333251953,303.1022644042969,368.9653625488281,0,-1.8232807108111553,2.7986514475488447,-4.123289252594337e-05,6.325711072771444e-05
158,2,2,detected,1010.075668025979,181.75820700286468,8.948342323303223,-0.0899330899119377,15.909032821655272,990.9356079101562,146.7480926513672,1029.21484375,216.9506072998047,0,7.778304728095662,13.75450039983334,0.014587033926464212,0.011025802467813595
158,3,0,detected,1167.014188842365,177.3278597325528,13.31045913696289,-0.2186024039983749,17.186866760253906,1097.7901611328125,151.95663452148438,1223.60791015625,201.27882385253903,0,8.875916816362604,13.296126034918206,0.2704348480797566,-0.17141588380321493
158,6,1,predicted,1267.8703677134315,168.8498706139945,17.321851142694868,-0.4265326670191631,18.687902450561523,0.0,0.0,0.0,0.0,16,16.096563988254154,11.625119653780517,0.22217394864551354,0.053907484925989124
158,8,1,predicted,1319.3967501981117,162.27161493529314,10.162316938333904,-0.3265113282742112,10.165153503417969,0.0,0.0,0.0,0.0,23,10.738473229619968,10.552338895090013,0.10295799045080849,0.027321457548986038
159,0,0,detected,151.5770490657377,284.70014242928465,-1.8282809257507324,0.3926242887973785,2.8062491416931152,0.0,200.30532836914065,303.2197265625,368.9551086425781,0,-1.8236128921324777,2.799156757604305,-5.0019393924832346e-05,7.660689520100774e-05
159,2,2,detected,1009.9713433318852,181.8024739724187,8.9591646194458,-0.0902686566114425,15.96839427947998,990.6400146484376,146.74111938476562,1029.1407470703125,217.03611755371097,0,7.861318155220569,13.894825707374997,0.016653477804665542,0.014935804132648903
159,3,0,detected,1177.3637442469492,176.43579442447623,13.806296348571776,-0.2478688657283783,17.5390567779541,1115.513671875,151.2127227783203,1223.949951171875,200.5816650390625,0,9.419755272534216,13.383716691274483,0.2786915044050593,-0.1635941660404851
159,6,1,predicted,1270.7197734709332,168.1391769279026,17.397105316089917,-0.4453024283082046,18.687902450561523,0.0,0.0,0.0,0.0,17,16.382041464026635,11.679027326909102,0.22408563870711112,0.053907489811384
159,8,1,predicted,1323.1748512208158,161.14874887834688,10.216592364404224,-0.3426421922438146,10.165153503417969,0.0,0.0,0.0,0.0,24,10.803457786291117,10.554469460223515,0.10180265164175639,0.026555026580137128
160,0,0,detected,151.53777460460898,284.71934778992477,-1.8223060369491575,0.3913412094116211,2.7970783710479736,0.0,200.5548095703125,303.0029602050781,368.9758605957031,0,-1.8235833036741143,2.7991069310006047,-4.761529143549478e-05,7.278869032915079e-05
160,2,2,detected,1009.8894388005974,181.81964550916135,8.73111343383789,-0.0879709124565124,15.56192684173584,990.6548461914062,146.7275848388672,1029.013671875,216.9615173339844,0,7.928025475582901,14.006741427960486,0.018165069488589713,0.017869602353104412
160,3,0,detected,1187.3583133735642,175.3595063364481,14.288399696350098,-0.2772000133991241,17.83137321472168,1135.77001953125,149.20901489257812,1223.8304443359375,199.84812927246097,0,9.96773938522133,13.490676578432705,0.286823956309275,-0.15542378025783812
160,6,1,predicted,1273.4824535463692,167.42736940821385,17.47006902260471,-0.4641016064770327,18.687902450561523,0.0,0.0,0.0,0.0,18,16.656840619693003,11.732935013361711,0.22561709624805876,0.05390749484799334
160,8,1,predicted,1326.8741024361284,160.0164163298183,10.269735050278872,-0.3589090498940881,10.165153503417969,0.0,0.0,0.0,0.0,25,10.866704221512808,10.555794319843,0.10063094230603632,0.02578829102062337
161,0,0,detected,151.54893214205492,284.7205105707617,-1.816370129585266,0.3900664746761322,2.7879672050476074,0.0,200.49057006835935,303.1173400878906,368.9636840820313,0,-1.8232049352114008,2.798521891894113,-3.475094857711598e-05,5.292285686095733e-05
161,2,2,detected,1009.834630853901,181.87426239303065,8.39530086517334,-0.0845874175429344,14.963391304016112,990.5780639648438,146.89698791503906,1029.0369873046875,217.0477294921875,0,7.972539429492177,14.079719695955148,0.018960783127483418,0.0195372808348061
161,3,0,detected,1198.1679662433116,174.30903426822977,14.590800285339355,-0.30239999294281,17.83137321472168,1159.38134765625,148.197021484375,1224.0,199.0480499267578,0,10.508966326586071,13.599046628962528,0.29450670756932373,-0.1474575892662685
161,6,1,predicted,1276.1584079397398,166.71444805492823,17.540742262239252,-0.4829302015256472,18.687902450561523,0.0,0.0,0.0,0.0,19,16.921097234578088,11.786842713514408,0.2267839212310602,0.05390750003634106
161,8,1,predicted,1330.4945038440496,158.8746172897074,10.321744995957843,-0.3753119012250318,10.165153503417969,0.0,0.0,0.0,0.0,26,10.928234338904586,10.556361158570782,0.09944395443952687,0.025022640732860972
162,0,0,detected,151.50678498227617,284.7133744282729,-1.8140065670013428,0.389558881521225,2.784339427947998,0.0,200.4403839111328,302.9396667480469,368.9655456542969,0,-1.8226979960414689,2.79773965079047,-1.839245346112669e-05,2.770174777639564e-05
162,2,2,detected,1009.8405856251088,181.95539999372625,8.668072700500488,-0.0655018091201782,15.449565887451172,990.6802978515624,146.9948272705078,1029.056884765625,217.20408630371097,0,8.031193476060047,14.178529491875263,0.02015947964037963,0.02193686780641088
162,3,0,detected,1207.6397974272113,172.45032058181692,14.942118644714355,-0.3811764717102051,17.981218338012695,1176.68212890625,140.63121032714844,1224.0,199.871337890625,0,11.046279759892736,13.717343847289964,0.3018392257404795,-0.13943221696230843
162,6,1,predicted,1278.747636651045,166.00041286804571,17.60912503499354,-0.501788213454049,18.687902450561523,0.0,0.0,0.0,0.0,20,17.174953657506656,11.840750427741769,0.22760143716808634,0.05390750537687018
162,8,1,predicted,1334.0360554445792,157.7233517580142,10.372622201441144,-0.3918507462366457,10.165153503417969,0.0,0.0,0.0,0.0,27,10.988069290747227,10.556215776176426,0.09824272283390152,0.024259364132861467
163,0,0,detected,151.52741503029802,284.73514354244077,-1.8199270963668823,0.3908303081989288,2.793426752090454,0.0,200.61268615722656,303.094482421875,368.9554138183594,0,-1.822552748283304,2.7975127012707373,-1.3450704572744859e-05,2.0011568170575226e-05
163,2,2,detected,1009.8127731893668,182.00263816837685,8.73111343383789,-0.0659781843423843,15.56192684173584,990.6695556640624,146.9849090576172,1028.9512939453125,217.14956665039065,0,8.091232661156495,14.280400526041891,0.021363801537474334,0.024357043618546664
163,3,0,detected,1217.6994783590922,170.5835031838211,19.796459197998047,-0.5618360638618469,23.385408401489254,1198.59912109375,140.64981079101562,1224.0,196.48350524902344,0,11.843760215298277,13.577911722016776,0.31680702901691415,-0.13943221419345334
163,6,1,predicted,1281.2501396802843,165.28526384756634,17.675217340867572,-0.5206756422622374,18.687902450561523,0.0,0.0,0.0,0.0,21,17.418558167268305,11.894658156416575,0.22808468065404633,0.05390751086994288
163,8,1,predicted,1337.4987572377174,156.56261973473863,10.422366666728765,-0.4085255849289302,10.165153503417969,0.0,0.0,0.0,0.0,28,11.046229590982579,10.555402146811977,0.09702822845166574,0.023499654320575315
164,0,0,detected,151.5618457075152,284.76376577749124,-1.8199270963668823,0.3908303081989288,2.793426752090454,0.0,200.6871795654297,303.1842346191406,368.9594421386719,0,-1.8224113721824846,2.7972918306614996,-8.775126509252513e-06,1.2737224288563935e-05
164,2,2,detected,1009.8845085901788,182.02675529362833,8.166857719421387,-0.0617142878472805,14.55622386932373,990.7753295898438,146.9020538330078,1029.162353515625,217.17581176757812,0,8.115779778480492,14.319523066273664,0.021459933737728316,0.024804184112153696
164,3,0,predicted,1234.8611605438396,169.63918759605005,20.585050806064324,-0.5076622589240368,23.385408401489254,0.0,0.0,0.0,0.0,1,12.654801862767778,13.438479606604574,0.3317323033219823,-0.13943221121556187
164,6,1,predicted,1283.6659170274586,164.5690009934901,17.73901917986135,-0.5395924879502122,18.687902450561523,0.0,0.0,0.0,0.0,22,17.652064361424145,11.948565899909534,0.22824839203286923,0.05390751651584046
164,8,1,predicted,1340.882609223464,155.39242121988076,10.470978391820712,-0.4253364173018849,10.165153503417969,0.0,0.0,0.0,0.0,29,11.102735130690224,10.553962478586014,0.09580140164479647,0.02274461485025469
165,0,0,detected,151.5712040902257,284.74707452644276,-1.8234978914260864,0.3915971517562866,2.79890775680542,0.0,200.4572296142578,303.15521240234375,368.9648132324219,0,-1.8224833738851969,2.797398620031179,-1.0684485677364382e-05,1.5577474969005553e-05
165,2,2,detected,1009.9237646404148,182.04637090783865,8.699479103088379,-0.065739132463932,15.505542755126951,990.806396484375,146.8397979736328,1029.142822265625,217.25473022460935,0,8.170223860428806,14.412517720511822,0.02245601148810153,0.0268694862899443
165,3,0,predicted,1252.1935383281934,168.6723980068767,21.15787168474827,-0.5396138623833548,23.385408401489254,0.0,0.0,0.0,0.0,2,13.465911122188501,13.299047501773822,0.34620885481462804,-0.1394322080188341
165,6,1,predicted,1285.994968692567,163.851624305817,17.800530551974873,-0.5585387505179736,18.687902450561523,0.0,0.0,0.0,0.0,23,17.87563057269163,12.002473658588967,0.228107007138875,0.053907522314763374
165,8,1,predicted,1344.1876114018191,154.21275621344057,10.518457376716986,-0.4422832433555098,10.165153503417969,0.0,0.0,0.0,0.0,30,11.157605195476053,10.551937272909646,0.09456312520944056,0.02199526514853847
166,0,0,detected,151.55333852964975,284.78747188163504,-1.8199270963668823,0.3908303081989288,2.793426752090454,0.0,200.76222229003903,303.0714416503906,368.976318359375,0,-1.82234346777294,2.7971802743750516,-6.136858078234491e-06,8.51332022334312e-06
166,2,2,detected,1009.9447209331232,182.07262734261883,8.514383316040039,-0.0643404275178909,15.175637245178224,990.9308471679688,147.009765625,1029.0223388671875,217.16123962402344,0,8.211552575888634,14.482626587044725,0.02302594102307494,0.02817923329284591
166,3,0,predicted,1269.6966117121538,167.68313441630107,21.7363339130826,-0.5723082131674181,23.385408401489254,0.0,0.0,0.0,0.0,3,14.276993283634608,13.15961540827949,0.3602473851633768,-0.13943220459326092
166,6,1,predicted,1288.23729467561,163.13313378454706,17.859751457208144,-0.5775144299655215,18.687902450561523,0.0,0.0,0.0,0.0,24,18.089419312151335,12.056381432820523,0.22767465005879126,0.0539075282668312
166,8,1,predicted,1347.4137637727829,153.02362471541807,10.564803621417584,-0.4593660630898047,10.165153503417969,0.0,0.0,0.0,0.0,31,11.210858484270249,10.549365383141799,0.0933142372721678,0.021252545590906387
167,0,0,detected,151.49920265956524,284.76696439247775,-1.8175541162490845,0.390320748090744,2.789784669876098,0.0,200.47613525390625,302.903076171875,368.9639892578125,0,-1.822068281167274,2.796754431086528,2.358707590338343e-06,-4.603627236615737e-06
167,2,2,detected,1010.0428441080136,182.08291993281927,8.387123107910156,-0.0632195174694061,14.911253929138184,991.0970458984376,146.8707733154297,1029.1815185546875,217.25180053710935,0,8.243527422486542,14.534326150981627,0.02329618515401585,0.028891733447080285
167,3,0,predicted,1287.3703806957203,166.67139682432312,22.320437491067302,-0.6057453112762274,23.385408401489254,0.0,0.0,0.0,0.0,4,15.087969222497078,13.020183326911821,0.3738587419115375,-0.13943220092862404
167,6,1,predicted,1290.3928949765875,162.41352942968024,17.91668189556116,-0.5965195262928559,18.687902450561523,0.0,0.0,0.0,0.0,25,18.29359673852857,12.11028922296688,0.22696512686213038,0.05390753437208264
167,8,1,predicted,1350.561066336355,151.82502672581322,10.610017125922507,-0.4765848765047704,10.165153503417969,0.0,0.0,0.0,0.0,32,11.262513129091532,10.546284072147051,0.09205553400587362,0.02051732224943929
168,0,0,detected,151.4969829608316,284.736204756301,-1.8223060369491575,0.3913412094116211,2.7970783710479736,0.0,200.3709716796875,302.99505615234375,368.9725646972656,0,-1.822080008419804,2.796769100981261,1.9333322335449455e-06,-4.021595112839873e-06
168,2,2,detected,1010.0657317305348,182.1364239697165,8.243507385253906,-0.0621369928121566,14.655923843383787,990.98193359375,146.96827697753906,1029.19921875,217.4360809326172,0,8.265455796062747,14.568663498709856,0.023254879248493336,0.029056704967920777
168,3,0,predicted,1305.214845278893,165.6371852309429,22.91018241870239,-0.639925156709782,23.385408401489254,0.0,0.0,0.0,0.0,5,15.898774622802323,12.880751258497094,0.38705389077764973,-0.1394321970144961
168,6,1,predicted,1292.4617695954994,161.69281124121653,17.971321867033925,-0.6155540394999774,18.687902450561523,0.0,0.0,0.0,0.0,26,18.488332152812923,12.164197029387445,0.2259919202498789,0.053907540630475564
168,8,1,predicted,1353.6295190925357,150.61696224462605,10.65409789023176,-0.4939396836004062,10.165153503417969,0.0,0.0,0.0,0.0,33,11.312586715390413,10.54272906845675,0.09078777217562758,0.019790391326542586
169,0,0,detected,151.5110346138358,284.7363055457845,-1.827082633972168,0.3923669755458832,2.804409980773926,0.0,200.5122833251953,303.05120849609375,368.9651489257813,0,-1.8223716568935773,2.7972135512710676,-6.932402479658035e-06,9.52159004604269e-06
169,2,2,detected,1010.0897818363152,182.2136783318844,7.997023582458496,-0.0602790750563144,14.217706680297852,991.0013427734376,147.20289611816406,1029.2265625,217.44000244140625,0,8.271599472209582,14.575395860651794,0.02273814631675447,0.028380388950882636
169,3,0,predicted,1323.2300054616728,164.58049963616037,23.505568695987854,-0.6748477494680819,23.385408401489254,0.0,0.0,0.0,0.0,6,16.70935922038696,12.741319203898394,0.39984388938321674,-0.13943219284024055
169,6,1,predicted,1294.4439185323458,160.97097921915596,18.02367137162643,-0.6346179695868855,18.687902450561523,0.0,0.0,0.0,0.0,27,18.67379751749014,12.218104852438058,0.2247681850735718,0.053907547041886945
169,8,1,predicted,1356.6191220413248,149.39943127185657,10.697045914345331,-0.5114304843767121,10.165153503417969,0.0,0.0,0.0,0.0,34,11.361096302636376,10.53873462079347,0.08951167151660874,0.019072483290517275
170,0,0,detected,151.51165362571805,284.7022815526816,-1.816370129585266,0.3900664746761322,2.7879672050476074,0.0,200.29701232910156,303.0272216796875,368.9743957519531,0,-1.822026119421969,2.7966801026624553,3.7116619577099453e-06,-6.87530003441895e-06
170,2,2,detected,1010.1276354412124,182.2730032392028,8.159675598144531,-0.0615050867199897,14.506880760192873,991.1061401367188,147.3199462890625,1029.2178955078125,217.35113525390625,0,8.286438038991308,14.598083508526704,0.022499590798168594,0.02820792795165857
170,3,0,predicted,1341.4158612440588,163.50134003997556,24.106596322923707,-0.7105130895511269,23.385408401489254,0.0,0.0,0.0,0.0,7,17.51968606605172,12.601887164016382,0.4122398623678808,-0.13943218839501167
170,6,1,predicted,1296.3393417871266,160.24803336349854,18.073730409338683,-0.6537113165535803,18.687902450561523,0.0,0.0,0.0,0.0,28,18.8501669996724,12.2720126924707,0.22330674467882936,0.053907553606112914
170,8,1,predicted,1359.5298751827224,148.17243380750477,10.738861198263232,-0.5290572788336882,10.165153503417969,0.0,0.0,0.0,0.0,35,11.408058444862368,10.534333550780257,0.08822791694779504,0.018364266729668066
171,0,0,detected,151.5279869120224,284.71021447907464,-1.8234978914260864,0.3915971517562866,2.79890775680542,0.0,200.5041046142578,303.0867004394531,368.9622497558594,0,-1.8221089621368285,2.7968043086531633,1.0978485639153165e-06,-2.916840092618484e-06
171,2,2,detected,1010.0959673782728,182.40056804697497,8.596800804138184,-0.0648000016808509,15.284034729003906,991.0642700195312,147.79396057128906,1029.0716552734375,217.395751953125,0,8.325824172309261,14.664937915184657,0.023009539256421796,0.029378690102314014
171,3,0,predicted,1359.7724126260512,162.39970644238844,24.71326529950994,-0.7469211769589181,23.385408401489254,0.0,0.0,0.0,0.0,8,18.329730808776677,12.462455139790057,0.4242529778523582,-0.13943218366775467
171,6,1,predicted,1298.148039359842,159.52397367424425,18.121498980170685,-0.6728340804000614,18.687902450561523,0.0,0.0,0.0,0.0,29,19.017616537425194,12.325920549833192,0.22162008802933045,0.05390756032286872
171,8,1,predicted,1362.3617785167285,146.93596985157063,10.779543741985457,-0.546820066971335,10.165153503417969,0.0,0.0,0.0,0.0,36,11.453489210924358,10.529557303709886,0.08693716062631696,0.01766635194208446
172,0,0,detected,151.50560811334802,284.7236826874914,-1.8223060369491575,0.3913412094116211,2.7970783710479736,0.0,200.5503387451172,302.97296142578125,368.9626159667969,0,-1.8221194893267973,2.7968176397367954,7.467895426126518e-07,-2.4261767554654906e-06
172,2,2,detected,1010.1186947367448,182.54769625612155,7.997023582458496,-0.0602790750563144,14.217706680297852,991.2234497070312,148.11578369140625,1029.0557861328125,217.4163818359375,0,8.328196120645602,14.666310722322574,0.0223863144430076,0.02853031246081921
172,3,0,predicted,1378.29965960765,161.27559884339902,25.325575625746552,-0.7840720116914545,23.385408401489254,0.0,0.0,0.0,0.0,9,19.13948099904195,12.323023132197523,0.435894425209664,-0.13943217864720553
172,6,1,predicted,1299.8700112504916,158.7988001513931,18.166977084122426,-0.691986261126329,18.687902450561523,0.0,0.0,0.0,0.0,30,19.176323428601343,12.379828424868904,0.21972036756898608,0.053907567191788755
172,8,1,predicted,1365.114832043343,145.69003940405418,10.819093545512008,-0.564718848789652,10.165153503417969,0.0,0.0,0.0,0.0,37,11.4974042042746,10.524435997296152,0.08564002384837975,0.016979294278375384
173,0,0,detected,151.48864238087654,284.71851642693383,-1.8246911764144895,0.3918534219264984,2.800739288330078,0.0,200.46697998046875,302.9511413574219,368.9561767578125,0,-1.8222696432046448,2.7970454023734153,-3.8101913702516935e-06,4.525190969071851e-06
173,2,2,detected,1010.0787432293288,182.5855907402301,8.215372085571289,-0.0619249157607555,14.60590362548828,990.9989624023438,147.68307495117188,1029.08935546875,217.4486389160156,0,8.342650906834075,14.68961466484068,0.022146793813371646,0.02837200030345796
173,3,0,predicted,1396.9976021888554,160.12901724300733,25.94352730163355,-0.8219655937487361,23.385408401489254,0.0,0.0,0.0,0.0,10,19.948935412262347,12.183591142256757,0.4471753941054105,-0.13943217332189115
173,6,1,predicted,1301.505257459076,158.07251279494508,18.210164721193916,-0.7111678587323832,18.687902450561523,0.0,0.0,0.0,0.0,31,19.326465941504875,12.43373631791645,0.21761939778176934,0.05390757421242655
173,8,1,predicted,1367.7890357625663,144.4346424649554,10.857510608842883,-0.5827536242886391,10.165153503417969,0.0,0.0,0.0,0.0,38,11.539818582084099,10.518998468369354,0.08433709880343226,0.016303597254531968
174,0,0,detected,151.5011696066528,284.7276247140049,-1.8234978914260864,0.3915971517562866,2.79890775680542,0.0,200.5294189453125,303.02899169921875,368.9708862304687,0,-1.8223452791625023,2.797158908179134,-5.979227247170473e-06,7.81625035960705e-06
174,2,2,detected,1010.1319068809912,182.60287300182753,8.329079627990723,-0.0627820119261741,14.808061599731444,991.0860595703124,147.68333435058594,1029.274169921875,217.39712524414065,0,8.362702471748134,14.723280199409245,0.022083520883959033,0.028532335171191827
174,3,0,predicted,1415.8662403696671,158.95996164121334,26.56712032717093,-0.8606019231307631,23.385408401489254,0.0,0.0,0.0,0.0,11,20.758103392311174,12.044159171026378,0.45810705476826047,-0.13943216768012923
174,6,1,predicted,1303.0537779855947,157.3451116049002,18.251061891385156,-0.7303788732182239,18.687902450561523,0.0,0.0,0.0,0.0,32,19.46822294671973,12.487644229309398,0.2153286544102562,0.05390758138425476
174,8,1,predicted,1370.384389674398,143.1697790342743,10.894794931978083,-0.6009243934682963,10.165153503417969,0.0,0.0,0.0,0.0,39,11.580747073583268,10.51327231751219,0.08302895018884308,0.01563971545178093
175,0,0,detected,151.51661423448343,284.72305763850926,-1.8199270963668823,0.3908303081989288,2.793426752090454,0.0,200.45623779296875,303.0630187988281,368.9768371582031,0,-1.8222090576511154,2.7969473385864414,-1.6849623994052634e-06,1.1911025371210271e-06
175,2,2,detected,1010.0851633247185,182.64065585331215,7.918105125427246,-0.0596842132508754,14.077400207519531,991.1173706054688,147.97959899902344,1028.97021484375,217.2627716064453,0,8.35741060955254,14.712176530097706,0.021256822328227957,0.027331909948739522
175,3,0,predicted,1434.9055741500854,157.76843203801704,27.196354702358686,-0.8999809998375361,23.385408401489254,0.0,0.0,0.0,0.0,12,21.5670042150772,11.90472721960641,0.46870053945194434,-0.13943216171002837
175,6,1,predicted,1304.515572830048,156.61659658125845,18.289668594696135,-0.7496193045838518,18.687902450561523,0.0,0.0,0.0,0.0,33,19.601773569450216,12.541552159375971,0.2128592742954444,0.05390758870666519
176,0,0,detected,151.47689235036216,284.72618084839735,-1.8234978914260864,0.3915971517562866,2.79890775680542,0.0,200.50531005859375,302.8863220214844,368.9662170410156,0,-1.822286245914792,2.797063456660746,-3.965060319608256e-06,4.661742163069397e-06
176,2,2,detected,1010.076141486676,182.7191807618653,8.271835327148438,-0.0623505227267742,14.70628833770752,991.115478515625,148.12667846679688,1029.025146484375,217.43507385253903,0,8.372400731006008,14.737555970070195,0.021067576409316356,0.027272782613559476
176,3,0,predicted,1454.11560353011,156.55442843341845,27.83123042719683,-0.9401028238690542,23.385408401489254,0.0,0.0,0.0,0.0,13,22.37566647196969,11.765295289139056,0.4789669250506159,-0.139432155399488
176,6,1,predicted,1305.8906419924356,155.88696772401985,18.325984831126863,-0.7688891528292663,18.687902450561523,0.0,0.0,0.0,0.0,34,19.727296861731848,12.595460108438752,0.2102220558018498,0.053907596178968765
177,0,0,detected,151.5179974950683,284.71601546622696,-1.8223060369491575,0.3913412094116211,2.7970783710479736,0.0,200.4218292236328,303.11279296875,368.9745788574219,0,-1.8222911393103032,2.7970687198124145,-3.993094832796185e-06,4.679903946504498e-06
177,2,2,detected,1010.1252245616886,182.76423755125464,8.445979118347168,-0.0636631622910499,15.015893936157228,991.3064575195312,148.21412658691406,1029.033447265625,217.28900146484375,0,8.396548537016887,14.779585319871858,0.021160595329814125,0.027719614810541467
177,3,0,predicted,1473.4963285097413,155.31795082741758,28.471747501685357,-0.9809673952253176,23.385408401489254,0.0,0.0,0.0,0.0,14,23.184127473259053,11.62586338080945,0.48891721682971107,-0.13943214873619844
177,6,1,predicted,1307.1789854727576,155.15622503318434,18.360010600677334,-0.7881884179544673,18.687902450561523,0.0,0.0,0.0,0.0,35,19.844971493882653,12.649368076814385,0.20742745979323787,0.053907603800395554
178,0,0,detected,151.5192127998611,284.7348525847797,-1.827082633972168,0.3923669755458832,2.804409980773926,0.0,200.57130432128903,303.0408935546875,368.982666015625,0,-1.8225759605830187,2.797503753348926,-1.2473753550224248e-05,1.7676043839264153e-05
178,2,2,detected,1010.1078162105658,182.7837905441569,8.658648490905762,-0.0652661919593811,15.39399242401123,991.1192016601562,148.0345001220703,1029.0648193359375,217.4013214111328,0,8.43184229974038,14.841788930027409,0.021587399257275222,0.028763683480565756
178,3,0,predicted,1493.047749088979,154.0589992200144,29.117905925824264,-1.0225747139063273,23.385408401489254,0.0,0.0,0.0,0.0,15,23.99243267111529,11.486431495846444,0.49856233323489546,-0.13943214170764082
178,6,1,predicted,1308.3806032710145,154.424368508752,18.391745903347555,-0.8075170999594548,18.687902450561523,0.0,0.0,0.0,0.0,36,19.95497546457615,14.496939904097085,0.20448561112564043,0.09018112224246783
179,0,0,detected,151.50695569403706,284.7110701083391,-1.8223060369491575,0.3913412094116211,2.7970783710479736,0.0,200.36666870117188,302.992919921875,368.9619140625,0,-1.8225718693911281,2.797495440351663,-1.197351212287562e-05,1.6891206058614258e-05
179,2,2,detected,1010.1408465115218,182.7659737388622,8.357999801635742,-0.0630000010132789,14.859477996826172,991.0908813476562,147.7732391357422,1029.2484130859375,217.48008728027344,0,8.447831945216265,14.869901663142942,0.021418353826275934,0.028743976977555822
179,3,0,predicted,1512.769865267823,152.7775736112089,29.769705699613553,-1.0649247799120822,23.385408401489254,0.0,0.0,0.0,0.0,16,24.800635102182547,11.346999635523357,0.5079130917421292,-0.13943213430108717
179,6,1,predicted,1309.4954953872054,153.6913981507228,18.42119073913752,-0.8268751988442287,18.687902450561523,0.0,0.0,0.0,0.0,37,20.057485828928037,15.562372834616589,0.20140630062553624,0.10972491349564224
180,0,0,detected,151.48466099875787,284.7176033724199,-1.8140065670013428,0.389558881521225,2.784339427947998,0.0,200.49581909179688,302.9325256347656,368.9749755859375,0,-1.82208071722567,2.7967396356423584,3.2203051733793525e-06,-6.443322642134895e-06
180,2,2,detected,1010.2376033133746,182.73513791637535,8.47571849822998,-0.0638873279094696,15.068766593933104,991.2401733398438,147.84890747070312,1029.398193359375,217.30479431152344,0,8.469629710540564,14.908645226123854,0.021429811617515677,0.02904666297989902
180,3,0,predicted,1532.6626770462735,151.47367400100114,30.427146823053224,-1.1080175932425822,23.385408401489254,0.0,0.0,0.0,0.0,17,25.608794849505884,11.207567801158751,0.5169801957123463,-0.13943212650360032
180,6,1,predicted,1310.523661821331,152.95731395909672,18.44834510804723,-0.8462627146087892,18.687902450561523,0.0,0.0,0.0,0.0,38,20.15267844399911,16.27046199283855,0.19819898752224988,0.12164589216803615
181,0,0,detected,151.50144790267856,284.70768514783,-1.816370129585266,0.3900664746761322,2.7879672050476074,0.0,200.41256713867188,303.0361633300781,368.9697265625,0,-1.8217427158677466,2.7962189996499656,1.3330326752393678e-05,-2.1971378797784738e-05
181,2,2,detected,1010.23224153261,182.76391511529812,8.416448593139648,-0.0634405687451362,14.963391304016112,991.18798828125,148.08055114746094,1029.25146484375,217.389404296875,0,8.486683016512602,14.939202488231365,0.02129764593444314,0.029092383075861226
181,3,0,predicted,1552.7261844243303,150.1473003893911,31.09022929614327,-1.1518531538978274,23.385408401489254,0.0,0.0,0.0,0.0,18,26.41697852360569,11.068135994117197,0.525774222214734,-0.13943211830203403
181,6,1,predicted,1311.465102573391,152.22211593387377,18.473209010076697,-0.865679647253137,18.687902450561523,0.0,0.0,0.0,0.0,39,20.240727731127233,16.78499386319209,0.1948728023047463,0.12945171046298745
182,0,0,detected,151.4961427754256,284.7238545251219,-1.8223060369491575,0.3913412094116211,2.7970783710479736,0.0,200.5611572265625,302.9850769042969,368.96142578125,0,-1.8217632104402302,2.7962487255881183,1.230884989294749e-05,-2.041017346818268e-05
182,2,2,detected,1010.2283708203912,182.8098364167097,8.47571849822998,-0.0638873279094696,15.068766593933104,991.1712646484376,148.1990966796875,1029.264404296875,217.432373046875,0,8.506088246269217,14.97420053231333,0.021240496929486492,0.029271103193005358
182,3,0,predicted,1572.960387401994,148.79845277637872,31.758953118883714,-1.196431461877819,23.385408401489254,0.0,0.0,0.0,0.0,19,27.225258762475885,10.928704215810042,0.5343056107831061,-0.13943210968303285
183,0,0,detected,151.48951366311215,284.6862943877419,-1.816370129585266,0.3900664746761322,2.7879672050476074,0.0,200.2477264404297,302.9700622558594,368.9776916503906,0,-1.8214352805031184,2.795743741707899,2.184029715133372e-05,-3.504382411997809e-05
183,2,2,detected,1010.1886484346824,182.79625505736624,8.387123107910156,-0.0632195174694061,14.911253929138184,991.0505981445312,147.8754425048828,1029.2449951171875,217.4841156005859,0,8.519104671447982,14.998051193433112,0.020992138029161073,0.02910708707799099
183,3,0,predicted,1593.365285979264,147.42713116196407,32.43331829127453,-1.2417525171825556,23.385408401489254,0.0,0.0,0.0,0.0,20,28.033713750264223,10.789272467696172,0.542584653070394,-0.13943210063303224
184,0,0,detected,151.52425474490238,284.68617883529026,-1.8187397718429563,0.3905753493309021,2.791604518890381,0.0,200.41114807128903,303.11151123046875,368.9757690429687,0,-1.8212566108449753,2.7954679590629756,2.657639894152338e-05,-4.231391406337063e-05
184,2,2,detected,1010.2131258344696,182.75047307153545,8.658648490905762,-0.0652661919593811,15.39399242401123,991.2210083007812,147.79383850097656,1029.2398681640625,217.35679626464844,0,8.54705069526948,15.048719985453083,0.021202138954635536,0.029759439145424366
184,3,0,predicted,1613.9408801561403,146.03333554614713,33.113324813315735,-1.2878163198120374,23.385408401489254,0.0,0.0,0.0,0.0,21,28.842426754376355,10.649840751282785,0.550621483366823,-0.1394320911382585
185,0,0,detected,151.55482818417224,284.67109196989253,-1.8223060369491575,0.3913412094116211,2.7970783710479736,0.0,200.3152618408203,303.16082763671875,368.98040771484375,0,-1.821293149313046,2.7955225887666306,2.467038471054754e-05,-3.938630090785479e-05
185,2,2,detected,1010.2383584745016,182.7278324374112,8.5358304977417,-0.0643404275178909,15.175637245178224,991.109619140625,147.65110778808594,1029.4002685546875,217.56915283203125,0,8.566351043615477,15.084190021234217,0.021144706528077453,0.029932193156667602
185,3,0,predicted,1634.6871699326232,144.61706592892787,33.798972685007314,-1.3346228697662654,23.385408401489254,0.0,0.0,0.0,0.0,22,29.65148568073006,10.510409068126148,0.5584260699479043,-0.13943208118472877
186,0,0,detected,151.57570117293443,284.6708140561043,-1.831884503364563,0.3933981955051422,2.8117804527282715,0.0,200.38912963867188,303.18194580078125,368.969482421875,0,-1.8218911790982477,2.7964391441714485,5.865345024335141e-06,-1.0517637331919602e-05
186,2,2,detected,1010.2146059681784,182.68782120075429,8.566206932067871,-0.0645693987607956,15.229643821716309,991.16064453125,147.62753295898438,1029.214599609375,217.45660400390625,0,8.586247019913834,15.120911982288408,0.021106995888733066,0.03013756938155078
186,3,0,predicted,1655.6041553087125,143.17832231030633,34.490261906349275,-1.3821721670452387,23.385408401489254,0.0,0.0,0.0,0.0,23,30.460982646871976,10.370977419832377,0.566008207218953,-0.13943207075825106
187,0,0,detected,151.57268027938582,284.70159898324874,-1.8246911764144895,0.3918534219264984,2.800739288330078,0.0,200.58200073242188,303.1322326660156,368.9630126953125,0,-1.8220498957366291,2.7966814747144517,8.950936944767096e-07,-2.8818136618191465e-06
187,2,2,detected,1010.2105940124214,182.6545410111443,8.387123107910156,-0.0632195174694061,14.911253929138184,991.0732421875,147.61297607421875,1029.3316650390625,217.4502716064453,0,8.594436049385838,15.136956055219263,0.02071688308031277,0.029711320063334188
187,12,0,detected,495.3912963867187,180.8808135986328,-6.552000045776367,-0.2800000011920929,39.625274658203125,481.4231262207031,172.42990112304688,509.3594665527344,189.33172607421875,0,-6.552000045776367,39.625274658203125,0.0,0.0
187,3,0,predicted,1676.6918362844085,141.7171046902825,35.187192477341625,-1.4304642116489572,23.385408401489254,0.0,0.0,0.0,0.0,24,31.271013572656063,10.231545808058195,0.573377508623431,-0.13943205984442428
188,0,0,detected,151.6049422765964,284.70212189770376,-1.8258860111236572,0.3921100199222564,2.8025734424591064,0.0,200.44921875,303.25823974609375,368.9651184082031,0,-1.822274065552895,2.7970243630757055,-5.901708293623561e-06,7.560202433475226e-06
188,2,2,detected,1010.1641443564038,182.65071090790912,8.445979118347168,-0.0636631622910499,15.015893936157228,991.04931640625,147.6978302001953,1029.1905517578125,217.49261474609375,0,8.60522981929415,15.157806305766607,0.0204172120416447,0.02944335255247902
188,12,0,detected,492.4639978883125,180.97320154469625,-7.868903636932373,-0.2601290345191955,46.016448974609375,478.1418151855469,172.31773376464844,505.2618408203125,189.85317993164065,0,,,,
188,3,0,predicted,1697.9502128597103,140.23341306885638,35.88976439798435,-1.479499003577421,23.385408401489254,0.0,0.0,0.0,0.0,25,32.08167778817148,10.092114234511701,0.5805434002830256,-0.13943204842863813
189,0,0,detected,151.60496810205385,284.72436497078957,-1.8294804096221924,0.3928819000720978,2.8080904483795166,0.0,200.5719757080078,303.1988830566406,368.9740905761719,0,-1.8227023177585948,2.79768057420026,-1.8656418263093064e-05,2.7149037853096566e-05
189,2,2,detected,1010.211076644705,182.6477383335231,8.357999801635742,-0.0630000010132789,14.859477996826172,991.1514282226562,147.7465057373047,1029.349609375,217.44839477539065,0,8.609947865239361,15.167987066760121,0.019943107449481794,0.028860896326624738
189,12,0,detected,490.6358718422848,181.13387209896615,-7.749000072479248,-0.2520000040531158,44.57843399047851,474.59033203125,172.1683807373047,503.8871765136719,190.6704559326172,0,,,,
189,3,0,predicted,1719.3792850346192,138.72724744602797,36.59797766827746,-1.529276542830631,23.385408401489254,0.0,0.0,0.0,0.0,26,32.89307765859657,9.952682700953133,0.5875151153379885,-0.13943203649607325
190,0,0,detected,151.6377355059811,284.7093588514722,-1.831884503364563,0.3933981955051422,2.8117804527282715,0.0,200.3871612548828,303.3212890625,368.97174072265625,0,-1.82325847078293,2.7985331742389437,-3.488849282002264e-05,5.207716211882668e-05
190,2,2,detected,1010.2143018006676,182.7062567187988,8.445979118347168,-0.0636631622910499,15.015893936157228,991.1624145507812,147.9795379638672,1029.263916015625,217.5872802734375,0,8.619103426155165,15.1862140775389,0.019617330025693734,0.028539386084707404
190,12,0,detected,488.0270711965729,181.2938287435595,-7.918515682220459,-0.2494020611047744,44.11886215209961,470.6487731933594,172.3313751220703,500.6219482421875,190.93003845214844,0,,,,
190,3,0,predicted,1740.9790528091344,137.19860782179722,37.311832288220955,-1.5797968294085858,23.385408401489254,0.0,0.0,0.0,0.0,27,33.70531822564604,9.813251209195645,0.5943016889568943,-0.13943202403170107
191,0,0,detected,151.6559414251969,284.6695678091033,-1.8282809257507324,0.3926242887973785,2.8062491416931152,0.0,200.21112060546875,303.328857421875,368.9721984863281,0,-1.8235859097959277,2.799034784275014,-4.372335696689153e-05,6.565280665538096e-05
191,2,2,detected,1010.2880350178312,182.67780545511548,8.47571849822998,-0.0638873279094696,15.068766593933104,991.2252197265624,147.56155395507812,1029.4700927734375,217.58578491210935,0,8.629159701587835,15.206174861217567,0.01932859145712478,0.028280042550086502
191,12,0,detected,484.87207738424706,181.57659231996956,-8.084571838378906,-0.1851428598165512,43.668670654296875,467.0561828613281,172.8456573486328,496.72210693359375,191.59930419921875,0,,,,
191,3,0,predicted,1762.749516183256,135.64749419616422,38.03132825781483,-1.631059863311286,23.385408401489254,0.0,0.0,0.0,0.0,28,34.51850686526988,9.673819761106062,0.6009119539856187,-0.13943201102028394
192,0,0,detected,151.66828632976203,284.6862001653499,-1.831884503364563,0.3933981955051422,2.8117804527282715,0.0,200.49497985839844,303.34173583984375,368.9605712890625,0,-1.8241138297473267,2.799844194431695,-5.8345849294746114e-05,8.811390256061083e-05
192,2,2,detected,1010.2151087559782,182.65086082048973,8.566206932067871,-0.0645693987607956,15.229643821716309,991.1029052734376,147.62806701660156,1029.184814453125,217.48532104492188,0,8.64366200822778,15.234172205395492,0.019182840095957138,0.028271496997609655
192,12,0,detected,481.2266510298092,181.90191551444684,-8.164800643920898,-0.1814400106668472,42.7952995300293,463.9147033691406,173.3756866455078,491.6750183105469,191.9604949951172,0,,,,
192,3,0,predicted,1784.690675156984,134.07390656912892,38.75646557705909,-1.6830656445387315,23.385408401489254,0.0,0.0,0.0,0.0,29,35.332752961254485,9.534388358605652,0.6073545372059892,-0.13943199744637502
193,0,0,detected,151.60704133892415,284.69231305200253,-1.8246911764144895,0.3918534219264984,2.800739288330078,0.0,200.45172119140625,303.091552734375,368.9681396484375,0,-1.8242026179978112,2.799979642380637,-5.92651957750478e-05,8.954336893771745e-05
193,2,2,detected,1010.2418056278048,182.62262501160023,8.566206932067871,-0.0645693987607956,15.229643821716309,991.1453857421876,147.51841735839844,1029.3775634765625,217.5461578369141,0,8.657176475335605,15.2605164900162,0.0190116578451498,0.02821324560190882
193,12,0,detected,477.767580517516,182.1456866149896,-8.103145599365234,-0.1761553436517715,41.548831939697266,460.248291015625,173.16761779785156,488.90374755859375,192.2655334472656,0,,,,
193,3,0,predicted,1806.8025297303184,132.4778449406913,39.487244245953725,-1.7358141730909231,23.385408401489254,0.0,0.0,0.0,0.0,30,36.14816759437016,9.394957003670896,0.6136378561752189,-0.13943198329431838
194,0,0,detected,151.55978123507234,284.6950280158182,-1.831884503364563,0.3933981955051422,2.8117804527282715,0.0,200.43743896484375,303.02972412109375,368.9718933105469,0,-1.8247089934127048,2.8007561184613654,-7.276773722928641e-05,0.00011028844927946113
194,2,2,detected,1010.237564440986,182.6535964227957,8.753106117248535,-0.0659781843423843,15.56192684173584,991.1531982421876,147.79258728027344,1029.304931640625,217.58587646484375,0,8.680699812359212,15.304781002571652,0.019147908667722084,0.02869836430564164
194,12,0,detected,474.8290391751677,182.4848995591878,-7.913271427154541,-0.1130467355251312,39.99560546875,458.3493041992187,173.35667419433594,486.0594177246094,193.2106475830078,0,-7.5991377978164385,39.91014612304993,-0.14659569369111455,0.039881027993366666
194,3,0,predicted,1829.0850799032596,130.85930931085142,40.22366426449875,-1.78930544896786,23.385408401489254,0.0,0.0,0.0,0.0,31,36.96486324670274,9.255525698334251,0.6197701166179084,-0.13943196854824896
195,0,0,detected,151.55259505836926,284.6898789066399,-1.827082633972168,0.3923669755458832,2.804409980773926,0.0,200.4023895263672,303.0908508300781,368.9636840820313,0,-1.8249167203359298,2.80107425753128,-7.68434535870287e-05,0.00011656545938618201
195,2,2,detected,1010.1796930604272,182.69648637713664,8.5358304977417,-0.0643404275178909,15.175637245178224,991.0398559570312,147.93255615234375,1029.211181640625,217.5753173828125,0,8.690227184537488,15.324206130023544,0.018857372105494347,0.028418121773962496
195,12,0,detected,472.181432238992,182.84027140151116,-7.791567802429199,-0.1089729741215705,38.5543212890625,456.01513671875,173.29684448242188,483.7736511230469,194.0341033935547,0,-7.76866269365933,39.25180738488413,-0.14943878607997077,-0.04669430462291563
195,3,0,predicted,1851.538325675807,129.21829967960923,40.96572563269415,-1.8435394721695424,23.385408401489254,0.0,0.0,0.0,0.0,32,37.782953520802664,9.116094444684917,0.6257593103430712,-0.1394319531920925
196,0,0,detected,151.55650672402902,284.6593867140483,-1.8282809257507324,0.3926242887973785,2.8062491416931152,0.0,200.23541259765625,303.11883544921875,368.9683532714844,0,-1.8251863859484387,2.801487521664019,-8.266661717661693e-05,0.00012552565836644293
196,2,2,detected,1010.0476461088508,182.72383408436687,8.39530086517334,-0.0634405687451362,14.963391304016112,990.9491577148438,147.98707580566406,1028.9178466796875,217.5049743652344,0,8.690679388749233,15.329758118857756,0.01830154229766361,0.027727148136493268
196,12,0,detected,469.7581549389621,183.0978523366727,-7.972363948822021,-0.1099636405706405,38.904815673828125,453.6760559082031,172.8453369140625,481.8040466308594,194.4904937744141,0,-7.9391365193246894,39.08870172009844,-0.15179023206758882,-0.05970759250653073
196,3,0,predicted,1874.162267047961,127.55481604696476,41.713428350539935,-1.89851624269597,23.385408401489254,0.0,0.0,0.0,0.0,33,38.60255287328002,8.976663244869604,0.6316132136593239,-0.1394319372095657
197,0,0,detected,151.60897866185803,284.6984578615654,-1.8294804096221924,0.3928819000720978,2.8080904483795166,0.0,200.5954437255859,303.3070373535156,368.9757385253906,0,-1.8255160719951635,2.801992982790357,-9.012652875501115e-05,0.00013699959384492103
197,2,2,detected,1009.9997577011852,182.75997128174015,8.636892318725586,-0.0652661919593811,15.39399242401123,991.0150756835938,148.13519287109375,1028.918212890625,217.4616241455078,0,8.704752534439036,15.359629813380883,0.018173846007251408,0.02779194773583248
197,12,0,detected,467.2061222812722,183.4002948324437,-7.798737049102783,-0.0530526340007782,37.53973388671875,450.76025390625,172.7361297607422,479.47064208984375,195.3955841064453,0,-7.996162574959631,38.545991067886526,-0.14211446286935617,-0.10902397242643712
197,3,0,predicted,1896.9569040197216,125.868858412918,42.46677241803611,-1.9542357605471423,23.385408401489254,0.0,0.0,0.0,0.0,34,39.42377636247127,8.8372321010933,0.6373393862620669,-0.13943192058417606
198,0,0,detected,151.5928566057886,284.6872362120004,-1.8258860111236572,0.3921100199222564,2.8025734424591064,0.0,200.3583526611328,303.14996337890625,368.9753723144531,0,-1.8256226110716118,2.8021559937562284,-9.062218325151909e-05,0.00013778513023732588
198,2,2,detected,1010.0221267745584,182.8171735780832,7.840729713439941,-0.0591009818017482,13.939836502075195,991.0941162109376,148.2941436767578,1029.010498046875,217.4968109130859,0,8.671180694634879,15.302391083495081,0.016611140306313478,0.025222837820474187
198,12,0,detected,464.8119206159598,183.82329448446916,-7.957894802093506,-0.0530526340007782,37.53973388671875,447.9149169921875,173.30862426757812,477.9399108886719,196.2177734375,0,-8.087237166714681,38.1830913900897,-0.13730679094095047,-0.13293765158287438
198,3,0,predicted,1919.922236591088,124.16042677746891,43.225757835182655,-2.0106980257230607,23.385408401489254,0.0,0.0,0.0,0.0,35,40.246739409800504,8.697801015620032,0.6429451705671745,-0.13943190329922192
199,0,0,detected,151.60606451991464,284.6876216975829,-1.8211156129837036,0.3910855948925018,2.7952513694763184,0.0,200.4208068847656,303.2293701171875,368.9634704589844,0,-1.8254435577110928,2.801880703104838,-8.247804636305473e-05,0.00012531034048128063
199,2,2,detected,1009.985075584398,182.8346447177941,8.575200080871582,-0.0648000016808509,15.284034729003906,990.9971313476562,148.13595581054688,1028.92724609375,217.5182952880859,0,8.681187713523585,15.325054247606962,0.01641169741986911,0.025145505001628366
199,12,0,detected,462.43932241642045,184.16082780970535,-7.354368209838867,-0.0483839996159076,34.236236572265625,445.2052917480469,173.18833923339844,476.0525207519531,196.55120849609375,0,-8.004078378859768,37.08386910273702,-0.11799689584470736,-0.2175715207416668
199,3,0,predicted,1943.0582647620615,122.42952114061757,43.990384601979585,-2.067903038223725,23.385408401489254,0.0,0.0,0.0,0.0,36,41.07155757445609,8.558369990773645,0.6484376914664053,-0.1394318853377926
200,0,0,detected,151.5674515732025,284.71376306046756,-1.8223060369491575,0.3913412094116211,2.7970783710479736,0.0,200.5696563720703,303.0614318847656,368.970458984375,0,-1.8253371653377561,2.8017169804539663,-7.677419935055858e-05,0.00011658160483879643
200,2,2,detected,1009.9357699675658,182.83541491971056,8.08436393737793,-0.061090912669897,14.409191131591797,990.9863891601562,148.16793823242188,1028.822265625,217.4209442138672,0,8.66162981959808,15.294931850241406,0.015325423314785884,0.023475851383584517
200,12,0,detected,460.2122224469816,184.41037853083023,-7.511226177215576,-0.0487741939723491,34.51233673095703,443.1026611328125,172.91476440429688,474.0868225097656,196.8614044189453,0,-7.981054913950288,36.32286318914895,-0.1064378418100278,-0.26211535453715956
200,3,0,predicted,1966.3649885326413,120.67614150236392,44.760652718426904,-2.125850798049134,23.385408401489254,0.0,0.0,0.0,0.0,37,41.89834634100289,8.418939028938558,0.6538238564804404,-0.1394318666827682
201,0,0,detected,151.55856940542154,284.7227577799856,-1.8199270963668823,0.3908303081989288,2.793426752090454,0.0,200.5101318359375,303.1001892089844,368.9709167480469,0,-1.8250921065262353,2.8013404572114458,-6.705490125589507e-05,0.00010168992859206127
201,2,2,detected,1009.9650429375788,182.86774565172328,8.132108688354492,-0.0612972974777221,14.457870483398438,991.0055541992188,148.18345642089844,1029.00244140625,217.60289001464844,0,8.644997047339126,15.267869113691724,0.014360291650673348,0.021949155254173906
201,12,0,detected,457.8507817424034,184.81336270454153,-7.371000289916992,0.0,33.4338264465332,439.9504699707031,173.53050231933594,472.3669128417969,197.7522735595703,0,-7.9348759813406975,35.50119935641449,-0.09466828716428316,-0.3052668129278289
201,3,0,predicted,1989.8424079028275,118.90028786270796,45.5365621845246,-2.184541305199289,23.385408401489254,0.0,0.0,0.0,0.0,38,42.72722091954924,8.279508132560533,0.6591103562861552,-0.1394318473168197
202,0,0,detected,151.57147277514687,284.6917212612563,-1.8246911764144895,0.3918534219264984,2.800739288330078,0.0,200.2987060546875,303.164794921875,368.9559020996094,0,-1.8251317115869428,2.801400920686785,-6.622592039952295e-05,0.00010044489620426774
202,2,2,detected,1010.059419907214,182.8808048990954,8.132108688354492,-0.0612972974777221,14.457870483398438,991.2634887695312,148.10101318359375,1029.04052734375,217.62974548339844,0,8.628431367030856,15.240961606103065,0.01342633217380608,0.020473342441706517
202,12,0,detected,455.5966044944633,185.32450600563217,-7.294534683227539,0.0461679436266422,32.66816711425781,437.5099792480469,173.96360778808594,470.617919921875,198.80039978027344,0,-7.883734666752933,34.694479939410314,-0.08404102240818902,-0.34181495188519634
202,13,0,detected,437.7072448730469,183.14810180664065,-12.027273178100586,-0.137454554438591,48.63101959228515,424.6101684570313,173.9982452392578,450.8043212890625,192.29795837402344,0,,,,
202,3,0,predicted,2013.49052287262,117.10196022164972,46.31811300027268,-2.243974559674189,23.385408401489254,0.0,0.0,0.0,0.0,39,43.5582960580884,8.140077304147445,0.6643036655954253,-0.13943182722240902
203,0,0,detected,151.61759023613808,284.7002573370912,-1.8246911764144895,0.3918534219264984,2.800739288330078,0.0,200.4664764404297,303.31268310546875,368.9739074707031,0,-1.8251682132499347,2.8014566656627515,-6.532825182495361e-05,9.909496462707964e-05
203,2,2,detected,1010.1140030515452,182.87091838508525,8.721391677856445,-0.065739132463932,15.505542755126951,991.09423828125,147.9400177001953,1029.2373046875,217.68002319335935,0,8.646522793836917,15.27576949616924,0.013567217404051852,0.020906325854376608
203,12,0,detected,453.5489540298143,185.7819105786247,-7.115293979644775,0.044470589607954,31.467130661010746,435.1845397949219,173.7973175048828,469.3499450683594,199.55612182617188,0,-7.809130333713963,33.81567209515612,-0.07307052350002818,-0.3789485945488569
203,13,0,detected,434.9280709982981,183.16293320118072,-12.51795482635498,-0.1406511664390564,49.7619743347168,420.7818908691406,173.53575134277344,447.6270446777344,192.82615661621097,0,,,,
204,0,0,detected,151.63223008773562,284.7019251646277,-1.8234978914260864,0.3915971517562866,2.79890775680542,0.0,200.43820190429688,303.2819519042969,368.97503662109375,0,-1.825131736335939,2.801400441031587,-6.225374735525322e-05,9.440433043732984e-05
204,2,2,detected,1010.1472908745562,182.85534635198323,8.47571849822998,-0.0638873279094696,15.068766593933104,991.1669921875,147.8770751953125,1029.18701171875,217.6970367431641,0,8.649275635280167,15.28329326133665,0.013240624475683038,0.020502114950335968
204,12,0,detected,451.74143487440807,186.32196001458212,-6.851580619812012,0.0845874175429344,29.926782608032227,433.182861328125,174.23208618164062,468.2899169921875,200.5238800048828,0,-7.701233146239998,32.8204092211744,-0.06115716847900093,-0.4195214170479344
204,13,0,detected,432.9022174786196,183.19057364240385,-13.514668464660645,-0.1493333429098129,52.833702087402344,416.6721496582031,173.56008911132812,446.0344543457031,192.9193115234375,0,,,,
205,0,0,detected,151.61873364742732,284.70982678120777,-1.8223060369491575,0.3913412094116211,2.7970783710479736,0.0,200.48605346679688,303.2049865722656,368.9674987792969,0,-1.8250245962084402,2.8012357955566767,-5.713806825486046e-05,8.658105066220168e-05
205,2,2,detected,1010.268522940879,182.82260920013343,8.948342323303223,-0.0674498155713081,15.909032821655272,991.2735595703124,147.77102661132812,1029.4700927734375,217.67771911621097,0,8.679281484878894,15.339332195766591,0.013746932698747005,0.021575438281768326
205,12,0,detected,449.9506361714788,186.7988569612175,-6.8460001945495605,0.0839999988675117,29.718955993652344,431.3915710449219,174.14170837402344,466.61968994140625,201.1926116943359,0,-7.609846187225389,31.954448084817308,-0.05156845369230975,-0.4475840059410095
205,13,0,detected,430.5648683075118,183.17910659054783,-13.092141151428224,-0.1423058807849884,50.347408294677734,413.074951171875,173.47671508789062,443.7748718261719,192.8322601318359,0,,,,
206,0,0,detected,151.61679316543305,284.70485914747627,-1.8140065670013428,0.389558881521225,2.784339427947998,0.0,200.42530822753903,303.22320556640625,368.9638977050781,0,-1.8244321166613333,2.800326236112518,-3.7519665907099974e-05,5.649768383199598e-05
206,2,2,detected,1010.2929436982652,182.85604434507883,8.5358304977417,-0.0643404275178909,15.175637245178224,991.3447265625,148.15211486816406,1029.2655029296875,217.64480590820312,0,8.683807921373408,15.350029991878008,0.013468474417901359,0.021246910885763838
206,12,0,detected,448.3721981551396,187.28002631027965,-6.652800559997559,0.1209600120782852,28.53019905090332,429.85980224609375,174.28990173339844,465.4796447753906,201.9550323486328,0,-7.501618979579994,31.03526828646794,-0.041951887842906335,-0.47596482650917377
206,13,0,detected,427.7517820318745,183.2587185600333,-13.626216888427734,-0.1457349509000778,51.56060028076172,409.7552490234375,173.8544464111328,440.4353332519531,193.02908325195312,0,,,,
207,0,0,detected,151.63340852555416,284.71140079286624,-1.816370129585266,0.3900664746761322,2.7879672050476074,0.0,200.4711151123047,303.2890319824219,368.97900390625,0,-1.8239945571185696,2.7996544969096995,-2.317230256100253e-05,3.450497393412032e-05
207,2,2,detected,1010.4118756352724,182.93323630694215,8.329079627990723,-0.0418546721339225,14.808061599731444,991.6508178710938,148.4169464111328,1029.3577880859375,217.7058258056641,0,8.67567969433104,15.338211045968162,0.01281625534101398,0.020248284735731537
207,12,0,detected,447.00156613235936,187.70189356954623,-6.738040447235107,0.1217718124389648,28.721675872802734,428.5436401367187,174.082763671875,464.515380859375,202.65855407714844,0,-7.421699971007384,30.28128376546681,-0.034913248877120065,-0.4920218205287725
207,13,0,detected,425.5527377714827,183.26755892342553,-13.60800075531006,-0.1440000087022781,50.94678497314453,407.91412353515625,173.43942260742188,439.1101989746094,193.1338348388672,0,,,,
208,0,0,detected,151.630060648973,284.74855532858555,-1.827082633972168,0.3923669755458832,2.804409980773926,0.0,200.67340087890625,303.24615478515625,368.9727478027344,0,-1.8241975023842378,2.7999659124202396,-2.8601437730592814e-05,4.2867659329821684e-05
208,2,2,detected,1010.4696394954768,182.9008260986905,8.785051345825195,-0.0662189796566963,15.618721961975098,991.5025634765624,147.92068481445312,1029.5018310546875,217.67691040039065,0,8.69415943751691,15.373738310944297,0.012987292411937223,0.020709714171310557
208,12,0,detected,446.06570569520903,188.19853073465023,-6.2748003005981445,0.1512000113725662,26.747060775756836,427.84515380859375,174.3697967529297,464.20648193359375,203.64431762695312,0,-7.2853764885188665,29.348467487654663,-0.025401339240331763,-0.5165072040830977
208,13,0,detected,422.6671515588184,183.36444945155327,-13.115326881408691,-0.1359101235866546,48.0846061706543,403.3836975097656,173.71829223632812,436.6153564453125,193.47683715820312,0,,,,
209,0,0,detected,151.6191829790997,284.7613509937663,-1.8234978914260864,0.3915971517562866,2.79890775680542,0.0,200.583251953125,303.2122802734375,368.9795227050781,0,-1.8241833902911917,2.799944199207598,-2.7311490532764568e-05,4.091731916084867e-05
209,2,2,detected,1010.5288964621566,182.890106084972,8.721391677856445,-0.065739132463932,15.505542755126951,991.48583984375,148.11773681640625,1029.6337890625,217.5602264404297,0,8.707982271901438,15.4009696214196,0.01301252575150453,0.02090666325870755
209,12,0,detected,445.6993556582559,188.7056681158445,-6.084654808044434,0.1466181874275207,25.93654441833496,427.4527587890625,174.2382049560547,464.9415283203125,204.75929260253903,0,-7.140206821843603,28.429167098274164,-0.016270158525775475,-0.5380699388855315
209,13,0,detected,419.98124083141096,183.44172649983787,-12.158349990844728,-0.1247010305523872,44.11886215209961,400.0157470703125,173.49998474121094,435.10540771484375,193.7496032714844,0,,,,
210,0,0,detected,151.65422334459046,284.80086676385093,-1.8151875734329224,0.3898125290870666,2.7861521244049072,0.0,200.77883911132812,303.36328125,368.96771240234375,0,-1.8236814473133733,2.799173737966226,-1.1328017345522023e-05,1.6413704656871526e-05
210,2,2,detected,1010.6548474200432,182.82117456409364,8.596800804138184,-0.0648000016808509,15.284034729003906,991.799072265625,147.72669982910156,1029.681640625,217.5856475830078,0,8.713710159391226,15.413784967272697,0.012792529837823077,0.02066231473760629
210,12,0,detected,446.2334898583311,189.12030846147945,-6.011566638946533,0.1457349509000778,25.78030014038086,427.9352111816406,174.11561584472656,467.1594543457031,205.2099609375,0,-7.003216395962028,27.608540549500393,-0.00834870674699442,-0.5526742063079789
210,13,0,detected,417.21103026462225,183.58464971115907,-12.345402717590332,-0.1247010305523872,44.11886215209961,396.3780517578125,173.58888244628906,433.1473388671875,194.2612762451172,0,,,,
211,0,0,detected,151.5968331461033,284.7945731235725,-1.8140065670013428,0.389558881521225,2.784339427947998,0.0,200.55975341796875,303.0850524902344,368.9784851074219,0,-1.8231246276918012,2.7983190777343676,5.830034381514542e-06,-9.892717542247078e-06
211,2,2,detected,1010.654200081576,182.7755391729467,8.387123107910156,-0.0632195174694061,14.911253929138184,991.5950317382812,147.66702270507812,1029.6522216796875,217.67176818847656,0,8.70659627164371,15.403737222832499,0.01219135627089602,0.019734924013754408
211,12,0,detected,447.54477500793473,189.5845229898796,-5.665655612945557,0.1737931221723556,24.594999313354492,428.7396545410156,173.94448852539062,470.298828125,206.47035217285156,0,-6.837855725320277,26.738255327859754,0.0003347896904537639,-0.568551150670996
211,13,0,detected,414.53800311611906,183.78747194003537,-12.09600067138672,-0.0604800060391426,42.7952995300293,393.45751953125,173.8621826171875,431.0227661132813,194.6715850830078,0,,,,
212,0,0,detected,151.65270725112904,284.8000526158895,-1.8223060369491575,0.3913412094116211,2.7970783710479736,0.0,200.6170196533203,303.39984130859375,368.9825134277344,0,-1.8230711249177771,2.798236991229295,7.269750947885215e-06,-1.2072969666965841e-05
212,2,2,detected,1010.6670515549112,182.7242574326443,8.658648490905762,-0.0652661919593811,15.39399242401123,991.614990234375,147.5221405029297,1029.68408203125,217.7072906494141,0,8.715260147572847,15.42174184463439,0.012084826377215507,0.019682672750232062
212,12,0,detected,449.55055301712326,189.95769743705847,-5.467118740081787,0.1708474606275558,24.17813491821289,428.5362548828125,173.39932250976562,475.6075134277344,207.28042602539065,0,-6.6666853265305415,25.921433305669552,0.008607396181386902,-0.5805735108456
212,13,0,detected,411.6490250451374,184.04682966412483,-12.528000831604004,-0.0617142878472805,43.668670654296875,390.8403625488281,174.23565673828125,427.5631103515625,195.0691070556641,0,,,,
213,0,0,detected,151.69649052914315,284.8079936720559,-1.8246911764144895,0.3918534219264984,2.800739288330078,0.0,200.6573944091797,303.4595947265625,368.9673156738281,0,-1.8231593062192626,2.798372399446748,4.387128790729632e-06,-7.619037238571581e-06
213,2,2,detected,1010.6252937849074,182.69973549605356,8.689906120300293,-0.0655018091201782,15.449565887451172,991.5300903320312,147.62461853027344,1029.5924072265625,217.68081665039065,0,8.72514898591887,15.441902351307562,0.01201850753007669,0.019697102061311953
213,12,0,detected,452.911277372873,190.26982638483588,-5.072516441345215,0.1625806540250778,23.008224487304688,429.1156005859375,172.91845703125,483.97454833984375,208.0604705810547,0,-6.466855348286623,25.05953828846328,0.017590969114501004,-0.593789901100273
213,13,0,detected,408.28108797287,184.1904204177321,-12.154719352722168,-0.0587184466421604,41.548831939697266,386.8229370117187,174.06307983398438,424.0596008300781,194.9390563964844,0,,,,
214,0,0,detected,151.6464632092783,284.8278077713541,-1.8223060369491575,0.3913412094116211,2.7970783710479736,0.0,200.72349548339844,303.1927490234375,368.9875183105469,0,-1.8231051276324342,2.7982893256500954,5.8908313369660146e-06,-9.89777175105528e-06
214,2,2,detected,1010.5754821805356,182.6858685746909,8.329079627990723,-0.0627820119261741,14.808061599731444,991.3781127929688,147.6938018798828,1029.638916015625,217.6355743408203,0,8.713230966998779,15.423243574312815,0.011295624184424558,0.018538870724917354
214,12,0,detected,457.360527620989,190.51037933370915,-4.756500244140625,0.1574999988079071,22.289216995239254,431.1983947753906,172.6227569580078,492.39361572265625,208.4814910888672,0,-6.251466945997325,24.21142333777278,0.026619005514915733,-0.6053980183967639
214,13,0,detected,404.93816545516825,184.45986655872423,-11.86990737915039,0.0,39.99560546875,383.91510009765625,174.64422607421875,420.4874572753906,195.4850921630859,0,-11.86990737915039,39.99560546875,0.0,0.0
215,0,0,detected,151.66911059480603,284.85681153421075,-1.8234978914260864,0.3915971517562866,2.79890775680542,0.0,200.83139038085935,303.3703918457031,368.9701843261719,0,-1.8231226200190611,2.798316282717932,5.184657787515804e-06,-8.784755017166276e-06
215,2,2,detected,1010.5845661904764,182.718431742264,8.62761402130127,-0.0650322586297988,15.33881664276123,991.4456176757812,147.9408721923828,1029.6998291015625,217.6464385986328,0,8.718842152566557,15.435739666014246,0.011123954048999149,0.01835639893614563
215,12,0,detected,463.14648868950934,190.68385679170385,-4.420873165130615,0.1535025537014007,21.723501205444336,433.882080078125,172.3659210205078,503.2202453613281,208.76849365234375,0,-6.020338267540417,23.392610810422862,0.035700014440748856,-0.614874435980472
215,13,0,detected,401.644568788914,184.5833232402339,-11.928000450134276,-0.0560000017285347,39.625274658203125,380.2022705078125,173.95401000976562,417.869384765625,195.6887664794922,0,-11.876741933469843,39.952036657565074,-0.0034172344442955195,-0.02178413329079663
216,0,0,detected,151.69359771256185,284.8421482296121,-1.816370129585266,0.3900664746761322,2.7879672050476074,0.0,200.61282348632812,303.4200439453125,368.97601318359375,0,-1.822721669900501,2.797700984648415,1.7136782670448376e-05,-2.7101469325463506e-05
216,2,2,detected,1010.5719148908196,182.75291626927785,8.689906120300293,-0.0655018091201782,15.449565887451172,991.4376831054688,147.92132568359375,1029.6458740234375,217.73452758789065,0,8.727616374816092,15.453830211537973,0.011052992101350186,0.018348371114334943
216,12,0,detected,470.6127293842787,190.72237808384855,-3.982829570770264,0.1475121974945068,20.875755310058594,438.9516296386719,171.4882049560547,515.5001831054688,209.12728881835935,0,-5.76418712348044,22.568278858417493,0.04523537328205593,-0.6239342787708263
216,13,0,detected,398.25318276202506,184.761464351079,-12.26557159423828,0.0,39.99560546875,376.7486572265625,174.0401611328125,414.5206298828125,196.20416259765625,0,-11.968654057800789,39.94525827196204,-0.03951405756770363,-0.015663329922225525
217,0,0,detected,151.71786258452593,284.8443586176456,-1.831884503364563,0.3933981955051422,2.8117804527282715,0.0,200.69195556640625,303.465576171875,368.97515869140625,0,-1.8232429873561873,2.798501308754367,8.754519060982704e-07,-2.113197335016615e-06
217,2,2,detected,1010.5737375320296,182.7913227917471,8.785051345825195,-0.0662189796566963,15.618721961975098,991.4876098632812,148.0889434814453,1029.628173828125,217.6511077880859,0,8.741389917469895,15.48077816458699,0.011135152792534622,0.01860804605731613
217,12,0,detected,479.661572882009,190.7381777665602,-3.65217399597168,0.14608696103096,20.674057006835938,444.731689453125,170.8877716064453,529.881591796875,209.689208984375,0,-5.497591699292448,21.8082917693203,0.05457351718383912,-0.6296737096928471
217,13,0,detected,394.7750361480758,184.95423498374117,-12.320000648498535,0.0,39.625274658203125,373.2513427734375,174.0080108642578,411.0746765136719,196.66748046875,0,-12.107623127045189,39.832535866520544,-0.07031374363222276,-0.045721031442825286
218,0,0,detected,151.71969881097422,284.8396150474033,-1.8140065670013428,0.389558881521225,2.784339427947998,0.0,200.6381072998047,303.4281311035156,368.99212646484375,0,-1.8227003978791565,2.797668649575508,1.7235229817801928e-05,-2.719570798270205e-05
218,2,2,detected,1010.520632331544,182.84201871361105,8.5358304977417,-0.0643404275178909,15.175637245178224,991.3430786132812,148.18130493164062,1029.573486328125,217.7005157470703,0,8.739814776464224,15.480388361435399,0.010751301583064261,0.018034385421450718
218,12,0,detected,490.4124712722811,190.78667812791647,-3.2544002532958984,0.1440000087022781,20.37871360778809,451.97552490234375,170.36236572265625,546.2503051757812,210.4886474609375,0,-5.21479084794774,21.09520466059451,0.06397455364591112,-0.63310963645691
218,13,0,detected,391.5020487791637,185.16009659766777,-11.935433387756348,0.0,37.871944427490234,369.573974609375,173.95152282714844,408.7798767089844,197.17079162597656,0,-12.091532363390966,39.10454243184445,-0.049113164277245616,-0.21312630555086848
219,0,0,detected,151.68204249016392,284.8660276081124,-1.8282809257507324,0.3926242887973785,2.8062491416931152,0.0,200.84176635742188,303.2852783203125,368.9698486328125,0,-1.8230115013689376,2.798146340756836,7.319391107433068e-06,-1.194810950421268e-05
219,2,2,detected,1010.5385868903378,182.8111122069946,8.505667686462402,-0.0641130730509758,15.122013092041016,991.5172729492188,147.81068420410156,1029.5662841796875,217.66717529296875,0,8.736201478676369,15.47633545362792,0.010317490271760307,0.017367437934377183
219,12,0,detected,503.4187617137827,190.93605960679233,-2.9788658618927,0.1504477709531784,21.29119300842285,462.5798034667969,170.42823791503906,564.5789794921875,211.1844482421875,0,-4.930072878045608,20.546359341928348,0.07286314805157,-0.6297165959920378
219,13,0,detected,388.29514503652734,185.47108192266668,-12.20400047302246,0.0540000014007091,38.210086822509766,366.6306457519531,174.5824737548828,405.6130981445313,197.6255645751953,0,-12.163292464240719,38.64786731662283,-0.05369683341849199,-0.26241982300745686
220,0,0,detected,151.692709773626,284.85386782036255,-1.8223060369491575,0.3913412094116211,2.7970783710479736,0.0,200.64877319335935,303.39544677734375,368.9764404296875,0,-1.8229632320383409,2.7980724513331103,8.556080507702144e-06,-1.3818739050719195e-05
220,2,2,detected,1010.5332344517392,182.8171151894784,8.445979118347168,-0.0636631622910499,15.015893936157228,991.536865234375,147.94932556152344,1029.4949951171875,217.7007751464844,0,8.728890699475713,15.46566647553432,0.009785116005193842,0.016520852618860545
220,12,0,detected,518.206625390148,191.1207697505754,-2.3026790618896484,0.1664587259292602,19.630870819091797,474.55755615234375,170.6009979248047,584.0150756835938,211.53536987304688,0,-4.603923300883686,19.88830793211153,0.08284399152194658,-0.6308331395926592
220,13,0,detected,385.0312748687771,185.73436615639375,-12.310088157653809,0.0535221248865127,37.871944427490234,363.0176696777344,174.48272705078125,402.77154541015625,197.9815368652344,0,-12.24880636309878,38.209954897258434,-0.059174252497864295,-0.29263148716610743
221,0,0,detected,151.69226372432365,284.8698267533343,-1.8151875734329224,0.3898125290870666,2.7861521244049072,0.0,200.78594970703125,303.3745422363281,368.98974609375,0,-1.822499093827741,2.797360252169007,2.231467487307436e-05,-3.490984940456492e-05
221,2,2,detected,1010.4866763700708,182.79159846855583,8.596800804138184,-0.0648000016808509,15.284034729003906,991.3622436523438,147.83216857910156,1029.5076904296875,217.6397247314453,0,8.730354086796744,15.470560661815213,0.009533799542537838,0.016169775083994687
221,12,0,detected,534.924026985016,191.40179522270276,-1.806190013885498,0.164199098944664,19.36438751220703,488.3225402832031,170.79823303222656,605.605224609375,212.3060302734375,0,-4.258224119935071,19.26782606659571,0.09299101067866423,-0.6304335485608701
221,13,0,detected,381.52883358833566,186.02194615391707,-12.47065544128418,0.0535221248865127,37.871944427490234,358.488037109375,174.2994842529297,400.039306640625,198.81214904785156,0,-12.360082762180685,37.90278924727165,-0.06698189078968227,-0.2948094681825949
222,0,0,detected,151.6714130279591,284.86374718661585,-1.827082633972168,0.3923669755458832,2.804409980773926,0.0,200.68858337402344,303.29827880859375,368.9827270507813,0,-1.8227469372040301,2.797740894305737,1.4155893322142127e-05,-2.2360166493598872e-05
222,2,2,detected,1010.408343537356,182.81879905316717,8.5358304977417,-0.0643404275178909,15.175637245178224,991.3323974609376,147.9346466064453,1029.33349609375,217.8137054443359,0,8.727918827697279,15.468477451426697,0.00917233359913791,0.015618609889986847
222,12,0,detected,551.6507866449061,191.58310126230427,-1.3745454549789429,0.1649454534053802,19.452407836914062,505.3665466308594,170.67132568359375,620.3394775390625,212.34109497070312,0,-3.901162313411477,18.71451391983427,0.10298757365502936,-0.6275140702919959
222,13,0,detected,377.8088508754451,186.2697269186794,-12.464139938354492,0.0525913052260875,37.21330261230469,353.9075622558594,174.1127471923828,396.9845581054687,199.26502990722656,0,-12.438116117201725,37.49033373681425,-0.06844927477984966,-0.31043019637992897
223,0,0,detected,151.62441602979854,284.8336840787311,-1.8104727268218992,0.3887999951839447,2.7789154052734375,0.0,200.5325164794922,303.16241455078125,368.9849548339844,0,-1.8220136634153203,2.7966156298683837,3.587327602016793e-05,-5.566790960940344e-05
223,2,2,detected,1010.3774256945647,182.8716776061829,8.658648490905762,-0.0652661919593811,15.39399242401123,991.452392578125,148.1356964111328,1029.2445068359375,217.81591796875,0,8.732490078316612,15.478809486162106,0.009033380750740378,0.015458976870134733
223,12,0,detected,564.7302314151282,191.61844661905985,-1.0923700332641602,0.1598590463399887,18.852554321289062,523.8146362304688,170.3252716064453,619.9473876953125,212.1363067626953,0,-3.5477288259782536,18.157858618012728,0.11229395378502807,-0.6248810122197701
223,13,0,detected,374.09271802561045,186.5665048963425,-12.2484712600708,0.1016470715403556,35.96243667602539,349.8634948730469,174.18203735351562,393.8324890136719,199.97515869140625,0,-12.435035958754701,36.842488992730566,-0.059915625681205155,-0.35068463739792394
224,0,0,detected,151.66840962852635,284.8365025499333,-1.8116493225097656,0.3890526890754699,2.7807211875915527,0.0,200.68826293945312,303.4136047363281,368.9775695800781,0,-1.8213719701309017,2.795630932913581,5.416905867478122e-05,-8.372461499225252e-05
224,2,2,detected,1010.3687220941828,182.9857281490903,8.5358304977417,-0.0428936183452606,15.175637245178224,991.4691772460938,148.6551971435547,1029.253173828125,217.75840759277344,0,8.729458463946342,15.475574137678914,0.008669017531627736,0.01489448341864727
224,12,0,detected,576.3621871664916,191.43600535499516,-2.568328857421875,0.4142465889453888,58.62369537353515,542.9273681640625,169.34780883789062,620.3499755859375,211.8656311035156,0,,,,
224,13,0,detected,370.14917097649504,186.87495258579148,-11.854080200195312,0.0967679992318153,34.236236572265625,345.3253479003906,174.1367950439453,390.2955932617187,200.64157104492188,0,-12.329529461809726,35.909595788095224,-0.04198286133758758,-0.4137995876195298
225,0,0,detected,151.66451066178334,284.81133390799573,-1.827082633972168,0.3923669755458832,2.804409980773926,0.0,200.52340698242188,303.3177490234375,368.9791870117187,0,-1.8216559394502663,2.7960670574532407,4.395726970523068e-05,-6.802515522053838e-05
225,2,2,detected,1010.438788267278,183.1167423672508,8.47571849822998,-0.0425915494561195,15.068766593933104,991.5909423828124,148.8436279296875,1029.4088134765625,217.87049865722656,0,8.72273578678039,15.46572762249475,0.008204187898721958,0.014147402863453114
225,12,0,detected,587.8633436952533,191.36861467191045,-0.5125423669815063,0.1281355917453766,18.13360023498535,564.9774169921875,169.15640258789062,620.0823974609375,212.499755859375,0,-3.0512074126615607,17.026667600928654,0.12203288918302063,-0.6206345499181157
225,13,0,detected,366.0197441761273,187.25682109556513,-11.765250205993652,0.0945000052452087,33.4338264465332,340.4375915527344,174.1470489501953,386.8353271484375,201.6763610839844,0,-12.225345786472268,34.99866637966903,-0.02745157420757268,-0.4632222279266929
225,14,0,detected,468.30712890625,181.2807159423828,-7.846054077148437,-0.2179459482431411,38.5543212890625,455.1441650390625,170.71194458007812,481.4700927734375,191.8494873046875,0,-7.846054077148437,38.5543212890625,0.0,0.0
226,0,0,detected,151.681430080411,284.7959602195201,-1.8234978914260864,0.3915971517562866,2.79890775680542,0.0,200.5370330810547,303.3883056640625,368.98248291015625,0,-1.821722600880775,2.7961696446034914,4.061658184158392e-05,-6.287265878752172e-05
226,2,2,detected,1010.5492852591648,183.1950609395014,8.566206932067871,-0.0430462658405303,15.229643821716309,991.7175903320312,148.80953979492188,1029.564208984375,217.81466674804688,0,8.721277497495128,15.465194428354305,0.007912380815481509,0.013704105361505195
226,12,0,detected,600.1442048854476,191.6853155682862,-0.2419200241565704,0.207360029220581,24.454456329345703,590.2211303710938,170.49246215820312,619.8328857421875,213.4678649902344,0,-2.6762997150434154,16.406033176416827,0.1309350842767679,-0.6206345455033175
226,13,0,detected,361.702713331735,187.57969525762664,-12.241151809692385,0.1451520025730133,34.236236572265625,335.342041015625,173.8508758544922,383.2231140136719,202.28488159179688,0,-12.25016622242885,34.46784266958013,-0.027209840765390413,-0.4694330528324305
226,14,0,detected,466.8496964117872,181.59219244950216,-7.884000301361084,-0.2160000056028366,38.210086822509766,452.95269775390625,171.322509765625,479.9877624511719,192.61878967285156,0,-7.850518388058621,38.51382266985652,-0.0022321275534975607,-0.020249056489783653
227,0,0,detected,151.76011727428903,284.7940963818091,-1.8211156129837036,0.3910855948925018,2.7952513694763184,0.0,200.59747314453125,303.6502685546875,368.9779052734375,0,-1.8216487635798617,2.796056597996392,4.161984844303885e-05,-6.43879133639033e-05
227,2,2,detected,1010.6741133636788,183.17971723272385,8.689906120300293,-0.043667871505022,15.449565887451172,991.8326416015624,148.50018310546875,1029.7100830078125,217.697509765625,0,8.726885674948175,15.47717767648165,0.007842793812517911,0.013652141909929024
227,13,0,detected,357.2515336692635,187.99787331308804,-12.190500259399414,0.1417500078678131,33.4338264465332,329.9908142089844,174.31565856933594,379.7143859863281,203.02883911132812,0,-12.258920074742509,33.87846896567609,-0.025632631079940033,-0.47968292685267644
227,14,0,detected,465.889222127467,181.87782453589296,-7.664276123046875,-0.1564137935638427,36.89249801635742,451.5856018066406,171.66244506835938,478.72454833984375,193.10745239257812,0,-7.809474742758632,38.125949221987156,0.015419941624981979,-0.1702020385035098
227,12,0,predicted,607.4228412243293,191.87131156570507,-0.1581866116675464,0.2374725342866526,24.454456329345703,0.0,0.0,0.0,0.0,1,-2.3265512336060308,15.785398775756557,0.13851515574694273,-0.6206345404943546
228,0,0,detected,151.7557286947618,284.7796201332312,-1.8234978914260864,0.3915971517562866,2.79890775680542,0.0,200.5305023193359,303.4886474609375,368.9659423828125,0,-1.821718046240932,2.7961632225608053,3.8270589894161375e-05,-5.922333227666416e-05
228,2,2,detected,1010.7357157261014,183.1607440345175,8.271835327148438,-0.0415670126676559,14.70628833770752,991.8342895507812,148.482421875,1029.7080078125,217.6724853515625,0,8.707577299312769,15.444804006727907,0.007022827819099584,0.012262328898831278
228,13,0,detected,352.5557363426949,188.50264822970064,-11.566248893737791,0.1765839457511901,31.237443923950195,324.7397155761719,174.85232543945312,375.4280700683594,203.81202697753903,0,-12.14060180056007,32.96564458978286,-0.014126068692312053,-0.5143056275364164
228,14,0,detected,464.6117531617661,182.0500297968452,-7.6368818283081055,-0.1537627130746841,36.2672004699707,449.6112060546875,171.64376831054688,477.27093505859375,193.17771911621097,0,-7.743926484852082,37.41720673222469,0.030943909481264627,-0.33697972574304474
228,12,0,predicted,614.9049333339374,192.05895036335215,0.100394498800914,0.2439573313129071,24.454456329345703,0.0,0.0,0.0,0.0,2,-1.9834266879658453,15.164764401488828,0.14549714062157837,-0.6206345348502523
229,0,0,detected,151.8021613838319,284.7651830110076,-1.8104727268218992,0.3887999951839447,2.7789154052734375,0.0,200.5,303.67047119140625,368.97222900390625,0,-1.821022422013071,2.7950957958254588,5.8122684851145436e-05,-8.967109819397806e-05
229,2,2,detected,1010.6316811040112,183.11338725159104,8.159675598144531,-0.0615050867199897,14.506880760192873,991.7479248046876,148.12582397460938,1029.294921875,217.8301696777344,0,8.682050821468248,15.401323827682518,0.006039838040847395,0.01057909936294655
229,13,0,detected,347.64507626132996,189.042815048548,-11.371943473815918,0.1703661978244781,30.13753318786621,318.522216796875,175.01853942871094,371.7555236816406,204.7880096435547,0,-12.006287885378786,32.01257026190192,-0.0029738641683963,-0.5472700496364735
229,14,0,detected,463.1891357287482,182.27601274973853,-7.610400199890137,-0.151199996471405,35.66274642944336,447.7487487792969,171.5296173095703,475.9441223144531,194.04788208007812,0,-7.67643225657574,36.575175658881136,0.039912051982162855,-0.46090128388174134
229,12,0,predicted,622.5904812142719,192.24823196122745,0.3660070409003894,0.2504989035166209,24.454456329345703,0.0,0.0,0.0,0.0,3,-1.645466970010935,14.544130056315423,0.15197276799719486,-0.6206345285291051
230,0,0,detected,151.7860362356511,284.755372067711,-1.8187397718429563,0.3905753493309021,2.791604518890381,0.0,200.5037078857422,303.5252380371094,368.9718933105469,0,-1.8208338188340258,2.794806602260768,6.206319849707646e-05,-9.569668084337879e-05
230,2,2,detected,1010.5912915138006,183.1242282841129,8.132108688354492,-0.0408648662269115,14.457870483398438,991.8970947265624,148.44227600097656,1029.190185546875,217.7886657714844,0,8.655479328410761,15.355935635196392,0.005054975161544001,0.008889074181373656
230,13,0,detected,342.4291053950977,189.58085602571992,-11.546182632446287,0.2114685475826263,29.926782608032227,312.0999450683594,175.1969451904297,367.53314208984375,205.5736389160156,0,-11.925929816800702,31.188441159911967,0.0029354986139260696,-0.5669031065692107
230,14,0,detected,461.7989980087571,182.50291952211785,-7.535213470458984,-0.0991475507616996,35.0781135559082,446.24658203125,171.45338439941406,474.75146484375,194.6117401123047,0,-7.600306974995074,35.74388705609845,0.047241496407641456,-0.5358665189597716
230,12,0,predicted,630.4794848653328,192.43915635933095,0.6386510146308759,0.2570972508977938,24.454456329345703,0.0,0.0,0.0,0.0,4,-1.3114216819159716,13.923495743102347,0.15801884231010632,-0.6206345214880763
231,0,0,detected,151.8141992417121,284.7192370422931,-1.8234978914260864,0.3915971517562866,2.79890775680542,0.0,200.3130798339844,303.66094970703125,368.9866943359375,0,-1.8209316581559494,2.7949570734674936,5.723413940113402e-05,-8.826240605230201e-05
231,2,2,detected,1010.57937927915,183.01421991288012,8.329079627990723,-0.0627820119261741,14.808061599731444,991.6923828125,147.83905029296875,1029.4268798828125,217.68450927734375,0,8.641092704876343,15.332163278761719,0.0044678385186981764,0.00790280326810497
231,13,0,detected,337.0720866280463,190.0507889916003,-11.061473846435549,0.1989473700523376,28.154800415039062,305.6801452636719,175.28453063964844,363.3504638671875,206.02606201171875,0,-11.775483637545431,30.199179955165288,0.01284612885887515,-0.5952795937754093
231,14,0,detected,460.438771786317,182.76081163114048,-7.286173820495605,-0.0952441021800041,33.697086334228516,444.59857177734375,171.70449829101562,473.7825012207031,195.031005859375,0,-7.461853734949802,34.69165017114638,0.06294391704138837,-0.6247614832072023
231,12,0,predicted,638.57194428712,192.63172355766267,0.9183264199923734,0.2637523734564258,24.454456329345703,0.0,0.0,0.0,0.0,5,-0.980210969456392,13.302861464883236,0.16370010907911445,-0.6206345136833985
232,0,0,detected,151.8470470359027,284.6829433003304,-1.8234978914260864,0.3915971517562866,2.79890775680542,0.0,200.26861572265625,303.73199462890625,368.9680480957031,0,-1.8210283044864204,2.7951057169466114,5.258694670071672e-05,-8.110784445547891e-05
232,2,2,detected,1010.5958004996928,182.94168294372497,8.915200233459473,-0.0672000050544738,15.850110054016112,991.5478515625,147.90403747558594,1029.6558837890625,217.6609039306641,0,8.661376361061567,15.369986418492097,0.004945476470233001,0.008806306483724354
232,13,0,detected,330.6602308044035,190.6057533771772,-11.34000015258789,0.2387368530035019,28.154800415039062,296.1336975097656,175.23638916015625,358.55303955078125,207.47119140625,0,-11.693614416406971,29.367240355178872,0.01725447253179105,-0.6103945155582038
232,14,0,detected,459.0532542207375,183.08681424504405,-7.266976356506348,-0.0937674418091774,33.17464828491211,442.9805603027344,171.82583618164062,472.63189697265625,195.8832550048828,0,-7.356653638955969,33.78111834781284,0.06927611220964044,-0.6675848906197421
232,12,0,predicted,646.8678594796336,192.8259335562226,1.205033256984882,0.270464271192517,24.454456329345703,0.0,0.0,0.0,0.0,6,-0.6508954657498196,12.682227224862771,0.1690714953267752,-0.6206345050703734
233,0,0,detected,151.8746404601815,284.63884199747184,-1.827082633972168,0.3923669755458832,2.804409980773926,0.0,200.1475830078125,303.7749328613281,368.97906494140625,0,-1.8213339210279027,2.7955751116197374,4.1769196368853164e-05,-6.448266075761609e-05
233,2,2,detected,1010.4748574591224,182.90738534422772,8.18742847442627,-0.0617142878472805,14.55622386932373,991.2686157226562,147.80101013183594,1029.45556640625,217.8728790283203,0,8.638232166577628,15.33053957259215,0.004097168016209309,0.007349200389484903
233,12,0,detected,869.9970716765652,185.32917448688767,7.357090473175049,-0.0785454586148262,18.52610206604004,869.9928588867188,158.34603881835938,917.6001586914062,205.83822631835935,0,0.14815443135839512,12.061592879739095,0.18928974130692605,-0.6206345001320861
233,13,0,detected,324.58322665219447,191.1795878802245,-12.307469367980955,0.253762274980545,29.926782608032227,290.33087158203125,175.214599609375,353.2792663574219,208.6195831298828,0,-11.77489392939205,28.939505974600678,0.011254082988104106,-0.5992711254077581
233,14,0,detected,457.6599991156896,183.48458004901303,-7.147637367248535,-0.0458181835711002,32.42068099975586,441.5159912109375,172.0902862548828,471.3500671386719,196.73988342285156,0,-7.245723541932084,32.90700681628814,0.07480681738711968,-0.6950069480107519
234,0,0,detected,151.87936025453317,284.60850875143024,-1.8258860111236572,0.3921100199222564,2.8025734424591064,0.0,200.1567840576172,303.7425842285156,368.9763488769531,0,-1.8215616063828046,2.7959249009515172,3.363166582240948e-05,-5.197164181986553e-05
234,2,2,detected,1010.3060645599368,182.88982102581517,8.243507385253906,-0.0621369928121566,14.655923843383787,990.9873046875,147.85008239746094,1029.33349609375,217.8675537109375,0,8.61893628257316,15.297884121335912,0.0033906975762220512,0.006141168898400619
234,12,0,detected,900.9240765031489,184.1794655575135,7.5536208152771,-0.0510379746556282,18.05708694458008,870.0890502929688,159.3716278076172,947.4178466796876,206.7920837402344,0,0.9068666192408954,11.44095855363178,0.20738787292160238,-0.6206344948611766
234,13,0,detected,318.87805929596993,191.7201250042616,-11.188799858093262,0.26460000872612,26.747060775756836,284.747802734375,175.1886749267578,348.54974365234375,209.4772796630859,0,-11.677660235478351,28.101941602800423,0.01626005242269145,-0.6131452136371378
234,14,0,detected,456.36697532854623,183.8921800504464,-7.086089611053467,-0.0451343283057212,31.93678855895996,440.0015563964844,172.1986541748047,470.5281372070313,197.45657348632812,0,-7.1474073355271,32.13572649922649,0.07761154919263624,-0.7041065611027123
235,0,0,detected,151.82965334917233,284.6495868795966,-1.8258860111236572,0.3921100199222564,2.8025734424591064,0.0,200.53370666503903,303.550048828125,368.9772644042969,0,-1.82178359698732,2.7962659504375282,2.591187094581367e-05,-4.0102400204044454e-05
235,2,2,detected,1010.2656538864592,182.89652864424755,8.104727745056152,-0.061090912669897,14.409191131591797,991.1021728515624,148.03826904296875,1029.381103515625,217.79689025878903,0,8.591967001651506,15.251534096398132,0.0024738259509454893,0.004556069508291008
235,12,0,detected,922.0161302021878,183.7445721158684,8.046695709228516,-0.0519141666591167,18.36708068847656,869.8443603515625,160.33526611328125,975.737060546875,206.51991271972656,0,1.6518497455058307,10.820324269551374,0.22432229786709423,-0.6206344885977908
235,13,0,detected,312.4658127093782,192.45000603129495,-10.592740058898926,0.2796762883663177,24.737165451049805,276.6668395996094,175.45703125,342.93048095703125,211.38699340820312,0,-11.507973618403385,27.093747231360375,0.024822071941114715,-0.6351910608312731
235,14,0,detected,455.31020946417175,184.26678371739257,-6.8747053146362305,0.0,30.78798484802246,438.9432373046875,172.2146453857422,469.9798583984375,197.9862060546875,0,-7.019438911732072,31.265484446011868,0.08307054071680173,-0.7221166590379587
236,0,0,detected,151.7213505018418,284.6869889770499,-1.8258860111236572,0.3921100199222564,2.8025734424591064,0.0,200.58663940429688,303.2400817871094,368.9709167480469,0,-1.8219998336349255,2.796598168581508,1.8598984089268083e-05,-2.88583173152797e-05
236,2,2,detected,1010.6967760182353,182.81643074898153,8.264219284057617,-0.0621369928121566,14.655923843383787,992.4887084960938,148.0535430908203,1029.674072265625,217.26954650878903,0,8.57507155845509,15.220884597560701,0.0018888738950087827,0.0034929460906139866
236,12,0,detected,939.0747325619296,183.07539462724293,8.105826377868652,-0.0752863138914108,17.75738525390625,869.2584228515625,158.8174285888672,1002.6873779296876,205.83428955078125,0,2.351332072783787,10.1996900048419,0.23916766125809086,-0.6206344820701161
236,13,0,detected,305.28294191565305,193.0695168478588,-7.747438430786133,0.1999339014291763,17.68400764465332,267.59893798828125,175.38987731933594,336.7138977050781,212.08074951171875,0,-10.967410170937754,26.458555959716804,0.052471502647586654,-0.6351910721331393
236,14,0,detected,454.3526710719723,184.5755694238896,-6.918216228485107,0.0,30.78798484802246,437.857421875,172.1710968017578,469.3854064941406,198.28692626953125,0,-6.931991987052304,30.60234364512741,0.08350562314677303,-0.7162535172541947
237,0,0,detected,151.58934480135972,284.72742526840955,-1.827082633972168,0.3923669755458832,2.804409980773926,0.0,200.6612091064453,302.95001220703125,368.9776611328125,0,-1.8222804591482729,2.7970292077442878,9.562403024026127e-06,-1.4969411506478944e-05
237,2,2,detected,1010.0679328168084,182.7214721599118,8.27950382232666,-0.0625655204057693,14.756999015808104,989.3562622070312,148.19630432128906,1029.666259765625,216.90020751953125,0,8.559513002922005,15.19696150468544,0.0013619614538225237,0.002665043416569633
237,12,0,detected,956.4216620762812,182.6405362853592,8.216606140136719,-0.0722868517041206,17.04991912841797,874.5901489257812,158.29637145996094,1032.1220703125,206.4298095703125,0,3.012913585979302,9.57905575725103,0.25226643634175583,-0.6206344753614256
237,13,0,detected,297.70775572542914,193.8129997302175,-7.1496806144714355,0.2023494392633438,15.909032821655272,257.67645263671875,175.6969757080078,331.3137512207031,213.67967224121097,0,-10.414234040349337,25.823364622985256,0.07831401220116434,-0.6351910857630502
237,14,0,detected,453.8759606047586,184.9738856685105,-6.724699974060059,0.0,29.926782608032227,437.6531982421875,172.4044647216797,469.5934753417969,199.24490356445312,0,-6.820518678595894,29.89528398578422,0.0860751288871964,-0.7154088398911084
238,0,0,detected,151.56542632550878,284.8035909392922,-1.8234978914260864,0.3915971517562866,2.79890775680542,0.0,200.9436492919922,303.1056213378906,368.9797058105469,0,-1.8223428665790482,2.7971253033699,7.388913917814098e-06,-1.1615247191861486e-05
238,2,2,detected,1010.2907985484596,182.45932811969303,8.271835327148438,-0.0831340253353118,14.70628833770752,991.8927612304688,146.66830444335938,1029.1253662109375,217.25494384765625,0,8.543921235906115,15.17068796453919,0.0008499588244807796,0.0017911588656042473
238,12,0,detected,980.6677751534038,182.1705288573418,8.596965789794922,-0.0926896557211875,16.396665573120117,902.1619262695312,157.86056518554688,1064.41748046875,205.85398864746097,0,3.6595363883374215,8.95842152896433,0.2644119105527826,-0.6206344684234119
238,13,0,detected,289.5747947852362,194.614446169412,-8.113777160644531,0.2488888949155807,17.61123275756836,247.9029541015625,175.7925262451172,324.3868408203125,215.2951507568359,0,-10.050838177592729,25.188173313509225,0.09250710163102634,-0.635191096840603
238,14,0,detected,454.0048927357312,185.2890629572648,-6.5005717277526855,0.0,29.11244773864746,438.22796630859375,172.21405029296875,470.4439392089844,199.618408203125,0,-6.684759570318999,29.165550795555074,0.09032101654095659,-0.7166329685336912
239,0,0,detected,151.5868391442715,284.8564872470977,-1.827082633972168,0.3923669755458832,2.804409980773926,0.0,200.92913818359375,303.2291564941406,368.9841613769531,0,-1.8226139238959733,2.7975416549003866,-1.0201620800909236e-06,1.3093492272804935e-06
239,2,2,detected,1011.0403698632588,182.6030319776099,7.734461307525635,-0.0581538453698158,13.71644115447998,994.1434326171876,148.79815673828125,1029.2510986328125,217.12503051757812,0,8.49724216486222,15.087070424433229,-0.0005854178479196556,-0.0007880176438511475
239,12,0,detected,1003.3103915482592,182.11760300319244,7.830358028411865,-0.0600794740021228,14.170628547668455,927.65869140625,157.97291564941406,1080.2099609375,207.3789978027344,0,4.208785743775203,9.444307718965304,0.2731302379715459,-0.5901334049121275
239,13,0,detected,280.7675337378245,195.5033953432759,-9.467663764953612,0.3108785152435303,19.997802734375,236.5592041015625,175.87306213378906,317.52423095703125,217.21336364746097,0,-9.897512784027262,23.74101652369008,0.0954332421453917,-0.6738647062223426
239,14,0,detected,454.71137190820207,185.60190913656808,-6.330240249633789,0.0403200015425682,28.53019905090332,439.1725463867187,172.20098876953125,471.9895324707031,200.2068328857422,0,-6.54149217592161,28.46520690353997,0.09455322889761755,-0.7153309185406306
240,0,0,detected,151.62517953488214,284.9711215064044,-1.8211156129837036,0.3950359523296356,2.7952513694763184,0.0,201.40928649902344,303.3316650390625,368.9683837890625,0,-1.8225270002343499,2.7974085499029826,1.6357411375832363e-06,-2.749963646388908e-06
240,2,2,detected,1010.2972029750516,182.5944420209791,6.959583282470703,-0.0525913052260875,12.404434204101562,989.9191284179688,148.15594482421875,1029.320068359375,217.08963012695312,0,8.4064991293288,14.928970790692045,-0.003308177637349823,-0.005538545405844603
240,12,0,detected,1033.9839828694812,181.4471845955584,8.32329273223877,-0.0972347259521484,13.76054573059082,957.9552612304688,157.12533569335938,1123.9664306640625,204.3903961181641,0,4.758236461284248,9.673163213903216,0.28154076173351156,-0.5679229624710409
240,13,0,detected,272.01999485943116,196.5053112125875,-10.198588371276855,0.3557646870613098,20.978086471557617,224.99085998535156,176.30999755859375,312.35809326171875,219.08843994140625,0,-9.84962939095278,22.725186123411113,0.09321854587739668,-0.6895721488304354
240,14,0,detected,455.9406650158541,185.94111374214245,-5.895849227905273,0.0380377359688282,26.915281295776367,439.6024169921875,172.05821228027344,474.9538879394531,201.1129150390625,0,-6.342435395987726,27.591611176794814,0.10240451629484836,-0.7272212560627509
241,0,0,detected,151.73406323574406,285.13729122652,-1.8294804096221924,0.396850436925888,2.8080904483795166,0.0,201.92672729492188,303.6656188964844,368.9603271484375,0,-1.8229333152507126,2.7980325119654927,-1.068436962409863e-05,1.617673629465927e-05
241,2,2,detected,1009.571172989818,182.85122941829343,8.462925910949707,-0.0427420511841774,15.122013092041016,989.8800048828124,149.32644653320312,1028.0352783203125,217.50466918945312,0,8.406694727932543,14.935080515464914,-0.0032023636130324566,-0.005186786949170108
241,12,0,detected,1066.1904270385728,180.5231607194085,10.891125679016112,-0.1417500078678131,16.7169132232666,991.484375,155.46322631835938,1155.48779296875,203.33840942382812,0,5.455286111210015,9.10524045256572,0.2941246164558412,-0.5679229570930505
241,13,0,detected,262.6088266090081,197.6718591168321,-10.099019050598145,0.3993962109088897,20.186460494995117,211.71273803710935,176.97242736816406,306.2732849121094,221.2575836181641,0,-9.796213112740213,21.754644252058554,0.09142098028975999,-0.7020473197495829
241,14,0,detected,457.5349897381147,186.25816406369873,-5.8197736740112305,0.0380377359688282,26.915281295776367,439.9750061035156,171.88902282714844,478.37109375,201.7665252685547,0,-6.164404828102958,26.87354791660352,0.10776742772520083,-0.7265718301082601
242,0,0,detected,151.81989111209737,285.2618284490529,-1.8246911764144895,0.3958114981651306,2.800739288330078,0.0,201.97445678710935,303.7833557128906,368.9490051269531,0,-1.823046480921875,2.798206506818848,-1.3779304176267387e-05,2.094284226831812e-05
242,2,2,detected,1009.8546989451212,182.80538481318695,8.300358772277832,-0.0625655204057693,14.756999015808104,991.6423950195312,148.06272888183594,1028.671875,217.37847900390625,0,8.397443025305785,14.919752197370492,-0.003385053606722441,-0.005493045774486625
242,12,0,detected,1094.0956761333164,179.60219840533335,13.305601119995115,-0.1924363672733307,19.452407836914062,1008.1966552734376,154.34544372558594,1185.2088623046875,202.8408203125,0,6.279446400891969,8.537317799629417,0.3101053860538999,-0.5679229490752437
242,13,0,detected,251.4228786681916,199.0589863044641,-10.153982162475586,0.416146844625473,19.630870819091797,198.57159423828125,177.45054626464844,294.6093444824219,224.24598693847656,0,-9.755408033902555,20.850372446616426,0.08920101510358874,-0.7107452607282286
242,14,0,detected,459.95006238409184,186.59277872713776,-5.565644264221191,0.0742085948586463,26.254783630371097,441.4458923339844,171.78598022460938,483.1575012207031,202.57839965820312,0,-5.972568902785981,26.1654350374974,0.11341564106987545,-0.725331649822355
243,0,0,detected,151.9550140998476,285.3308237899484,-1.8231192827224731,0.3963302969932556,2.804409980773926,0.0,201.84136962890625,304.1279296875,368.96484375,0,-1.8230637222123212,2.7985900883010197,-1.3883856128878257e-05,3.189452576373482e-05
243,2,2,detected,1010.1303134872244,182.7671571579612,8.445979118347168,-0.0636631622910499,15.015893936157228,991.5634765625,147.74163818359375,1029.247314453125,217.66697692871097,0,8.397103425682088,14.920220742480202,-0.0032930809252374954,-0.005313014006119085
243,12,0,detected,1123.2434060526712,178.5515255056412,13.515965461730955,-0.2103652209043502,18.606651306152344,1038.88623046875,152.80577087402344,1213.593505859375,201.9652404785156,0,7.069790546095716,7.969395162902311,0.3245275768830694,-0.5679229409581852
243,13,0,detected,239.29914341950249,200.624994288455,-10.251766204833984,0.4610582888126373,19.19071578979492,182.83705139160156,178.52223205566406,285.318115234375,226.77047729492188,0,-9.73028061640919,20.012410894116943,0.08646790052337197,-0.7160563058992355
243,14,0,detected,462.9684164691457,187.06313243085228,-5.080320358276367,0.0691200047731399,24.454456329345703,442.6020812988281,172.10032653808594,488.9939575195313,203.79148864746097,0,-5.731958032546756,25.27913226933811,0.12153930324169673,-0.7356124991382398
244,0,0,detected,152.06888338332124,285.40047721756514,-1.8147945404052737,0.3945205807685852,2.791604518890381,0.0,201.9712677001953,304.3025817871094,368.963134765625,0,-1.8225917598162642,2.7982103709077197,7.886951142437969e-07,1.946385052939859e-05
244,2,2,detected,1010.3149028547024,182.6674357182605,8.566206932067871,-0.0645693987607956,15.229643821716309,991.510498046875,147.4712677001953,1029.4742431640625,217.49978637695312,0,8.403922329768271,14.933369125133114,-0.0029876990938817924,-0.004755503129211444
244,12,0,detected,1146.6606416597965,177.55461172448918,14.49340534210205,-0.2451891899108886,19.27716064453125,1064.12109375,151.87608337402344,1224.0,201.34451293945312,0,7.881124485488907,7.40147258912879,0.3390962683616911,-0.567922931551515
244,13,0,detected,226.4403756896344,202.12400832505617,-10.149219512939451,0.4672274887561798,18.36708068847656,166.93722534179688,178.2978973388672,275.15789794921875,229.3951110839844,0,-9.697575265404154,19.178266986971536,0.08423440007680366,-0.7208502495365552
244,14,0,detected,466.50031008597006,187.5322008379902,-4.914000034332275,0.1030909195542335,24.315509796142575,445.1206359863281,172.28396606445312,494.276123046875,204.46871948242188,0,-5.501688124146761,24.507920980792953,0.12816063275402934,-0.7377803461263089
245,0,0,detected,152.19010971556557,285.53404178658536,-1.8195422887802124,0.3955526947975158,2.79890775680542,0.0,202.90382385253903,304.5447082519531,368.5426635742187,0,-1.8224121495471624,2.7982695985230364,6.189104253374958e-06,2.0664715693341228e-05
245,2,2,detected,1010.3758694579828,182.71253619813965,8.753106117248535,-0.0659781843423843,15.56192684173584,991.36572265625,148.03553771972656,1029.5028076171875,217.63815307617188,0,8.421591377589948,14.965761581990037,-0.0023638656137260333,-0.003633677162155914
245,12,0,detected,1164.6636152574615,176.58824805954018,14.715001106262209,-0.270000010728836,19.105043411254883,1090.643310546875,151.1873016357422,1223.6824951171875,200.4227294921875,0,8.660949821534464,6.833550056805492,0.35224615206946697,-0.5679229214691175
245,13,0,detected,212.50567260124132,203.88179031267904,-10.063475608825684,0.4957377314567566,17.5390567779541,149.8149871826172,178.76846313476562,263.5257263183594,233.2226104736328,0,-9.659938908019114,18.346278414099864,0.08234648259458438,-0.7252451337658681
245,14,0,detected,471.0704864699579,187.84569208596216,-4.681220531463623,0.1025084853172302,24.17813491821289,447.7508544921875,172.1689453125,502.4509887695313,204.42019653320312,0,-5.269978183296207,23.831164903110913,0.1341895582832744,-0.7342273453705316
246,0,0,detected,152.208281644767,285.7092343881243,-1.8267104625701904,0.3971109688282013,2.809934139251709,0.0,203.41539001464844,304.3901062011719,368.5190124511719,0,-1.8226584425752903,2.798973239006428,-1.435852299858755e-06,4.12905734778003e-05
246,2,2,detected,1010.37883777275,182.69091383855593,8.658648490905762,-0.0652661919593811,15.39399242401123,991.3970336914062,147.83779907226562,1029.3692626953125,217.5082244873047,0,8.433270836270061,14.987459500136291,-0.0019397574338972541,-0.0028686890227267847
246,12,0,detected,1179.7008507716023,176.02258708548882,15.174487113952637,-0.2451891899108886,19.27716064453125,1115.54931640625,151.27154541015625,1224.0,200.982177734375,0,9.427168569797816,6.265627580414931,0.3645655767615056,-0.567922910388134
246,13,0,detected,196.98333134640035,205.6997329732043,-9.816370010375977,0.5117539167404175,16.45973014831543,128.04283142089844,179.17660522460938,252.5676727294922,236.3498992919922,0,-9.601671513389904,17.486655920660898,0.08139385619817212,-0.730429578398077
246,14,0,detected,476.25337366991147,188.08420073095925,-4.435200214385986,0.1008000075817108,23.775165557861328,451.5282287597656,172.01409912109375,509.8235168457031,204.66351318359375,0,-5.035205782397271,23.194310136502644,0.13980261664540083,-0.7287934368305653
247,0,0,detected,152.1659093183993,285.83375121912434,-1.825511813163757,0.396850436925888,2.8080904483795166,0.0,203.39129638671875,304.20147705078125,368.54632568359375,0,-1.8228271596870484,2.799546880867011,-6.487743497343376e-06,5.736757331632552e-05
247,2,2,detected,1010.412233307558,182.66521736060025,8.62761402130127,-0.0650322586297988,15.33881664276123,991.5730590820312,147.8151092529297,1029.31201171875,217.46762084960935,0,8.442844125544184,15.00536834591141,-0.0015920636186493612,-0.0022412265860400774
247,12,0,detected,1193.089119201309,175.377860120191,14.424101829528809,-0.2530544102191925,17.905982971191406,1140.346923828125,151.05178833007812,1223.783935546875,199.6502227783203,0,10.100071145349155,5.6977051087982415,0.37372109890488103,-0.5679228996186707
247,13,0,detected,179.1713692008217,207.74238217799592,-5.993636131286621,0.3397752642631531,9.616920471191406,102.87540435791016,179.73646545410156,239.35398864746097,240.45005798339844,0,-9.173504759460947,16.756226208522257,0.09480703470082895,-0.7304295834399182
247,14,0,detected,482.4729434564262,188.25481485758291,-4.08648681640625,0.0980756804347038,23.132593154907227,456.3606567382813,171.64068603515625,518.936767578125,205.0381622314453,0,-4.783726594832887,22.557611279194074,0.1457897135813806,-0.7238561507880302
248,0,0,detected,152.0414801702349,285.8341144025863,-1.8151875734329224,0.3937499821186065,2.7861521244049072,0.0,202.43353271484375,303.8194274902344,368.9782409667969,0,-1.8223851642223627,2.798815209288188,7.056441043497896e-06,3.3538605605752866e-05
248,2,2,detected,1010.4311809306702,182.6159985900778,8.689906120300293,-0.0655018091201782,15.449565887451172,991.5972290039062,147.66134643554688,1029.2965087890625,217.4333648681641,0,8.455836954755803,15.02931344845503,-0.0011516001266005478,-0.0014504208708947114
248,12,0,detected,1206.3527708769502,175.32941667654586,14.69159984588623,-0.2267999947071075,17.83137321472168,1167.2977294921875,151.3512420654297,1223.9842529296875,201.7016143798828,0,10.752054025612715,5.129782688487303,0.3819683142529846,-0.5679228880200752
248,13,0,detected,160.42062481480392,210.1004052939572,-6.639809608459473,0.3897279500961303,10.213674545288086,79.64717864990234,180.6070098876953,224.90597534179688,245.19386291503903,0,-8.844645994716156,15.336511431063428,0.10366878716559179,-0.755813845225756
248,14,0,detected,489.73423083659,188.3889873449523,-3.724295139312744,0.0954947471618652,22.523841857910156,461.9527587890625,171.22352600097656,529.2838745117188,205.5418701171875,0,-4.51644065391997,21.925522973851013,0.15206041139468285,-0.7191198026692286
249,0,0,detected,152.1742163294639,285.5094113790059,-1.815979242324829,0.3908303081989288,2.793426752090454,0.0,200.4890594482422,304.5464782714844,368.9711608886719,0,-1.8220027800511576,2.798530718800722,1.8391330928481304e-05,2.3934133405863045e-05
249,2,2,detected,1010.2996569718938,182.49663665919329,8.329079627990723,-0.0627820119261741,14.808061599731444,991.2234497070312,147.16531372070312,1029.1456298828125,217.4190673828125,0,8.44731790604084,15.014970374255972,-0.0013740969254551717,-0.0018397696857594711
249,12,0,detected,1218.865001394441,173.68650864022408,18.64538955688477,-0.4387150108814239,22.173728942871097,1191.8564453125,146.03790283203125,1224.0,197.2637634277344,0,11.625431190525475,4.561860497793786,0.39651080056106974,-0.5679228713825412
249,13,0,detected,138.65777807292508,212.03605064575237,-9.41232204437256,0.5445144772529602,13.76054573059082,48.48900604248047,180.56787109375,208.8142242431641,246.8990173339844,0,-8.803911144626978,14.487914584925464,0.10133364613173525,-0.7591569923139201
249,14,0,detected,497.76642701969234,188.46750335980536,-3.384373188018799,0.0940103679895401,22.173728942871097,468.6544494628906,170.81101989746094,539.464599609375,205.8518218994141,0,-4.238653751784413,21.33050276221886,0.1583198324111776,-0.7129413785066002
250,0,0,detected,152.03603525956856,285.42413262869223,-1.8223060369491575,0.3952941298484802,2.7970783710479736,0.0,201.71791076660156,303.7879638671875,368.6420593261719,0,-1.8220032551108072,2.798468061098195,1.7821566340744213e-05,2.1319061832016988e-05
250,2,2,detected,1010.2409242553348,182.5267764050464,8.445979118347168,-0.0636631622910499,15.015893936157228,991.3886108398438,147.8373565673828,1029.0054931640625,217.4424743652344,0,8.445945880190859,15.01329269000926,-0.0013740343790206505,-0.001834874808114452
250,13,0,detected,115.01544916545262,214.3804678876641,-9.87349329744285,0.6174273072395668,13.76054573059082,17.92902946472168,181.317138671875,190.6422576904297,252.18150329589844,0,-8.809890664925843,13.732201339071677,0.09742717856282401,-0.7590354061357235
250,14,0,detected,506.9607241937529,188.58207604661692,-3.102342128753662,0.0940103679895401,22.173728942871097,476.3927001953125,170.81285095214844,551.5687255859375,206.24464416503903,0,-3.9591116799923705,20.81044860238061,0.16415217815144942,-0.703661027360647
250,12,0,predicted,1243.6114953674298,172.9740395348094,19.79267500794777,-0.3768549636790224,22.173728942871097,0.0,0.0,0.0,0.0,1,12.52631052789687,3.9939383811588276,0.4114188058096752,-0.5679228536264503
251,0,0,detected,151.827639299662,285.40471677687,-1.8294804096221924,0.396850436925888,2.8080904483795166,0.0,201.6624755859375,303.2702331542969,368.95599365234375,0,-1.8224250539986275,2.799052534188447,4.545038722781393e-06,3.832630055514247e-05
251,2,2,detected,1010.2681722530914,182.37105085625356,8.215372085571289,-0.0619249157607555,14.60590362548828,991.4329833984376,146.73793029785156,1029.1707763671875,217.46693420410156,0,8.431128053377334,14.987669744821654,-0.0017800366017505474,-0.002553261457919566
251,13,0,detected,93.36442320269734,217.72397995306025,-10.24179339535065,0.7180268808910897,13.76054573059082,0.0,182.36178588867188,170.69386291503906,261.48291015625,0,-8.849606082970876,13.055125878623947,0.09252404816680682,-0.7561959737942328
251,14,0,detected,516.8442869815837,188.629775375327,-2.621793031692505,0.0893793106079101,21.0814266204834,484.149169921875,170.43466186523438,564.0556640625,206.4165954589844,0,-3.654271869044128,20.22366754357228,0.17070488823142183,-0.6982171903093417
251,12,0,predicted,1268.773505692165,172.2437068017047,20.5811715704025,-0.3997412451036485,22.173728942871097,0.0,0.0,0.0,0.0,2,13.430147296383522,3.4260163430934854,0.42596013012638745,-0.5679228347060633
252,0,0,detected,151.9168933887494,285.3286270330804,-1.8294804096221924,0.396850436925888,2.8080904483795166,0.1584314256906509,201.2909240722656,303.8314514160156,368.957763671875,0,-1.8228346098963824,2.799618734456589,-7.960799523379448e-06,5.426808158360481e-05
252,2,2,detected,1010.1871328829126,182.18045818069243,8.300358772277832,-0.0834206938743591,14.756999015808104,990.9364013671876,146.25137329101562,1029.3143310546875,217.47183227539065,0,8.421782107636467,14.971736108169104,-0.0020085268743970574,-0.0029573424706404593
252,13,0,detected,77.48958384514262,221.2468090319412,-10.437253286257596,0.786944307706184,13.76054573059082,0.2759928405284881,183.21469116210935,150.31600952148438,267.7177429199219,0,-8.904622900647512,12.445545970174662,0.08733801535748797,-0.7512051924584547
252,14,0,detected,528.1370255862411,188.67280946916912,-2.2205216884613037,0.087652176618576,20.674057006835938,494.4158935546875,170.20286560058594,578.0861206054688,206.7258453369141,0,-3.336833581003239,19.658888924581923,0.17733171945308845,-0.6921907853344725
252,12,0,predicted,1294.3510323686464,171.49551044090995,21.382689080339855,-0.4231873152273797,22.173728942871097,0.0,0.0,0.0,0.0,3,14.337601224153945,2.8580943882838197,0.4401693780027019,-0.5679228145747887
253,0,0,detected,151.85786145502436,285.4342733313397,-1.8294804096221924,0.396850436925888,2.8080904483795166,0.0,202.63400268554688,303.60516357421875,368.5873107910156,0,-1.8232319154386076,2.800166730741237,-1.9719000860350974e-05,6.917866077130197e-05
253,2,2,detected,1010.1027790025502,181.97971577641604,8.243507385253906,-0.0828493162989616,14.655923843383787,990.8661499023438,145.98056030273438,1029.2198486328125,217.34866333007812,0,8.40943462597584,14.950428081375998,-0.0023207630462449965,-0.003511525787494838
253,13,0,detected,62.439648694042795,225.10186814505963,-10.707945524910588,0.8681838799898022,13.76054573059082,0.0,184.44325256347656,122.7529525756836,274.84417724609375,0,-8.979986800034194,11.89459668327052,0.08170974152918377,-0.7444989130413102
253,14,0,detected,539.6711726580106,188.7884411185599,-1.9270588159561155,0.0889411717653274,20.978086471557617,503.7908020019531,170.33197021484375,591.2372436523438,207.16168212890625,0,-3.020626972146162,19.193346610506755,0.18342263971461908,-0.6822501994462465
253,12,0,predicted,1320.344075396874,170.72945045242517,22.197227537759836,-0.4471931740502168,22.173728942871097,0.0,0.0,0.0,0.0,4,15.249284602985098,2.290172521594018,0.4540780822465429,-0.5679227931851832
254,0,0,detected,151.8765608727205,285.40866867027614,-1.8294804096221924,0.396850436925888,2.8080904483795166,0.0,201.9959259033203,303.78485107421875,368.6184387207031,0,-1.8236169853921442,2.800696620089757,-3.075258995171186e-05,8.309211133543048e-05
254,2,2,detected,1010.0203715923616,182.06350552507564,8.39530086517334,-0.0634405687451362,14.963391304016112,990.880859375,147.1217498779297,1029.0533447265625,217.57403564453125,0,8.406420967479429,14.947882890500146,-0.002341688470482681,-0.003482342796360694
254,13,0,detected,47.091664863335915,228.0837550286728,-11.004841337314025,0.8840134548556353,13.76054573059082,0.0,185.6753845214844,92.21902465820312,275.2400207519531,0,-9.076062671624124,11.39511793876779,0.0756512736643441,-0.736416638428095
254,14,0,detected,552.2070933050938,188.8531995974492,-1.5120000839233398,0.0872307792305946,20.574663162231445,515.628662109375,170.1307830810547,605.2791748046875,207.26641845703125,0,-2.692196610248535,18.73689791637317,0.18960806919765408,-0.6726184414457179
254,12,0,predicted,1346.7526347768485,169.94552683625037,23.02478694266245,-0.4717588215721589,22.173728942871097,0.0,0.0,0.0,0.0,5,16.165766823745876,1.7222507480695166,0.4677150203879954,-0.567922770488952
255,0,0,detected,151.8171860245386,285.50290327049197,-1.8175541162490845,0.394263356924057,2.789784669876098,0.0,202.7054443359375,303.5295715332031,368.5943603515625,0,-1.8232903145154817,2.800134794233494,-1.9958411086477414e-05,6.361560644444479e-05
255,2,2,detected,1009.9923617086364,182.0437918353823,8.39530086517334,-0.0634405687451362,14.963391304016112,990.8106079101562,146.71450805664062,1029.1702880859375,217.49037170410156,0,8.403564378143423,14.94551445954507,-0.0023572384624654893,-0.003448702963789511
255,13,0,detected,30.729681173231285,230.96910071388524,-11.333571333381748,0.9314825948219824,13.76054573059082,0.0027431487105786,187.0565948486328,58.40840148925781,278.74072265625,0,-9.19366263773584,10.941248856129562,0.06915771538426269,-0.7272256880094414
255,14,0,detected,564.9271696454149,189.02515203007377,-1.1630769968032837,0.1163077056407928,20.574663162231445,527.0631103515625,170.20738220214844,618.5261840820312,208.01077270507812,0,-2.3600982616406685,18.33132105031881,0.19552765644836317,-0.6615245204313231
255,12,0,predicted,1373.5767105085686,169.14373959238554,23.865367295047683,-0.4968842577932061,22.173728942871097,0.0,0.0,0.0,0.0,6,17.08757836577081,1.1543290729401257,0.48110649190070554,-0.5679227464369481
256,0,0,detected,151.78290380041193,285.4550789962309,-1.8258860111236572,0.3960707485675812,2.8025734424591064,0.0,201.9320068359375,303.5123291015625,368.6765441894531,0,-1.8234613537255364,2.800337718185051,-2.452104692335317e-05,6.782271450931408e-05
256,2,2,detected,1009.9615308029792,182.092290707855,8.605936050415039,-0.0650322586297988,15.33881664276123,990.8638305664062,147.0941925048828,1029.0521240234375,217.48046875,0,8.413215583489636,14.96533735492238,-0.0019945838005842693,-0.002745905777905867
256,14,0,detected,574.8171353951044,189.0910994949135,-0.9504000544548036,0.0864000022411346,20.37871360778809,539.6360473632812,169.8875732421875,619.569091796875,207.9865264892578,0,-2.038879416108258,17.950224191754753,0.20062002899290024,-0.6501630070553402
256,12,0,predicted,1400.8163025920353,168.32408872083067,24.718968594915548,-0.5225694827133592,22.173728942871097,0.0,0.0,0.0,0.0,7,18.015214313254532,0.586407501623151,0.4942765617081742,-0.5679227209791726
256,13,0,predicted,15.693489141355682,233.0156749798932,-11.596340075295766,0.933758202991857,13.76054573059082,0.0,0.0,0.0,0.0,1,-9.32557962090153,10.528134435050406,0.0624895003288397,-0.7171385508336089
257,0,0,detected,151.64389884604245,285.5529516214437,-1.8538085222244265,0.4021276831626892,2.8454320430755615,0.0,202.4295196533203,303.058349609375,368.9829406738281,0,-1.825264459892409,2.8030465855807827,-7.823426553261739e-05,0.0001475821866471338
257,2,2,detected,1010.099727157639,182.1600079701372,8.785051345825195,-0.0662189796566963,15.618721961975098,991.2362060546876,147.1091766357422,1029.249267578125,217.65643310546875,0,8.433148144806458,15.001077056724556,-0.0013323846592792356,-0.001583646898780841
257,14,0,detected,583.592785243856,189.20315532744775,-0.7020000219345093,0.1080000028014183,19.105043411254883,554.1011962890625,169.66348266601562,619.8872680664062,208.64434814453125,0,-1.723675393767601,17.48208130948627,0.2051532462321232,-0.6429618549270055
257,12,0,predicted,1428.4714110272482,167.48657422158578,25.585590842266036,-0.5488144963326174,22.173728942871097,0.0,0.0,0.0,0.0,8,18.949137461059532,0.01848603972651888,0.507247274613183,-0.5679226940647751
257,13,0,predicted,0.3454158385615196,235.10799675131753,-11.894813216673152,0.974447469948617,13.76054573059082,0.0,0.0,0.0,0.0,2,-9.473484575820594,10.15170956842144,0.05559722493158654,-0.7063255609602241
258,0,0,detected,151.59288508966176,285.2681030070511,-1.8140065670013428,0.389558881521225,2.784339427947998,0.0,200.3073272705078,303.1256408691406,368.9665222167969,0,-1.8246777698184404,2.8020882366811146,-5.8153570429535906e-05,0.0001141831010218864
258,2,2,detected,1010.1792974522224,182.2617626515162,8.445979118347168,-0.0636631622910499,15.015893936157228,991.2779541015624,147.48159790039062,1029.2457275390625,217.59825134277344,0,8.43264651667153,15.000455389186442,-0.0013072958371691042,-0.0015545952399802952
258,14,0,detected,591.4872555450684,189.39696545398576,-2.128000020980835,0.4480000138282776,79.25054931640625,567.7153930664062,169.30587768554688,619.8536376953125,209.7399444580078,0,,,,
258,12,0,predicted,1456.5420358142076,166.63119609465085,26.465234037099155,-0.5756192986509815,22.173728942871097,0.0,0.0,0.0,0.0,9,19.88978106336695,-0.5494353069481019,0.5200388445961194,-0.5679226656420531
258,13,0,predicted,-15.314538735151206,237.24606602815817,-12.199351496053946,1.0160263861390235,13.76054573059082,0.0,0.0,0.0,0.0,3,-9.63656884731984,9.808537351212449,0.04851470136122901,-0.6949242978240256
259,0,0,detected,151.55938557055092,285.0494703401756,-1.8234978914260864,0.3915971517562866,2.79890775680542,0.0,200.21861267089844,303.0944519042969,368.97210693359375,0,-1.824663306211607,2.802009170227526,-5.5960533904751525e-05,0.0001083469704032966
259,2,2,detected,1010.1282697468588,182.34403763446352,8.387123107910156,-0.0632195174694061,14.911253929138184,991.1570434570312,147.6465606689453,1029.0279541015625,217.4836883544922,0,8.42874570999893,14.993759833600352,-0.0013856197848067329,-0.001709851823155156
259,14,0,detected,599.5526555057862,189.7331246242414,-1.3305600881576538,0.6048000454902649,85.5905990600586,583.767822265625,170.1860809326172,619.7130126953125,210.11932373046875,0,,,,
259,12,0,predicted,1485.028176952913,165.7579543400259,27.357898179414903,-0.6029838896684507,22.173728942871097,0.0,0.0,0.0,0.0,10,20.837551271087243,-1.117356532402176,0.5326698223486294,-0.5679226356584522
259,13,0,predicted,-31.286374579782496,239.42988281041508,-12.509954913438149,1.0584949515630775,13.76054573059082,0.0,0.0,0.0,0.0,4,-9.81411714916691,9.495686199029972,0.04127014644548268,-0.6830466536185148
260,0,0,detected,151.51201566217298,284.92402023477985,-1.827082633972168,0.3923669755458832,2.804409980773926,0.0,200.41070556640625,302.9789123535156,368.9700012207031,0,-1.8248578908327007,2.8022519824080123,-6.014697699816893e-05,0.00011240781553832048
260,2,2,detected,1010.2407722986152,182.4350323415118,8.753106117248535,-0.0659781843423843,15.56192684173584,991.2402954101562,147.775146484375,1029.4571533203125,217.5437469482422,0,8.446466831284104,15.02547632193837,-0.0008085968026373941,-0.0007003778507128314
260,14,0,detected,607.8921474079146,190.2744478055991,-0.0497777760028839,0.1493333280086517,17.61123275756836,600.1085815429688,171.4274444580078,620.0151977539062,210.7764587402344,0,-0.9890645287401125,15.784874365589092,0.20954466565513838,-0.6344231358483513
260,12,0,predicted,1513.9298344433653,164.8668489577109,28.26358326921327,-0.630908269385025,22.173728942871097,0.0,0.0,0.0,0.0,11,21.792829297622397,-1.685277630437178,0.5451572439224734,-0.5679226040605665
260,13,0,predicted,-47.570091695332344,241.65944709808832,-12.826623468825751,1.101853166220778,13.76054573059082,0.0,0.0,0.0,0.0,5,-10.005495779946358,9.210635162654759,0.03388711335519118,-0.6707842124361698
261,0,0,detected,151.538062976947,284.83349573426347,-1.8199270963668823,0.3908303081989288,2.793426752090454,0.0,200.40521240234375,303.1622314453125,368.970947265625,0,-1.8246252924969633,2.8018401501176773,-5.130607787921008e-05,9.657578104106204e-05
261,2,2,detected,1010.232234733024,182.56604076801537,8.47571849822998,-0.0638873279094696,15.068766593933104,991.3003540039062,148.14450073242188,1029.1558837890625,217.5681610107422,0,8.447421429143796,15.02735623191004,-0.0007553483800031399,-0.000622453190225291
261,12,0,predicted,1543.2470082855637,163.9578799477059,29.18228930649428,-0.659392437800705,22.173728942871097,0.0,0.0,0.0,0.0,12,22.755973347223435,-2.2531985946514705,0.557516762963312,-0.5679225707941379
261,13,0,predicted,-64.16569008180076,243.9347588911779,-13.149357162216765,1.1461010301121255,13.76054573059082,0.0,0.0,0.0,0.0,6,-10.210142482650767,8.95120003578602,0.026385263053391818,-0.6582123901235168
261,14,0,predicted,614.0778201287895,190.4510862152933,0.0517146321529709,0.135671473460144,17.61123275756836,0.0,0.0,0.0,0.0,1,-0.6897365241176938,15.4162452785959,0.21278341549140367,-0.6248351605946836
262,0,0,detected,151.49350487894364,284.77534068914565,-1.8140065670013428,0.389558881521225,2.784339427947998,0.0,200.4471893310547,302.9465026855469,368.9674377441406,0,-1.8240507443825473,2.800904550631039,-3.240530151462841e-05,6.540412134199107e-05
262,2,2,detected,1010.1812043095229,182.60492264894748,8.721391677856445,-0.065739132463932,15.505542755126951,991.1831665039062,147.91119384765625,1029.098388671875,217.46693420410156,0,8.462780200528748,15.054818495919793,-0.00026870248429926736,0.000225705730779095
262,12,0,predicted,1572.9796984795082,163.03104731001085,30.1140162912579,-0.6884363949154902,22.173728942871097,0.0,0.0,0.0,0.0,13,23.727320335645697,-2.8211194184371795,0.5697627686521493,-0.5679225358040566
262,13,0,predicted,-81.07316973918773,246.25581818968377,-13.478155993611178,1.1912385432371195,13.76054573059082,0.0,0.0,0.0,0.0,7,-10.427557685259506,8.71547500952703,0.0187810052891248,-0.6453936524331851
262,14,0,predicted,620.4127768296948,190.63027537629557,0.2093846590013343,0.140131292391839,17.61123275756836,0.0,0.0,0.0,0.0,2,-0.4056068307643243,15.084536708221401,0.21530597958100345,-0.6144711916203406
263,0,0,detected,151.49238961758354,284.7362477699022,-1.8234978914260864,0.3915971517562866,2.79890775680542,0.0,200.45492553710935,303.0234069824219,368.9722900390625,0,-1.8240488211706019,2.800848995861131,-3.136858153322045e-05,6.175116679056215e-05
263,2,2,detected,1010.2341783877672,182.64782331528963,8.18742847442627,-0.0617142878472805,14.55622386932373,991.35595703125,147.8803253173828,1029.216796875,217.5874481201172,0,8.446376413831265,15.025785709741385,-0.0007559814987254409,-0.0006579019411390958
263,12,0,predicted,1603.1279050251992,162.08635104462576,31.058764223504163,-0.7180401407293814,22.173728942871097,0.0,0.0,0.0,0.0,14,24.707187428931356,-3.3890400949770716,0.5819084911825803,-0.567922499034361
263,13,0,predicted,-98.29253066749328,248.62262499360597,-13.813019963009005,1.237265705595761,13.76054573059082,0.0,0.0,0.0,0.0,8,-10.657296906025115,8.501786100453362,0.011088032943467288,-0.6323800393747441
263,14,0,predicted,626.8970175106306,190.81201528860592,0.3707701980861211,0.1446545966867676,17.61123275756836,0.0,0.0,0.0,0.0,3,-0.1340178289411175,14.785167117227298,0.2172590695778129,-0.6035367790809179
264,0,0,detected,151.5358841584682,284.7372769775042,-1.8199270963668823,0.3908303081989288,2.793426752090454,0.0,200.6332550048828,303.1857604980469,368.9658203125,0,-1.823836588716545,2.800471770884599,-2.4011838333579813e-05,4.849410181391948e-05
264,2,2,detected,1010.2432343777712,182.63759470098725,8.271835327148438,-0.0623505227267742,14.70628833770752,991.3015747070312,147.85704040527344,1029.2060546875,217.3625946044922,0,8.435427010787217,15.006426158657353,-0.001063822491490447,-0.0012226929297722024
264,12,0,predicted,1633.6916279226364,161.12379115155065,32.01653310323304,-0.7482036752423776,22.173728942871097,0.0,0.0,0.0,0.0,15,25.695873422831422,-3.956960617241431,0.5939660963510602,-0.5679224604282377
264,13,0,predicted,-115.82377286671738,251.0351793029445,-14.153949070410231,1.2841825171880494,13.76054573059082,0.0,0.0,0.0,0.0,9,-10.898964144757864,8.308653601836374,0.003317768841773255,-0.6192151614819096
264,14,0,predicted,633.5305421715967,190.99630595222436,0.5358712494073314,0.1492413863449305,17.61123275756836,0.0,0.0,0.0,0.0,4,0.12716151835052397,14.514416692984291,0.21875682701726767,-0.5921881887565315
265,0,0,detected,151.5299321449031,284.7221032514406,-1.8211156129837036,0.3910855948925018,2.7952513694763184,0.0,200.5259246826172,303.0814514160156,368.9732360839844,0,-1.823699592426016,2.8002112162256236,-1.9149398231391374e-05,3.9160839582951865e-05
265,2,2,detected,1010.2497426152312,182.7629277346712,8.243507385253906,-0.0414246581494808,14.655923843383787,991.4173583984376,148.51243591308594,1029.0972900390625,217.50819396972656,0,8.423168479782998,14.98471633559566,-0.001401902313851404,-0.0018414059391426635
265,12,0,predicted,1664.67086717182,160.1433676307855,32.98732293044455,-0.7789269984544797,22.173728942871097,0.0,0.0,0.0,0.0,16,26.693659982526093,-4.524880977984936,0.605946770623013,-0.5679224199280214
265,13,0,predicted,-133.66689633686005,253.49348111769933,-14.500943315814864,1.3319889780139844,13.76054573059082,0.0,0.0,0.0,0.0,10,-11.152206111925299,7.689438512440527,-0.004520259559968528,-0.6192151593323296
265,14,0,predicted,640.3133508125933,191.18314736715087,0.7046878129649652,0.153891661366327,17.61123275756836,0.0,0.0,0.0,0.0,5,0.37966483133444984,14.269222720597586,0.21988914664232725,-0.5805452472850573
266,0,0,detected,151.51847526059117,284.709943180035,-1.8175541162490845,0.390320748090744,2.789784669876098,0.0,200.5151824951172,303.0484619140625,368.9723510742187,0,-1.8233571537388151,2.799636507661613,-8.229450254882342e-06,2.062200431242157e-05
266,2,2,detected,1010.284028758628,182.8139774572215,7.764851570129395,-0.0585290342569351,13.80493450164795,991.447021484375,148.28236389160156,1029.182861328125,217.50442504882812,0,8.383235017539102,14.913782372482272,-0.0025655541233043466,-0.003928007916391078
266,12,0,predicted,1696.0656227727495,159.14508048233031,33.97113370513868,-0.8102101103656869,22.173728942871097,0.0,0.0,0.0,0.0,17,27.700812759837603,-5.092801169743536,0.6178607978538448,-0.5679223774751949
266,13,0,predicted,-151.82190107792127,255.9975304378705,-14.854002699222905,1.3806850880735664,13.76054573059082,0.0,0.0,0.0,0.0,11,-11.416707172292568,7.070223437415456,-0.01241810514636824,-0.6192151568339576
266,14,0,predicted,647.2454434336204,191.37253953338544,0.8772198887590253,0.1586054217509571,17.61123275756836,0.0,0.0,0.0,0.0,6,0.6249208326587453,14.047032193909601,0.22072760249027606,-0.5687004752432848
267,0,0,detected,151.51607701096552,284.74904921193735,-1.8258860111236572,0.3921100199222564,2.8025734424591064,0.0,200.79920959472656,303.05938720703125,368.97320556640625,0,-1.8235132314229463,2.7998281869211383,-1.2694461893702056e-05,2.57879276068971e-05
267,2,2,detected,1010.3157346371252,182.83826800640432,7.94423770904541,-0.0598811917006969,14.123860359191896,991.4242553710938,148.1853790283203,1029.2598876953125,217.528564453125,0,8.355070419937062,14.863751570893442,-0.003338644366443838,-0.005320317391296223
267,12,0,predicted,1727.875894725426,158.12892970618512,34.96796542731545,-0.8420530109759992,22.173728942871097,0.0,0.0,0.0,0.0,18,28.717582402992154,-5.660721184831329,0.6297176286860316,-0.5679223330103894
267,13,0,predicted,-170.28878708990106,258.547327263458,-15.213127220634352,1.430270847366796,13.76054573059082,0.0,0.0,0.0,0.0,12,-11.692184900237294,6.451008378297949,-0.020369135644865526,-0.6192151539591584
267,14,0,predicted,654.3268200346779,191.5644824509281,1.053467476789509,0.1633826674988214,17.61123275756836,0.0,0.0,0.0,0.0,7,0.8641208789040169,13.845693541641863,0.22132974302168568,-0.556725695607197
268,0,0,detected,151.47954627167542,284.76664463175285,-1.8211156129837036,0.3910855948925018,2.7952513694763184,0.0,200.73553466796875,302.9264221191406,368.9700927734375,0,-1.8233845482180961,2.799584007572634,-8.424861189550535e-06,1.7634925094326444e-05
268,2,2,detected,1010.3217087017696,182.9081442837059,8.416448593139648,-0.0422937087714672,14.963391304016112,991.413818359375,148.48631286621094,1029.2337646484375,217.54644775390625,0,8.355527761005819,14.864587728438885,-0.0032240057360266396,-0.0051343911012096555
268,12,0,predicted,1760.1016830298483,157.09491530234988,35.977818096974836,-0.8744557002854173,22.173728942871097,0.0,0.0,0.0,0.0,19,29.74420547212639,-6.228641015337436,0.6415259435074165,-0.5679222864733842
268,13,0,predicted,-189.0675543727994,261.1428715944618,-15.578316880049202,1.4807462558936717,13.76054573059082,0.0,0.0,0.0,0.0,13,-11.978386160657351,5.831793336733228,-0.028367809405324868,-0.6192151506793682
268,14,0,predicted,661.5574806157658,191.7589761197788,1.233430577056416,0.1682233986099193,17.61123275756836,0.0,0.0,0.0,0.0,8,1.0982690982620882,13.663375653086263,0.2217422539835766,-0.5446768903846975
269,0,0,detected,151.47188166447046,284.7210189769111,-1.812827229499817,0.3893055915832519,2.78252911567688,0.0,200.37844848632812,302.9641418457031,368.9719848632813,0,-1.8227732360582576,2.798600248054091,1.029117557039574e-05,-1.260715272640302e-05
269,2,2,detected,1010.2143185093714,182.88456801547903,8.271835327148438,-0.0623505227267742,14.70628833770752,991.0877075195312,148.00942993164062,1029.1490478515625,217.58084106445312,0,8.347583854246674,14.850469379651429,-0.003366546584894192,-0.005405707788191949
269,14,0,detected,873.7392421710015,185.22874830129777,6.755225658416748,-0.0487741939723491,17.256168365478516,870.162353515625,159.20216369628906,908.2489624023438,207.2312469482422,0,1.779514940583817,13.468488489843963,0.2363559082415321,-0.5335524807714218
269,12,0,predicted,1792.7429876860172,156.0430372708246,37.000691714116854,-0.9074181782939406,22.173728942871097,0.0,0.0,0.0,0.0,20,30.780905272107518,-6.7965606531228815,0.653293709738406,-0.5679222378031067
269,13,0,predicted,-208.15820292661633,263.7841634308819,-15.949571677467464,1.5321113136541948,13.76054573059082,0.0,0.0,0.0,0.0,14,-12.27508364324413,5.212578314478355,-0.0364094857071525,-0.619215146965094
270,0,0,detected,151.52044912455125,284.73050842706965,-1.816370129585266,0.3900664746761322,2.7879672050476074,0.0,200.6320648193359,303.1576232910156,368.96966552734375,0,-1.8223879722947423,2.797964695902658,2.1615334808555286e-05,-3.142007022694777e-05
270,2,2,detected,1010.23113391638,182.8965339211561,7.739884376525879,-0.0583408400416374,13.76054573059082,991.0948486328124,147.9579620361328,1029.4034423828125,217.809326171875,0,8.308769969888743,14.78145080263088,-0.004437054964482001,-0.007326825085653834
270,14,0,detected,896.3352246123178,184.50525816082455,6.995276927947998,-0.0485783144831657,17.186866760253906,870.5357666015625,161.2519989013672,930.2425537109376,206.4348907470703,0,2.427290352970733,13.286248437405314,0.24929938970978416,-0.5225000006146108
270,12,0,predicted,1825.799808693932,154.9732956116093,38.036586278741495,-0.9409404450015696,22.173728942871097,0.0,0.0,0.0,0.0,21,31.827892612810228,-7.364480089817469,0.6650282341141601,-0.5679221869376326
270,13,0,predicted,-227.5607327513518,266.4712027727183,-16.326891612889124,1.5843660206483638,13.76054573059082,0.0,0.0,0.0,0.0,15,-12.582072789367594,4.593363313405636,-0.04449026405580565,-0.6192151427859145
271,0,0,detected,151.4978498940654,284.7456512016414,-1.830681562423706,0.3931398689746856,2.809934139251709,0.0,200.6833648681641,302.9820251464844,368.9650573730469,0,-1.8228540879354271,2.798637190227301,6.885876194661794e-06,-1.016187981477129e-05
271,2,2,detected,1010.1446932931524,182.92367991536804,7.617418766021728,-0.0574177242815494,13.542816162109377,990.8344116210938,148.0311279296875,1029.3104248046875,217.85092163085935,0,8.264041750817235,14.701901071443865,-0.005653846728875475,-0.00950796698461529
271,14,0,detected,913.328688415174,184.15915750118333,7.340516090393066,-0.0487741939723491,17.256168365478516,869.95703125,161.1278533935547,956.6307373046876,206.52264404296875,0,3.0536830405667783,13.126974894521904,0.26104613432940743,-0.5111852186707913
271,12,0,predicted,1859.2721460535936,153.88569032470397,39.08550179084877,-0.9750225004083038,22.173728942871097,0.0,0.0,0.0,0.0,22,32.88536650573959,-7.932399316816658,0.6767362105398484,-0.5679221338141858
271,13,0,predicted,-247.27514384700584,269.203989619971,-16.710276686314195,1.63751037687618,13.76054573059082,0.0,0.0,0.0,0.0,16,-12.899169060350681,3.9741483355060274,-0.052606847910199823,-0.619215138110479
272,0,0,detected,151.49800059944536,284.6732499298344,-1.827082633972168,0.3923669755458832,2.804409980773926,0.0,200.1722869873047,303.023193359375,368.9697265625,0,-1.8230956326365686,2.798966229222282,-6.167186449257789e-07,8.197486736394783e-08
272,2,2,detected,1010.280754271591,182.924710704136,7.665936470031738,-0.0577834472060203,13.62907600402832,991.0817260742188,148.2964324951172,1029.7293701171875,217.47711181640625,0,8.223637480794627,14.63002375706359,-0.006703308309944515,-0.01139153019726696
272,14,0,detected,927.3811846035547,183.7395145985637,7.488000869750977,-0.0480000041425228,16.982261657714844,869.100341796875,160.7604217529297,979.9744262695312,205.7396545410156,0,3.6453131026548276,12.961677881498552,0.2712517727849682,-0.5005071134258875
272,12,0,predicted,1893.1599997650012,152.7802214101086,40.14743825043866,-1.009664344514144,22.173728942871097,0.0,0.0,0.0,0.0,23,33.953514804783524,-8.50031832527844,0.688423764020689,-0.5679220783691382
272,13,0,predicted,-267.3014362135784,271.9825239726401,-17.099726897742674,1.6915443823376433,13.76054573059082,0.0,0.0,0.0,0.0,17,-13.226205503849801,3.354933382892543,-0.0607564290769777,-0.6192151329065084
273,0,0,detected,151.50639729554118,284.65287371393913,-1.8199270963668823,0.3908303081989288,2.793426752090454,0.0,200.34532165527344,303.0528564453125,368.9832458496094,0,-1.822910361703917,2.798641386639909,4.9970819855882984e-06,-9.730735506808568e-06
273,2,2,detected,1010.7137871129212,182.86374746061796,6.778517246246338,-0.0509662963449955,12.021151542663574,992.1338500976562,148.2667999267578,1030.036865234375,217.13693237304688,0,8.132563381617894,14.466275791464067,-0.009251303271750165,-0.015992716522746826
273,14,0,detected,941.3294751926868,183.35163655798456,7.701750755310059,-0.0708750039339065,16.7169132232666,871.751953125,159.6038360595703,1004.81689453125,206.26461791992188,0,4.210658825256784,12.791825099926701,0.28025717012433454,-0.4903822072787829
273,12,0,predicted,1927.4633698281552,151.6568888678232,41.222395657511186,-1.0448659773190891,22.173728942871097,0.0,0.0,0.0,0.0,24,35.03251479790152,-9.068237106120215,0.7000964911022014,-0.5679220205380103
273,13,0,predicted,-287.63960985106957,274.80680583072547,-17.495242247174552,1.746468037032754,13.76054573059082,0.0,0.0,0.0,0.0,18,-13.563030581686991,2.7357184578036575,-0.06893658965371989,-0.6192151271407946
274,0,0,detected,151.50698235739716,284.6252503286675,-1.8223060369491575,0.3913412094116211,2.7970783710479736,0.0,200.27146911621097,303.0382080078125,368.97418212890625,0,-1.8228702108721069,2.7985405475012204,6.0587240121887795e-06,-1.2482206125934135e-05
274,2,2,detected,1010.2065296038386,182.75980688800377,8.003520965576172,-0.0604800060391426,14.26509952545166,989.229248046875,148.19154357910156,1030.2510986328125,216.85073852539065,0,8.116285693614008,14.439421046099088,-0.009463499847191439,-0.016320751358980895
274,14,0,detected,959.7632889922668,183.0000828594088,8.12627124786377,-0.0700540542602539,16.52328109741211,890.9462280273438,158.64947509765625,1029.921142578125,206.7217559814453,0,4.7682458870495354,12.623513735977259,0.28868706282736417,-0.48059234064844225
274,12,0,predicted,1962.1822562430557,150.51569269784778,42.31037401206634,-1.0806273988231394,22.173728942871097,0.0,0.0,0.0,0.0,25,36.122533755692075,-9.63615565001567,0.7117594971985259,-0.5679219602554705
274,13,0,predicted,-308.2896647594793,277.6768351942272,-17.896822734609838,1.8022813409615115,13.76054573059082,0.0,0.0,0.0,0.0,19,-13.909506228024979,2.116503562606715,-0.07714521893000836,-0.6192151207792008
275,0,0,detected,151.53577354119744,284.64972088255644,-1.8151875734329224,0.3898125290870666,2.7861521244049072,0.0,200.5153045654297,303.14312744140625,368.9932861328125,0,-1.8224138800598242,2.7978021506714454,1.965692547874277e-05,-3.440480261156816e-05
275,2,2,detected,1010.195727992638,182.50211194535083,8.023680686950684,-0.0806400030851364,14.26509952545166,990.8734130859376,146.864501953125,1029.5081787109375,217.0725860595703,0,8.101945503084018,14.413832683337539,-0.009610775736864028,-0.01660063454638454
275,14,0,detected,981.2768818317542,182.54723547728184,8.554586410522461,-0.068988598883152,16.271976470947266,913.824462890625,158.88182067871094,1054.510498046875,205.2529754638672,0,5.3191790144866005,12.452508510324993,0.2966061473418729,-0.4712436911962325
275,12,0,predicted,1997.3166590097023,149.35663290018232,43.41137331410412,-1.1169486090262954,22.173728942871097,0.0,0.0,0.0,0.0,26,37.22372944201551,-10.204073947391661,0.7234174311366555,-0.5679218974553355
275,13,0,predicted,-329.2516009388076,280.59261206314517,-18.30446836004853,1.858984294123915,13.76054573059082,0.0,0.0,0.0,0.0,20,-14.265506111423047,1.49728869980133,-0.08538044308581996,-0.6192151137866614
276,0,0,detected,151.532514622583,284.7183042283045,-1.8282809257507324,0.3926242887973785,2.8062491416931152,0.0,200.83853149414065,303.0765380859375,368.9740295410156,0,-1.8227395094830408,2.7982652247439943,9.2292897017451e-06,-1.9380957804126655e-05
276,2,2,detected,1010.8762896210828,182.5813819631709,7.734461307525635,-0.0581538453698158,13.71644115447998,993.7091064453124,148.9364471435547,1029.2259521484375,216.5944061279297,0,8.071343552069967,14.357299924620845,-0.010244708503533638,-0.017806590301759503
276,14,0,detected,1005.2586394379264,182.3367285567123,7.770408630371094,-0.058718454092741,13.849611282348633,935.698486328125,157.81761169433594,1083.6375732421875,206.95497131347656,0,5.7747108913007095,12.11907466335873,0.3013772079440678,-0.4671065441113416
276,12,0,predicted,2032.8665781280952,148.17970947482684,44.52539356362453,-1.1538296079285568,22.173728942871097,0.0,0.0,0.0,0.0,27,38.336250591170426,-10.771991988425079,0.7350745172010009,-0.5679218320705702
276,13,0,predicted,-350.52541838905444,283.5541364374795,-18.718179123490632,1.916576896519966,13.76054573059082,0.0,0.0,0.0,0.0,21,-14.630914078209225,0.8780738720227984,-0.09364056587934841,-0.6192151061271818
277,0,0,detected,151.49326813090752,284.78583187281157,-1.8234978914260864,0.3915971517562866,2.79890775680542,0.0,200.95559692382812,302.93548583984375,368.9642333984375,0,-1.822775304665071,2.7982846684968665,7.869552212344118e-06,-1.8208452884223903e-05
277,2,2,detected,1010.383012717306,182.57211578469165,7.342679500579834,-0.0554862432181835,13.087246894836426,990.5526123046876,148.23292541503906,1029.285400390625,216.8971405029297,0,8.018959737180152,14.266042195280404,-0.011517308059266101,-0.020024824769064004
277,14,0,detected,1027.648692608317,181.59300056874048,5.719602108001709,-0.0684162899851799,9.682193756103516,959.0963745117188,157.78964233398438,1100.9388427734375,203.41392517089844,0,6.0501974386634,11.508908473957472,0.3006039669089849,-0.47137911135059296
277,12,0,predicted,2068.832013598235,146.9849224217813,45.65243476062757,-1.191270395529924,22.173728942871097,0.0,0.0,0.0,0.0,28,39.46023735552092,-11.339909763039737,0.7467345849250421,-0.5679217640332879
277,13,0,predicted,-372.1111171102198,286.56140831723013,-19.137955024936133,1.975059148149664,13.76054573059082,0.0,0.0,0.0,0.0,22,-15.00562275787541,0.25885908204549957,-0.10192401880566707,-0.6192150977638387
278,0,0,detected,151.49426124555274,284.77898839268966,-1.8211156129837036,0.3910855948925018,2.7952513694763184,0.0,200.6100311279297,303.0108947753906,368.9732666015625,0,-1.822670546981891,2.7980896089868112,1.0795570422482761e-05,-2.3549348704959162e-05
278,2,2,detected,1009.513998708368,182.8561865987492,7.279659748077393,-0.0367659591138362,13.007689476013184,988.5072631835938,149.30487060546875,1029.0115966796875,217.58009338378903,0,7.9647541139128215,14.173382622529862,-0.012806493704724241,-0.022218403817848387
278,14,0,detected,1049.5190466993042,180.88964123421383,8.252411842346191,-0.0942056104540824,13.331868171691896,978.9108276367188,156.88250732421875,1122.9134521484375,203.25987243652344,0,6.486904510658474,11.201741038141101,0.30465037435180775,-0.4664970232772915
278,12,0,predicted,2105.2129654201203,145.77227174104576,46.792496905113225,-1.2292709718303962,22.173728942871097,0.0,0.0,0.0,0.0,29,40.595821726939576,-11.907827260903241,0.7584010968441695,-0.5679216932747498
278,13,0,predicted,-394.0086971023038,289.6144277023971,-19.563796064385045,2.0344310490130093,13.76054573059082,0.0,0.0,0.0,0.0,23,-15.389532313947441,-0.36035566721369694,-0.11022931944540065,-0.6192150886587799
279,0,0,detected,151.46993725772086,284.7461673191339,-1.8234978914260864,0.3915971517562866,2.79890775680542,0.0,200.4356231689453,302.9173583984375,368.9765930175781,0,-1.8227089127690632,2.798115429641575,9.310899117209905e-06,-2.2058376301488645e-05
279,2,2,detected,1009.9020586903852,182.93433694798793,8.753106117248535,-0.0439854562282562,15.56192684173584,991.6080932617188,148.646728515625,1028.96484375,217.4810333251953,0,7.998939815636196,14.233913220805487,-0.011387331022134073,-0.019719373343085423
279,14,0,detected,1072.7962599831371,179.74760967077643,11.498666763305664,-0.1742222160100937,17.61123275756836,1003.8674926757812,155.00440979003906,1145.973388671875,201.28851318359375,0,7.1238294634427595,10.735244093199851,0.31449025821923704,-0.4664970209574705
279,12,0,predicted,2142.0094335937524,144.5417574326202,47.94557999708152,-1.2678313368299734,22.173728942871097,0.0,0.0,0.0,0.0,30,41.74312793496112,-12.475744471423871,0.7700771743955811,-0.5679216197253658
279,13,0,predicted,-416.2181583653063,292.7131945929804,-19.995702241837364,2.0946925991100014,13.76054573059082,0.0,0.0,0.0,0.0,24,-15.782549326085034,-0.9795703726920258,-0.11855503691823925,-0.6192150787732247
280,0,0,detected,151.45816030698978,284.76122711712435,-1.8223060369491575,0.3913412094116211,2.7970783710479736,0.0,200.6672210693359,302.9174499511719,368.9754333496094,0,-1.8226765172000592,2.7980338361194463,1.0008055354043218e-05,-2.3856335658384713e-05
280,2,2,detected,1009.927286789538,182.9306159886656,8.762978553771973,-0.0662189796566963,15.618721961975098,991.5111694335938,148.49208068847656,1028.432861328125,217.2774658203125,0,8.033035336064144,14.296577168022244,-0.010013750472237588,-0.017231386935201484
280,14,0,detected,1095.2986639054866,178.68236135025413,12.952354431152344,-0.214088499546051,18.935972213745117,1025.277587890625,154.2606201171875,1167.20556640625,200.49107360839844,0,7.82250624362067,10.268747176997948,0.32582915208867136,-0.46649701787126835
280,12,0,predicted,2179.2214181191307,143.29337949650457,49.11168403653244,-1.3069514905286568,22.173728942871097,0.0,0.0,0.0,0.0,31,42.90227282412663,-13.043661383747459,0.7817656221267142,-0.5679215433146937
280,13,0,predicted,-438.73950089922744,295.85770898898,-20.433673557293087,2.1558437984406393,13.76054573059082,0.0,0.0,0.0,0.0,25,-16.184585791095998,-1.5987850311774203,-0.12689976351736587,-0.6192150680674632
281,0,0,detected,151.45409922043666,284.75696131268217,-1.8175541162490845,0.390320748090744,2.789784669876098,0.0,200.57086181640625,302.9229431152344,368.9781799316406,0,-1.822366640191277,2.7975275217403626,1.9064087461887033e-05,-3.8426552021217583e-05
281,2,2,detected,1010.158216694954,182.9194916499268,8.132108688354492,-0.0612972974777221,14.457870483398438,991.5181884765624,148.1674346923828,1029.23681640625,217.55398559570312,0,8.029420122638218,14.289817240224394,-0.009820514872912686,-0.016915147642489407
281,14,0,detected,1119.2108548941785,177.5694515104137,13.96538257598877,-0.2474181950092315,19.452407836914062,1049.7476806640625,153.04415893554688,1192.088623046875,199.5404052734375,0,8.548670720722903,9.802250282822438,0.33761106716760325,-0.4664970142498092
281,12,0,predicted,2216.848918996255,142.0271379326989,50.290809023465975,-1.3466314329264448,22.173728942871097,0.0,0.0,0.0,0.0,32,44.07336621263364,-13.61157798675426,0.7934689503526873,-0.5679214639714395
281,13,0,predicted,-461.5727247040671,299.0479708903959,-20.877710010752217,2.217884647004925,13.76054573059082,0.0,0.0,0.0,0.0,26,-16.59555823216311,-2.217999639305107,-0.13526209173390527,-0.6192150565008568
282,0,0,detected,151.4594548769596,284.735403858554,-1.8211156129837036,0.3910855948925018,2.7952513694763184,0.0,200.4591827392578,302.9491882324219,368.9755859375,0,-1.8222753149347508,2.7973578407105437,2.1246372295558995e-05,-4.2390432760459066e-05
282,2,2,detected,1010.3022778071828,182.81149521656408,8.387123107910156,-0.0632195174694061,14.911253929138184,991.2735595703124,147.57188415527344,1029.58837890625,217.5481414794922,0,8.041156809718439,14.310344953034228,-0.009169488111404108,-0.015784369100157285
282,14,0,detected,1140.791738289644,176.3538259563224,14.256000518798828,-0.296999990940094,19.105043411254883,1070.0810546875,151.91566467285156,1209.9564208984375,198.0787048339844,0,9.251561813971438,9.335753401322629,0.3483359518248417,-0.466497010391214
282,12,0,predicted,2254.891936225126,140.74303274120325,51.482954957882136,-1.386871164023339,22.173728942871097,0.0,0.0,0.0,0.0,33,45.256511234088066,-14.179494269055835,0.8051893963851879,-0.5679213816234577
282,13,0,predicted,-484.71782977982537,302.28398029722814,-21.327811602214748,2.2808151448028573,13.76054573059082,0.0,0.0,0.0,0.0,27,-17.015386906928832,-2.8372141935541997,-0.14364059599041673,-0.6192150440318384
283,0,0,detected,151.48059338033474,284.7121633214911,-1.8294804096221924,0.3928819000720978,2.8080904483795166,0.0,200.41357421875,303.01678466796875,368.9715270996094,0,-1.8226779317764563,2.7979474610406996,8.44571769257443e-06,-2.3303729281074573e-05
283,2,2,detected,1010.3420980018824,182.82474031614507,8.948342323303223,-0.0674498155713081,15.909032821655272,991.4644775390624,148.14207458496094,1029.2784423828125,217.5275421142578,0,8.08573640056333,14.389258299916595,-0.007546267760542753,-0.012924488172957375
283,14,0,detected,1160.1044156266855,175.21076265329515,14.914751052856444,-0.3010316789150238,19.36438751220703,1090.1912841796875,151.52540588378906,1224.0,196.7318572998047,0,9.957507729244163,8.869256542049664,0.35881559210013725,-0.4664970060339586
283,12,0,predicted,2293.350469805743,139.44106392201755,52.68812183978094,-1.4276706838193385,22.173728942871097,0.0,0.0,0.0,0.0,34,46.45180466387474,-14.747410218991934,0.8169289444397934,-0.5679212961977511
283,13,0,predicted,-508.17481612650215,305.5657372094767,-21.78397833168069,2.3446352918344373,13.76054573059082,0.0,0.0,0.0,0.0,28,-17.443995106203793,-3.4564286902442944,-0.15203381849340675,-0.6192150306179115
284,0,0,detected,151.4780940996481,284.66792915375333,-1.8151875734329224,0.3898125290870666,2.7861521244049072,0.0,200.2523651123047,302.96722412109375,368.9633483886719,0,-1.8222306322216846,2.7972336651779766,2.1699088644939e-05,-4.415656822423081e-05
284,2,2,detected,1010.4087955716724,182.7728443478697,8.243507385253906,-0.0621369928121566,14.655923843383787,991.4473266601562,147.89230346679688,1029.470458984375,217.407958984375,0,8.087886866004801,14.392733312073357,-0.007253426747672201,-0.012429221656483936
284,14,0,detected,1174.998644756701,174.08762455691513,15.496260643005373,-0.3344516456127167,19.721336364746097,1112.2470703125,150.3816375732422,1223.9486083984375,195.9343719482422,0,10.661280258437854,8.402759708625998,0.36890931729967,-0.46649700110056985
284,12,0,predicted,2332.2245197381067,138.1212314751418,53.90630966916237,-1.4690299923144434,22.173728942871097,0.0,0.0,0.0,0.0,35,47.65933723142175,-15.315325824627358,0.8286893443155252,-0.5679212076204706
284,13,0,predicted,-531.9436837440975,308.89324162714155,-22.246210199150035,2.4093450880996627,13.76054573059082,0.0,0.0,0.0,0.0,29,-17.88130853599472,-4.075643125532063,-0.16044025869024625,-0.6192150162156513
285,0,0,detected,151.47442988092251,284.6414827136502,-1.827082633972168,0.3923669755458832,2.804409980773926,0.0,200.27210998535156,302.9572448730469,368.97222900390625,0,-1.8224948015201918,2.7976130275741253,1.306587304724856e-05,-3.136630986246018e-05
285,2,2,detected,1010.3920951315316,182.73247773352625,8.387123107910156,-0.0632195174694061,14.911253929138184,991.3975219726562,147.76889038085938,1029.3350830078125,217.51339721679688,0,8.098610682864956,14.411447232666541,-0.006710514600356347,-0.011488695920485263
285,14,0,detected,1186.8768166454586,173.22841253506766,15.323409080505373,-0.3525739908218384,19.19071578979492,1131.2037353515625,150.6907501220703,1223.975830078125,195.15911865234375,0,11.31333624787998,7.936262889210078,0.3771851663938038,-0.4664969959565664
285,12,0,predicted,2371.5140860222164,136.78353540057603,55.137518446026405,-1.510949089508654,22.173728942871097,0.0,0.0,0.0,0.0,36,48.87919391942495,-15.883241073748849,0.8404721289292344,-0.5679211158169154
285,13,0,predicted,-556.0244326326114,312.2664935502227,-22.714507204622784,2.474944533598536,13.76054573059082,0.0,0.0,0.0,0.0,30,-18.32725477631576,-4.69485749540785,-0.1688583658785599,-0.6192150007807041
