frame_idx,track_id,class_id,status,center_x_2d,center_y_2d,center_x_3d,center_y_3d,center_z_3d,box_x1,box_y1,box_x2,box_y2,lost_frames
0,0,0,detected,151.74899291992188,189.3350575764974,-0.8047651648521423,0.006982778199017048,1.235243320465088,0.0,199.1528778076172,303.49798583984375,368.852294921875,0
0,1,0,detected,1135.5956420898438,112.06205749511719,2.1344048976898193,-0.29791882634162903,2.8877484798431396,1069.852294921875,147.6220245361328,1201.3389892578125,188.56414794921875,0
0,2,2,detected,1009.7801208496094,119.49364725748698,1.0519264936447144,-0.17487947642803192,1.8749045133590698,990.2183227539062,144.36175537109375,1029.3419189453125,214.1191864013672,0
0,3,0,detected,464.5065002441406,120.73075866699219,-1.459546446800232,-0.6410170197486877,6.978152751922607,447.7159118652344,168.61473083496094,481.2970886230469,193.57754516601562,0
0,4,1,detected,960.5179443359375,145.02035522460938,1.4127470254898071,-0.1623847335577011,2.8725621700286865,927.6669311523438,142.87176513671875,993.3689575195312,292.1893005371094,0
0,5,1,detected,585.9057312011719,150.84583028157553,-0.4064421057701111,-0.5268693566322327,10.651705741882324,552.607421875,149.2969207763672,619.2040405273438,303.2405700683594,0
0,6,1,detected,126.29430389404297,157.92374674479166,-1.452479600906372,-0.08368195593357086,2.1147451400756836,106.40884399414062,177.17892456054688,146.1797637939453,296.5923156738281,0
1,0,0,detected,151.70659550005686,232.09801285702014,-0.15145523846149445,0.03252509608864784,0.23247037827968597,0.0,199.2737274169922,303.39111328125,368.8399353027344,0
1,1,0,detected,1124.1921163020302,137.5581443524556,1.501757025718689,-0.05015691742300987,2.087690591812134,1055.870849609375,147.6138153076172,1186.5751953125,189.46014404296875,0
1,2,2,detected,1010.3503431441958,146.5691146005219,0.9178836345672607,-0.013837442733347416,1.6318823099136353,990.6293334960938,144.12452697753906,1030.3682861328125,214.8094024658203,0
1,3,0,detected,464.3468501082869,147.96295221953986,-0.6578599810600281,-0.0177800003439188,3.1452560424804688,447.6577453613281,168.6453399658203,480.95281982421875,193.45712280273438,0
1,4,1,detected,973.6357932099088,177.17115034900263,0.31370264291763306,0.026643238961696625,0.6081483960151672,932.5043334960938,142.59718322753906,1021.59814453125,289.8742980957031,0
1,5,1,detected,590.6503438910446,187.6674067517665,-0.01742476038634777,0.03899827226996422,0.587126612663269,563.14306640625,152.8936767578125,620.6282958984375,311.92071533203125,0
1,6,1,detected,130.80916905770837,192.65337097394817,-0.5330749154090881,0.054304931312799454,0.7842010855674744,110.27485656738281,176.366455078125,153.69451904296875,293.33624267578125,0
2,0,0,detected,151.56841029860828,250.84629141994398,-0.15134257078170776,0.03250090032815933,0.23229745030403137,0.0,199.3873748779297,302.9250793457031,368.7250061035156,0
2,1,0,detected,1113.6719864948209,149.01604969465902,1.4473830461502075,-0.04697389155626297,2.0774033069610596,1041.217529296875,148.695556640625,1170.0306396484375,189.93301391601562,0
2,2,2,detected,1010.8068032839626,158.23295567930813,0.5488565564155579,-0.009629062376916409,0.9733526110649109,993.890869140625,145.5061492919922,1028.4208984375,212.27818298339844,0
2,3,0,detected,464.39755440066017,160.00323916883258,-0.6545804142951965,-0.017691362649202347,3.1295764446258545,447.8382263183594,168.7425537109375,481.03509521484375,193.92080688476562,0
2,4,1,detected,978.28133247111,191.13134647357623,0.3254193663597107,0.026456857100129128,0.624023973941803,939.6759643554688,141.24557495117188,1023.970458984375,290.47198486328125,0
2,5,1,detected,591.8750619694756,205.46773409935096,-0.018695903941988945,0.04860934615135193,0.6614556312561035,565.4575805664062,155.53013610839844,620.15625,318.4927673339844,0
2,6,1,detected,135.3605145718789,207.5131376301622,-0.5138462781906128,0.05203506723046303,0.7670772671699524,119.17652130126953,175.5398406982422,158.50930786132812,292.1246032714844,0
3,0,0,detected,151.74838865590422,261.8517210179974,-0.1566229611635208,0.033634867519140244,0.24040238559246063,0.0,200.84237670898438,303.8312072753906,368.7708740234375,0
3,1,0,detected,1101.489889014169,156.1289538485694,1.352652668952942,-0.04244726151227951,2.0023622512817383,1027.040283203125,150.45046997070312,1153.6214599609375,191.50962829589844,0
3,3,0,detected,464.5211144219868,167.2511568940601,-0.6543694734573364,-0.013264247216284275,3.128567934036255,447.8956604003906,170.03282165527344,481.3746643066406,194.71817016601562,0
3,4,1,detected,987.2515312184908,199.0895580496151,0.35874953866004944,0.02810048684477806,0.66279137134552,960.6582641601562,141.14857482910156,1030.3035888671875,290.2108459472656,0
3,5,1,detected,594.796693596054,215.9902908234421,-0.020700465887784958,0.0717616155743599,0.976502001285553,573.2908325195312,162.52455139160156,621.6654663085938,313.3870544433594,0
3,2,2,predicted,1010.8112268084786,158.33863008168709,0.5485968473821539,-0.03667485391804147,0.9733526110649109,0,0,0,0,1
3,6,1,predicted,135.40237665979254,207.64821966589832,-0.5166622351538904,0.024552115289266794,0.7670772671699524,0,0,0,0,1
4,0,0,detected,151.67044381466758,269.2761457647718,-0.15801775455474854,0.03427717089653015,0.24254325032234192,0.0,202.9604034423828,303.1891784667969,368.61773681640625,0
4,1,0,detected,1088.5535186557647,161.1821162222244,1.336156964302063,-0.03743543475866318,2.0376226902008057,1012.6976318359375,152.66062927246094,1140.0208740234375,192.25340270996094,0
4,2,2,detected,1012.0326797874004,167.82583918813975,0.3798372447490692,-0.0018991861725226045,0.6719265580177307,989.74462890625,145.57896423339844,1035.738037109375,220.85031127929688,0
4,3,0,detected,464.51896928898606,172.48202295033215,-0.6506789922714233,-0.004396480042487383,3.1109235286712646,447.8583679199219,171.7414093017578,481.17254638671875,196.55821228027344,0
4,4,1,detected,1001.9653108162347,204.63533156071307,0.36111050844192505,0.02777773141860962,0.6340439319610596,987.9926147460938,141.83958435058594,1043.888427734375,292.10821533203125,0
4,5,1,detected,599.8915084508112,222.56014181642968,-0.011292305774986744,0.07339999079704285,0.9987962245941162,589.87060546875,164.89598083496094,619.5993041992188,309.40557861328125,0
4,6,1,detected,168.78183205362015,214.92181079034057,-0.47744661569595337,0.04616818577051163,0.79678875207901,167.39743041992188,171.82058715820312,208.99005126953125,281.4418640136719,0
5,0,0,detected,151.63834548463282,274.46731928938624,-0.16080239415168762,0.03523002564907074,0.2468174397945404,0.0,203.58392333984375,303.2148742675781,368.6421203613281,0
5,1,0,detected,1072.8574395996552,165.1268353765538,1.15231192111969,-0.02842024900019169,1.8281821012496948,994.749755859375,154.8284454345703,1121.44775390625,193.3199005126953,0
5,2,2,detected,1010.3406720269536,173.03813354137944,0.6164424419403076,-0.0031133457086980343,1.1014926433563232,990.4515380859375,148.007080078125,1027.272705078125,218.36878967285156,0
5,3,0,detected,464.4835520499318,176.191222706172,-0.6519902348518372,-0.0044053397141397,3.1171927452087402,447.73822021484375,172.07191467285156,481.1575927734375,197.0373077392578,0
5,4,1,detected,1018.634808866361,208.4707686034856,0.36320921778678894,0.027541931718587875,0.609015941619873,992.1251831054688,140.92611694335938,1076.639892578125,293.2198181152344,0
5,6,1,detected,183.7061522442802,218.96432368431792,-0.4633346199989319,0.045665193349123,0.7881078720092773,175.21783447265625,172.0337677001953,217.1659393310547,281.4285583496094,0
5,7,2,detected,896.0797424316406,144.1169637044271,1.1122798919677734,-0.16057562828063965,2.77127742767334,869.1329345703125,159.96749877929688,923.0265502929688,272.3833923339844,0
5,5,1,predicted,600.0174342857351,222.85341074205803,-0.016913848851973345,0.053431534037876385,0.9987962245941162,0,0,0,0,1
6,0,0,detected,151.55281792839824,278.06959257001336,-0.16392138600349426,0.035557787865400314,0.251604825258255,0.0,203.12173461914062,302.94171142578125,368.6725158691406,0
6,1,0,detected,1055.4394622136624,167.9840315297772,0.39241263270378113,-0.010108989663422108,0.6502783894538879,976.5421142578125,155.43663024902344,1102.0123291015625,193.2069854736328,0
6,2,2,detected,1009.0099237063388,176.18508529223206,0.8740392327308655,-0.006638272665441036,1.5657343864440918,989.807861328125,147.94168090820312,1025.721435546875,217.3812255859375,0
6,3,0,detected,464.50718153893723,178.70124127406348,-0.6657962203025818,-0.0044986228458583355,3.183199405670166,447.837646484375,171.7967529296875,481.220703125,196.56614685058594,0
6,4,1,detected,1032.9199125273628,210.4215657612581,0.37701815366744995,0.02519245818257332,0.614690899848938,993.5471801757812,138.7843475341797,1098.630126953125,290.1668701171875,0
6,6,1,detected,194.80136406078356,221.0795471686877,-0.48194700479507446,0.04724970459938049,0.8358404040336609,182.18017578125,172.25599670410156,226.9864501953125,278.2655029296875,0
6,7,2,detected,906.0552911568965,174.82890115651145,0.5330261588096619,0.04862062633037567,1.2742100954055786,870.3375854492188,156.3267822265625,946.9675903320312,267.9636535644531,0
6,5,1,predicted,600.1437500261645,223.1472144557427,-0.016735549363183194,0.053846249193537504,0.9987962245941162,0,0,0,0,2
7,0,0,detected,151.650939394427,280.65668823744033,-0.16574719548225403,0.035953834652900696,0.25440725684165955,0.0,203.15408325195312,303.49517822265625,368.7074279785156,0
7,2,2,detected,1009.326999849348,178.1125287209068,0.8778852820396423,-0.008845191448926926,1.5647015571594238,990.9403686523438,146.66519165039062,1028.3779296875,217.2460479736328,0
7,3,0,detected,464.50357848988597,180.55357077564764,-0.6793118119239807,-0.004589944612234831,3.2478179931640625,447.8275451660156,171.97872924804688,481.17022705078125,196.77264404296875,0
7,4,1,detected,1044.074480557896,211.74288385656328,0.4025876224040985,0.026474017649888992,0.6459606885910034,1008.38037109375,137.57456970214844,1099.533935546875,290.8667297363281,0
7,6,1,detected,202.36765054950737,222.95783606041837,-0.4770641028881073,0.0484149195253849,0.8355637788772583,184.29864501953125,171.85618591308594,233.24435424804688,281.5986022949219,0
7,7,2,detected,914.3161601785232,188.27848063206227,0.3534124493598938,0.03098096139729023,0.8119239807128906,869.7614135742188,156.88134765625,971.5070190429688,267.3233947753906,0
7,1,0,predicted,1054.4530084632565,168.27111790457548,0.4066138876971051,-0.015373826498033514,0.6502783894538879,0,0,0,0,1
7,5,1,predicted,600.2704556720995,223.4415529574837,-0.016556699507890134,0.05426171922295175,0.9987962245941162,0,0,0,0,3
8,0,0,detected,151.62106812267766,282.42943840970895,-0.16473974287509918,0.03573530167341232,0.2528609037399292,0.0,202.6476287841797,303.1852111816406,368.6052551269531,0
8,2,2,detected,1009.9212087147339,179.3619892665166,0.878490149974823,-0.008829046040773392,1.5618454217910767,990.8822631835938,145.96273803710938,1030.1455078125,217.24473571777344,0
8,3,0,detected,464.47066412005415,181.85054266577805,-0.6778187155723572,-0.004579856060445309,3.2406795024871826,447.71502685546875,171.8364715576172,481.1607666015625,196.6685333251953,0
8,4,1,detected,1056.5689115324153,212.28688167211186,0.4397832751274109,0.026097029447555542,0.6839298605918884,1029.1893310546875,136.2030792236328,1105.851806640625,289.4450378417969,0
8,6,1,detected,201.19794493522622,224.64303149337246,-0.49579572677612305,0.05041990429162979,0.8494483828544617,178.34632873535156,177.5072479248047,219.86434936523438,278.4345703125,0
8,7,2,detected,924.052936565051,196.22877727220683,0.35592493414878845,0.03003116510808468,0.7870324850082397,865.2105712890625,156.48951721191406,1000.7323608398438,269.136474609375,0
8,8,1,detected,213.5102310180664,150.5198720296224,-1.4719421863555908,-0.12911772727966309,2.61037015914917,191.01467895507812,171.5139617919922,236.0057830810547,280.045654296875,0
8,1,0,predicted,1053.4619784164875,168.55900860825426,0.40570313204072245,-0.015109255219241075,0.6502783894538879,0,0,0,0,2
8,5,1,predicted,600.39755122354,223.73642624728103,-0.01637729928609433,0.05467794412611908,0.9987962245941162,0,0,0,0,4
9,0,0,detected,151.69265538750224,283.65076042427944,-0.16379836201667786,0.035531096160411835,0.2514159679412842,0.0,202.23927307128906,303.5242614746094,368.633544921875,0
9,2,2,detected,1010.7478557982713,180.1172494551148,0.815744936466217,-0.008177894167602062,1.4466575384140015,991.9834594726562,144.84889221191406,1031.1173095703125,217.4398956298828,0
9,3,0,detected,464.49936471533164,182.74985824559243,-0.6751925349235535,-0.00456211157143116,3.228123664855957,447.8583679199219,171.69500732421875,481.1944885253906,196.56932067871094,0
9,4,1,detected,1073.8875499261505,212.18175919519985,0.4328534007072449,0.023593686521053314,0.6421059966087341,1052.3179931640625,129.4573516845703,1126.0985107421875,292.7918395996094,0
9,6,1,detected,200.81198020992264,226.1950436062076,-0.46586358547210693,0.049631960690021515,0.7981655597686768,178.46005249023438,176.8350372314453,220.56365966796875,281.503173828125,0
9,7,2,detected,939.505675973663,200.49573039343898,0.7002950310707092,0.049143511801958084,1.4489026069641113,886.77734375,153.48345947265625,1021.5479736328125,266.3230285644531,0
9,8,1,detected,220.16321792039787,183.68960508430072,-0.4686194360256195,0.045543573796749115,0.8480623364448547,199.5320587158203,170.74139404296875,244.25880432128906,277.24310302734375,0
9,1,0,predicted,1052.4663720733552,168.84770364081356,0.40478817077239937,-0.014843944762983821,0.6502783894538879,0,0,0,0,3
9,5,1,predicted,600.525036680486,224.03183432513467,-0.016197348697795617,0.055094923903039494,0.9987962245941162,0,0,0,0,5
10,0,0,detected,151.73052296906997,284.5941825692737,-0.16159388422966003,0.03505290672183037,0.2480323165655136,0.0,202.64122009277344,303.5321350097656,368.680419921875,0
10,2,2,detected,1010.5153374199007,181.22961457339247,0.7308492064476013,-0.0036726093385368586,1.2993584871292114,990.0504150390625,145.58712768554688,1030.5211181640625,220.6094970703125,0
10,3,0,detected,464.4836023106467,183.4647636050632,-0.662785530090332,-0.004478280898183584,3.1688053607940674,447.757568359375,171.9722137451172,481.1773986816406,196.7583465576172,0
10,4,1,detected,1089.0199982822592,212.1485051992652,0.4372798800468445,0.023250054568052292,0.6327539682388306,1059.98876953125,132.24456787109375,1143.7540283203125,290.3307800292969,0
10,6,1,detected,204.52062297178588,227.57025362224195,-0.44722235202789307,0.049691375344991684,0.7813628315925598,185.0354461669922,177.8050079345703,229.29010009765625,282.3212890625,0
10,7,2,detected,957.5840847896695,202.5972796033468,0.4291979968547821,0.02608385495841503,0.8389447331428528,910.5438232421875,149.69735717773438,1038.766845703125,264.49505615234375,0
10,8,1,detected,224.15849177896735,198.2147762871971,-0.4497416317462921,0.044390082359313965,0.8265832662582397,204.451416015625,169.79757690429688,249.97146606445312,278.0902404785156,0
10,1,0,predicted,1051.4661894338597,169.1372030022534,0.40386900389213576,-0.014577895129261755,0.6502783894538879,0,0,0,0,4
10,5,1,predicted,600.6529120429375,224.32777719104465,-0.016016847742994157,0.05551265855371303,0.9987962245941162,0,0,0,0,6
11,0,0,detected,151.72829235217552,285.2521378666513,-0.1603373885154724,0.034780342131853104,0.2461036890745163,0.0,202.47378540039062,303.4493103027344,368.7231750488281,0
11,1,0,detected,972.2666854936069,173.79592557061153,1.0181077718734741,-0.02381538785994053,2.1064536571502686,890.082275390625,157.02061462402344,1018.9334716796875,198.1721649169922,0
11,2,2,detected,1004.5106728262839,187.66282993191905,0.48299893736839294,0.021271975710988045,0.8854073882102966,937.7435302734375,143.2479248046875,1059.8192138671875,261.37249755859375,0
11,3,0,detected,464.4812019495106,183.9017040558996,-0.6584025025367737,-0.004448665305972099,3.1478497982025146,447.7685546875,171.69314575195312,481.18792724609375,196.51759338378906,0
11,4,1,detected,1102.7903744281361,211.80546573527025,0.4492514431476593,0.022373078390955925,0.6332424283027649,1069.951416015625,132.4375762939453,1158.054931640625,287.99334716796875,0
11,6,1,detected,208.35432549676977,228.29531362506546,-0.4313579499721527,0.04733104631304741,0.761163055896759,189.00975036621094,175.95407104492188,233.07823181152344,282.37188720703125,0
11,8,1,detected,230.56827314194032,206.41129674967522,-0.43347713351249695,0.04380885884165764,0.8157603740692139,211.43763732910156,169.79684448242188,261.4602966308594,277.1963195800781,0
11,5,1,predicted,600.7811773108946,224.62425484501094,-0.015835796421689786,0.055931148078139654,0.9987962245941162,0,0,0,0,7
11,7,2,predicted,958.294628980757,202.84086228474112,0.41057721206446507,0.021152656970900095,0.8389447331428528,0,0,0,0,1
12,0,0,detected,151.63674607200926,285.6855700799387,-0.16010373830795288,0.03472966328263283,0.24574506282806396,0.0,202.291748046875,303.0963439941406,368.66510009765625,0
12,1,0,detected,949.1405509402881,175.96612494942784,0.9309426546096802,-0.020300930365920067,2.052117109298706,874.2673950195312,158.9906768798828,993.4118041992188,198.39950561523438,0
12,2,2,detected,1017.2200597335511,192.04589337456,0.3572711646556854,0.013708245940506458,0.6062421798706055,962.4012451171875,142.79393005371094,1096.496826171875,259.9984130859375,0
12,3,0,detected,464.48894890713154,184.19197814559757,-0.6559231877326965,-0.004431913606822491,3.135996103286743,447.7242431640625,171.62098693847656,481.2672119140625,196.44781494140625,0
12,4,1,detected,1115.813912297895,211.39985933414545,0.47870108485221863,0.02239537425339222,0.6602848172187805,1085.794921875,131.9222869873047,1166.2039794921875,287.476806640625,0
12,6,1,detected,212.57555497080406,228.5825064399017,-0.44235286116600037,0.047912273555994034,0.7884290218353271,192.78158569335938,174.40335083007812,238.3310089111328,282.3426513671875,0
12,8,1,detected,237.39333055576634,211.45430883710026,-0.42361339926719666,0.04247613996267319,0.8123207688331604,218.59307861328125,169.4524688720703,269.0802917480469,275.7903747558594,0
12,5,1,predicted,600.9098324843571,224.92126728703357,-0.01565419473388267,0.05635039247631942,0.9987962245941162,0,0,0,0,8
12,7,2,predicted,959.0079559257347,203.08493325759525,0.4114229537071276,0.021442034775792013,0.8389447331428528,0,0,0,0,2
13,0,0,detected,151.4839542848485,285.9432306728463,-0.16020311415195465,0.03475121781229973,0.24589760601520538,0.0,202.02108764648438,302.679443359375,368.6123046875,0
13,1,0,detected,933.0054258676685,177.12992310186766,0.9026997089385986,-0.020449507981538773,2.06713604927063,869.0587768554688,159.50367736816406,973.1240234375,197.683349609375,0
13,2,2,detected,1015.9912740565114,190.0881276882207,0.6446410417556763,-0.001603584736585617,1.1346871852874756,991.0645751953125,145.65902709960938,1038.234130859375,222.36184692382812,0
13,3,0,detected,464.46546689342006,184.44707865340848,-0.6647826433181763,-0.004491774365305901,3.1783535480499268,447.6589660644531,171.79244995117188,481.2258605957031,196.62060546875,0
13,4,1,detected,1132.7011429279098,209.5883786841034,0.49912500381469727,0.017759129405021667,0.6613819003105164,1109.81591796875,124.35057830810547,1182.677490234375,284.7877197265625,0
13,6,1,detected,217.21284694688262,227.857244640257,-0.45135825872421265,0.04605696722865105,0.8147410154342651,198.86447143554688,174.12115478515625,242.1306915283203,276.3357849121094,0
13,7,2,detected,1026.1739611277535,201.7883850591919,0.9112452268600464,0.028928419575095177,1.4621129035949707,987.0892333984375,144.74209594726562,1119.380859375,254.57382202148438,0
13,8,1,detected,245.1229680839426,215.02456833186562,-0.4214094281196594,0.043311525136232376,0.8282968401908875,230.37461853027344,170.07830810546875,274.39788818359375,275.9012756347656,0
13,5,1,predicted,601.0388775633253,225.21881451711252,-0.015472042679572645,0.056770391748252255,0.9987962245941162,0,0,0,0,9
14,0,0,detected,151.36559172252097,286.1282454175676,-0.1531428098678589,0.03321969881653786,0.2350606471300125,0.0,202.05416870117188,302.5165100097656,368.63128662109375,0
14,1,0,detected,921.0163835731216,177.78930351797504,0.8295040130615234,-0.01935509406030178,1.9565074443817139,869.6783447265625,159.87242126464844,955.964599609375,196.74688720703125,0
14,2,2,detected,1013.4763796847543,187.94755662212634,0.7060912251472473,-0.007096393965184689,1.2553417682647705,991.728759765625,146.38095092773438,1030.1805419921875,216.82395935058594,0
14,3,0,detected,464.47986870299695,184.57406352054608,-0.6348852515220642,-0.004289765376597643,3.0354130268096924,447.6966857910156,171.62278747558594,481.2900390625,196.44183349609375,0
14,4,1,detected,1149.1813601610017,207.80008164383992,0.46309903264045715,0.014340043067932129,0.5968782901763916,1123.630126953125,122.57491302490234,1200.198974609375,283.3907165527344,0
14,6,1,detected,224.7509305202764,228.11037326350535,-0.4039527177810669,0.04441365227103233,0.748258113861084,206.32937622070312,173.88711547851562,255.0196990966797,281.8802185058594,0
14,7,2,detected,1055.9506201625109,200.6166145398325,0.5635843276977539,0.015722308307886124,0.8557703495025635,1016.0377197265625,141.88784790039062,1140.6280517578125,254.2068328857422,0
14,8,1,detected,253.77495097120288,217.2871940553449,-0.38987860083580017,0.04109831526875496,0.7859710454940796,237.515625,167.02935791015625,286.0870056152344,277.1788024902344,0
14,5,1,predicted,601.168312547799,225.51689653524778,-0.015289340258759715,0.05719114589393818,0.9987962245941162,0,0,0,0,10
15,0,0,detected,151.21827339374488,286.2319801837579,-0.15694937109947205,0.03404541686177254,0.24090339243412018,0.0,201.88467407226562,302.1741027832031,368.663330078125,0
15,1,0,detected,910.2747607177453,178.19742074625293,0.7717832922935486,-0.018565233796834946,1.8766645193099976,870.3006591796875,160.14035034179688,936.6456298828125,196.18649291992188,0
15,2,2,detected,1011.9195461822208,186.37741970701273,0.7466234564781189,-0.007503753527998924,1.3274030685424805,991.552734375,146.5098419189453,1029.20458984375,216.63429260253906,0
15,3,0,detected,464.38512102656284,184.67219836731286,-0.6360187530517578,-0.004297424107789993,3.040832281112671,447.3898620605469,171.68850708007812,481.20050048828125,196.46310424804688,0
15,4,1,detected,1165.1263568304853,206.9499638382023,0.5007477402687073,0.016869163140654564,0.6282379627227783,1131.1602783203125,119.80398559570312,1222.6898193359375,289.2086486816406,0
15,6,1,detected,230.73895893880587,228.29718333861177,-0.4009791612625122,0.04467142000794411,0.7526008486747742,210.9238739013672,174.5932159423828,259.0852966308594,281.2422180175781,0
15,7,2,detected,1080.1706876428818,199.32331176501043,0.606362521648407,0.013668008148670197,0.8792184591293335,1033.9564208984375,139.2074432373047,1166.3658447265625,253.1394500732422,0
15,8,1,detected,261.4429889415392,219.1823013786509,-0.378770649433136,0.041840940713882446,0.7791159749031067,245.72950744628906,168.77490234375,290.98480224609375,277.3370056152344,0
15,5,1,predicted,601.2981374377782,225.81551334143938,-0.015106087471444036,0.057612654913377234,0.9987962245941162,0,0,0,0,11
16,0,0,detected,151.08942196842835,286.30565865752266,-0.15657995641231537,0.03389176353812218,0.23981615900993347,0.0,201.60887145996094,301.9600830078125,368.9994812011719,0
16,1,0,detected,900.16727856508,178.8566051394043,0.7009652853012085,-0.014914155006408691,1.7588615417480469,869.8117065429688,161.85691833496094,918.6327514648438,196.9291229248047,0
16,2,2,detected,1011.1030887768629,185.23036246923382,0.748528778553009,-0.007522901985794306,1.330790400505066,991.4334716796875,146.64549255371094,1029.18359375,216.50181579589844,0
16,3,0,detected,464.43727582778575,184.71845730529424,-0.633165717124939,-0.004278147127479315,3.0271918773651123,447.6142883300781,171.60342407226562,481.36279296875,196.4292755126953,0
16,4,1,detected,1174.8751684692127,206.2271116052054,0.5183863639831543,0.017340388149023056,0.645787239074707,1136.9141845703125,121.76405334472656,1223.9197998046875,286.5684509277344,0
16,6,1,detected,236.81471428669875,228.1225520058317,-0.40080127120018005,0.04429339990019798,0.764432966709137,219.50961303710938,174.0455780029297,262.5090026855469,279.75689697265625,0
16,7,2,detected,1106.4631385342648,197.7903454851646,0.6700219511985779,0.010387937538325787,0.9188054800033569,1060.1861572265625,135.63600158691406,1196.8681640625,252.26666259765625,0
16,8,1,detected,268.1533501615509,220.32756938070938,-0.3830542266368866,0.041808273643255234,0.7995484471321106,250.53672790527344,169.9660186767578,297.45233154296875,274.6443786621094,0
16,5,1,predicted,601.428352233263,226.1146649356873,-0.01492228431762545,0.05803491880656937,0.9987962245941162,0,0,0,0,12
17,0,0,detected,150.96057669224209,286.30347412533644,-0.15902835130691528,0.03442171961069107,0.24356609582901,0.0,201.29763793945312,301.7104187011719,369.01220703125,0
17,1,0,detected,891.151513870265,178.19547666122062,0.5722554326057434,-0.020885232836008072,1.4778269529342651,869.8735961914062,153.11038208007812,903.0962524414062,198.21902465820312,0
17,2,2,detected,1010.702297121046,184.49933093303986,0.7646509408950806,-0.007684934418648481,1.3594536781311035,991.3195190429688,147.14938354492188,1029.3304443359375,216.73150634765625,0
17,3,0,detected,464.3590938981525,184.76374332536315,-0.6455252170562744,-0.0043616569600999355,3.086282968521118,447.3592224121094,171.66363525390625,481.2135314941406,196.49803161621094,0
17,4,1,detected,1185.1850498472288,204.5296280021315,0.5648877620697021,0.014634398743510246,0.6903476715087891,1158.0333251953125,117.0631103515625,1224.0,283.45147705078125,0
17,6,1,detected,242.2579203486473,227.34159617201215,-0.40835875272750854,0.04339506849646568,0.7873358726501465,226.33981323242188,172.90492248535156,265.05743408203125,276.5724182128906,0
17,7,2,detected,1132.7473614974854,196.0498903668318,0.7616458535194397,0.008431503549218178,0.9943471550941467,1085.9449462890625,133.2522430419922,1222.7373046875,250.13485717773438,0
17,8,1,detected,275.18574045127855,221.17381648471024,-0.373113751411438,0.04170757904648781,0.7976227402687073,256.4632263183594,169.83206176757812,305.9336242675781,274.92926025390625,0
17,5,1,predicted,601.5589569342533,226.41435131799156,-0.014737930797304113,0.05845793757351464,0.9987962245941162,0,0,0,0,13
18,0,0,detected,150.95196420430457,286.2085042763525,-0.16152697801589966,0.03461292386054993,0.24739296734333038,0.0,200.76611328125,301.9263000488281,368.9975280761719,0
18,2,2,detected,1010.578723628217,183.99151615125865,0.7622227072715759,-0.005745397415012121,1.3551366329193115,991.53466796875,147.42495727539062,1029.4146728515625,216.6638641357422,0
18,3,0,detected,464.33402167287966,184.78435718211261,-0.6566371321678162,-0.0044367373920977116,3.1394095420837402,447.3818359375,171.66119384765625,481.24542236328125,196.47128295898438,0
18,6,1,detected,250.27039534268897,227.12172925426535,-0.39535489678382874,0.0442974679172039,0.78361576795578,235.01541137695312,172.4947967529297,276.92266845703125,279.3428039550781,0
18,7,2,detected,1152.4633907017587,194.27066256038484,0.7908779382705688,0.0057000210508704185,1.008325457572937,1110.4501953125,131.57728576660156,1223.9716796875,248.16122436523438,0
18,8,1,detected,283.2972853224569,221.55129511163594,-0.37428104877471924,0.041845083236694336,0.8224815726280212,268.0323486328125,168.01535034179688,312.3526611328125,275.1653747558594,0
18,9,2,detected,1201.2213745117188,120.75106048583984,2.000605821609497,-0.22077994048595428,2.4034245014190674,1178.560302734375,122.2588119506836,1223.8824462890625,239.99436950683594,0
18,1,0,predicted,886.9075964425933,178.59812754984713,0.5741509101191542,-0.013370459533625728,1.4778269529342651,0,0,0,0,1
18,4,1,predicted,1189.5368498127393,204.59537892634327,0.5634602683932791,0.019117771398804065,0.6903476715087891,0,0,0,0,1
18,5,1,predicted,601.6899515407491,226.71457248835213,-0.01455302691047987,0.05888171121421299,0.9987962245941162,0,0,0,0,14
19,0,0,detected,150.7868039962758,286.0532875661049,-0.162110835313797,0.03473803400993347,0.24828718602657318,0.0,200.27610778808594,301.3040771484375,368.9928283691406,0
19,2,2,detected,1010.4408109950742,183.6650946011211,0.7457520365715027,-0.00562124652788043,1.3258538246154785,991.388427734375,147.7083740234375,1029.2677001953125,216.7173309326172,0
19,3,0,detected,464.3009103115632,184.76146057165442,-0.6698225140571594,-0.009051656350493431,3.2024495601654053,447.23712158203125,171.52508544921875,481.3106384277344,196.41017150878906,0
19,6,1,detected,259.43504951771433,226.65485311550188,-0.3847452998161316,0.04324226826429367,0.7845634818077087,241.8752899169922,172.11781311035156,290.06219482421875,277.7312927246094,0
19,7,2,detected,1168.3388089078937,192.0313818827027,0.8151686787605286,0.0014402273809537292,1.0190964937210083,1134.3162841796875,129.4140167236328,1223.6229248046875,243.86331176757812,0
19,8,1,detected,292.21238069073155,221.09861161556134,-0.372957706451416,0.04051297903060913,0.8431396484375,278.6512451171875,166.4700164794922,320.73443603515625,271.7861633300781,0
19,1,0,predicted,882.6113664956372,179.00254014554162,0.5651781339352806,-0.012525834420000968,1.4778269529342651,0,0,0,0,2
19,4,1,predicted,1193.9455768998662,204.65745853934646,0.567761539469905,0.019178337915755964,0.6903476715087891,0,0,0,0,2
19,5,1,predicted,601.8213360527504,227.01532844676905,-0.014367572657152883,0.059306239728664466,0.9987962245941162,0,0,0,0,15
19,9,2,predicted,1201.2213745117188,120.75106048583984,2.0013576743001122,-0.2182288588374195,2.4034245014190674,0,0,0,0,1
20,0,0,detected,150.6428582299784,285.9242297341009,-0.1636367291212082,0.03506501391530037,0.25062423944473267,0.0,200.24710083007812,301.0670471191406,368.99334716796875,0
20,2,2,detected,1010.3003050619814,183.4078478605926,0.7495537400245667,-0.005649902857840061,1.3326127529144287,991.2572021484375,147.78237915039062,1029.1236572265625,216.56683349609375,0
20,3,0,detected,464.27515761454714,184.72408454727616,-0.6781740784645081,-0.009164514020085335,3.2423784732818604,447.103759765625,171.4899444580078,481.40850830078125,196.3636016845703,0
20,6,1,detected,265.95619265271796,226.95991395434794,-0.37520331144332886,0.045943256467580795,0.7740281820297241,247.021728515625,173.8931884765625,292.476806640625,280.2632751464844,0
20,7,2,detected,1181.1576373332523,189.77787870243137,1.1146644353866577,-0.0019351813243702054,1.3693230152130127,1153.2503662109375,125.683837890625,1223.78662109375,243.32066345214844,0
20,8,1,detected,300.0498469239786,221.05088542025717,-0.35690438747406006,0.04082239419221878,0.8253054022789001,283.1224060058594,167.28692626953125,329.4693603515625,272.91998291015625,0
20,1,0,predicted,878.2628240293965,179.40871444830407,0.5560961018379781,-0.011677529940183609,1.4778269529342651,0,0,0,0,3
20,4,1,predicted,1198.4112311086096,204.71586684114106,0.5721183501562294,0.01923532260412044,0.6903476715087891,0,0,0,0,3
20,5,1,predicted,601.9531104702573,227.31661919324227,-0.014181568037322982,0.05973152311686903,0.9987962245941162,0,0,0,0,16
20,9,2,predicted,1201.2213745117188,120.75106048583984,2.0013576743001122,-0.2182288588374195,2.4034245014190674,0,0,0,0,2
21,0,0,detected,150.55280094662768,285.76069739188296,-0.16172334551811218,0.03465500473976135,0.247693732380867,0.0,199.85491943359375,300.99676513671875,369.0068054199219,0
21,2,2,detected,1010.1876055976726,183.2401284145008,0.756566047668457,-0.005702759139239788,1.345079779624939,991.1135864257812,147.82933044433594,1029.104248046875,216.70314025878906,0
21,3,0,detected,464.21469224083734,184.66073214213046,-0.6760345101356506,-0.009135602042078972,3.232149362564087,446.96881103515625,171.3906707763672,481.3600769042969,196.28103637695312,0
21,6,1,detected,270.86025811503305,226.83395845439074,-0.38182932138442993,0.04492110013961792,0.7946476936340332,253.1747589111328,172.8377685546875,292.7607421875,279.08544921875,0
21,7,2,detected,1193.552085224707,186.70730777323155,1.899499535560608,-0.019382648169994354,2.285841464996338,1176.4234619140625,117.13848876953125,1224.0,242.22445678710938,0
21,8,1,detected,309.3506804977788,221.61191838600266,-0.3423171937465668,0.04278964921832085,0.8183164000511169,290.44512939453125,169.7901611328125,343.1518249511719,274.5013427734375,0
21,1,0,predicted,873.8619690438713,179.8166504581345,0.5469048138272471,-0.010825546094173655,1.4778269529342651,0,0,0,0,4
21,4,1,predicted,1202.9338124389694,204.77060383172707,0.5765307004522515,0.019288725463897496,0.6903476715087891,0,0,0,0,4
21,5,1,predicted,602.0852747932697,227.61844472777182,-0.01399501305099034,0.06015756137882668,0.9987962245941162,0,0,0,0,17
21,9,2,predicted,1201.2213745117188,120.75106048583984,2.0013576743001122,-0.2182288588374195,2.4034245014190674,0,0,0,0,3
22,0,0,detected,150.47133450205018,285.55156818154666,-0.16407187283039093,0.03515826165676117,0.2512907087802887,0.0,199.3555145263672,300.8555908203125,368.9952392578125,0
22,2,2,detected,1010.082712646054,183.04140704878662,0.8021571040153503,-0.00604641018435359,1.4261349439620972,990.9361572265625,147.47947692871094,1029.0950927734375,216.60653686523438,0
22,3,0,detected,464.2239112354077,184.56716480075954,-0.6852356195449829,-0.00925994012504816,3.276139974594116,446.9385681152344,171.27093505859375,481.5419616699219,196.14622497558594,0
22,6,1,detected,278.9788295636641,226.3642806160238,-0.3894313871860504,0.04616360366344452,0.8375665545463562,264.8125305175781,171.49163818359375,303.03521728515625,278.0041198730469,0
22,8,1,detected,317.2368633672348,221.846922214287,-0.34615084528923035,0.04311913624405861,0.8475236296653748,295.203125,168.50914001464844,351.0177917480469,274.66400146484375,0
22,1,0,predicted,869.4088015390618,180.22634817503288,0.5376042699030876,-0.009969882881971105,1.4778269529342651,0,0,0,0,5
22,4,1,predicted,1207.5133208909458,204.82166951110452,0.5809985903579719,0.01933854649508716,0.6903476715087891,0,0,0,0,5
22,5,1,predicted,602.2178290217877,227.9208050503577,-0.013807907698154785,0.06058435451453746,0.9987962245941162,0,0,0,0,18
22,7,2,predicted,1199.151197889628,186.53331219733357,1.896757419521718,0.004953274892717335,2.285841464996338,0,0,0,0,1
22,9,2,predicted,1201.2213745117188,120.75106048583984,2.0013576743001122,-0.2182288588374195,2.4034245014190674,0,0,0,0,4
23,0,0,detected,150.6604357644909,285.41274556191996,-0.1660221964120865,0.03557618707418442,0.2542777955532074,0.0,199.48480224609375,301.7365417480469,369.0335693359375,0
23,2,2,detected,1009.9634409284486,182.9623324333815,0.8195337057113647,-0.006192950066179037,1.4606984853744507,990.9730834960938,147.99342346191406,1028.8013916015625,216.576171875,0
23,3,0,detected,464.2364875692998,184.50558487574497,-0.6927342414855957,-0.009361273609101772,3.3119912147521973,446.9490966796875,171.2917022705078,481.5616760253906,196.22511291503906,0
23,5,1,detected,887.3792157341796,228.69069200174462,0.382025808095932,0.05804632604122162,0.9551916718482971,866.7489624023438,147.0542755126953,924.5224609375,310.4490966796875,0
23,6,1,detected,288.5175097275978,225.64353014550565,-0.3813471794128418,0.04556978493928909,0.8485504388809204,274.3902587890625,171.27528381347656,314.62335205078125,275.79034423828125,0
23,8,1,detected,324.30358080664456,221.5018449376379,-0.3511468172073364,0.04218725115060806,0.8779839277267456,302.11700439453125,168.05715942382812,356.28839111328125,271.68798828125,0
23,1,0,predicted,864.9033215149677,180.63780759899925,0.5281944700654996,-0.009110540303575958,1.4778269529342651,0,0,0,0,6
23,4,1,predicted,1212.1497564645385,204.86906387927337,0.5855220198733903,0.0193847856976894,0.6903476715087891,0,0,0,0,6
23,7,2,predicted,1204.8184915510587,186.35328634309354,1.9150652784506677,0.004371711956351329,2.285841464996338,0,0,0,0,2
23,9,2,predicted,1201.2213745117188,120.75106048583984,2.0013576743001122,-0.2182288588374195,2.4034245014190674,0,0,0,0,5
24,0,0,detected,150.87197584523008,285.2882326229136,-0.16810916364192963,0.036101534962654114,0.2580326795578003,0.0,199.4263916015625,302.1827392578125,369.0206604003906,0
24,2,2,detected,1009.8745292216505,182.87235156873214,0.8226382732391357,-0.006216410081833601,1.4662318229675293,990.8042602539062,147.7424774169922,1028.857421875,216.6731719970703,0
24,3,0,detected,464.2702788210983,184.43271617954196,-0.7005281448364258,-0.009466596879065037,3.3492543697357178,446.97149658203125,171.2453155517578,481.6443176269531,196.14686584472656,0
24,5,1,detected,892.8081784000253,228.9209575156428,0.21503834426403046,0.032906223088502884,0.5414942502975464,860.6314697265625,146.92855834960938,925.7437744140625,310.7568664550781,0
24,6,1,detected,295.94171286787054,225.78998479339313,-0.36606094241142273,0.04678095132112503,0.8275482058525085,278.9747619628906,172.27061462402344,320.36712646484375,279.1986083984375,0
24,8,1,detected,332.61069980443744,221.87253636100738,-0.33210664987564087,0.04363444820046425,0.8576523065567017,314.5390319824219,167.48716735839844,362.451904296875,276.4767150878906,0
24,1,0,predicted,860.3455289715893,181.05102873003358,0.5186754143144828,-0.008247518358988218,1.4778269529342651,0,0,0,0,7
24,4,1,predicted,1216.8431191597476,204.91278693623363,0.5901009889985067,0.019427443071704218,0.6903476715087891,0,0,0,0,7
24,7,2,predicted,1210.5539662089989,186.16723021051146,1.9335933920797088,0.0037706685603896,2.285841464996338,0,0,0,0,3
24,9,2,predicted,1201.2213745117188,120.75106048583984,2.0013576743001122,-0.2182288588374195,2.4034245014190674,0,0,0,0,6
25,0,0,detected,151.02627901485502,285.16898559422214,-0.1690060943365097,0.03629415109753609,0.2594093978404999,0.0,199.32872009277344,302.3664855957031,369.0143127441406,0
25,2,2,detected,1009.8460708047644,182.77707071920346,0.8440316319465637,-0.006378072779625654,1.5043624639511108,990.8328857421875,147.70285034179688,1028.888916015625,216.57595825195312,0
25,3,0,detected,464.2588292712941,184.36217422916508,-0.7085496783256531,-0.009574996307492256,3.387605667114258,446.8641662597656,171.19248962402344,481.6427917480469,196.14402770996094,0
25,5,1,detected,899.3647317043029,229.05912053090094,0.2322271317243576,0.034672804176807404,0.5705645084381104,864.8948974609375,142.97691345214844,936.46533203125,314.6162414550781,0
25,6,1,detected,303.1479332357249,226.40490101011096,-0.35154980421066284,0.048251934349536896,0.8129234910011292,283.9041442871094,173.41201782226562,328.9899597167969,281.404296875,0
25,8,1,detected,340.44121306457794,222.24444024988998,-0.32430779933929443,0.044941529631614685,0.8594692945480347,321.5140686035156,167.0776824951172,369.79010009765625,277.6259460449219,0
25,1,0,predicted,855.7354239089264,181.46601156813588,0.5090471026500375,-0.007380817048207881,1.4778269529342651,0,0,0,0,8
25,4,1,predicted,1221.5934089765733,204.9528386819853,0.5947354977333213,0.01946651861713162,0.6903476715087891,0,0,0,0,8
25,7,2,predicted,1216.3576218634487,185.97514379958733,1.9523417604088427,0.0031501447048321494,2.285841464996338,0,0,0,0,4
25,9,2,predicted,1201.2213745117188,120.75106048583984,2.0013576743001122,-0.2182288588374195,2.4034245014190674,0,0,0,0,7
26,0,0,detected,151.08979269504016,285.1274594235399,-0.16796311736106873,0.03607017174363136,0.25780850648880005,0.0,199.68614196777344,302.3128967285156,369.0303039550781,0
26,2,2,detected,1009.84627099557,182.7215119392573,0.8747291564941406,-0.006610043812543154,1.559076189994812,990.90185546875,147.7554168701172,1028.87353515625,216.66751098632812,0
26,3,0,detected,464.18640055786705,184.31462477909312,-0.7222702503204346,-0.009760408662259579,3.4532041549682617,446.63641357421875,171.21432495117188,481.6154479980469,196.204345703125,0
26,5,1,detected,907.6327688846936,228.58963727669345,0.2488653063774109,0.035074975341558456,0.5909249782562256,871.7960815429688,142.2432861328125,948.7440795898438,312.1029052734375,0
26,6,1,detected,309.914552897821,227.17945716848925,-0.3541358709335327,0.05075947195291519,0.8352815508842468,291.8953552246094,175.4144287109375,333.29156494140625,281.5767822265625,0
26,8,1,detected,350.007791585146,222.21245171238138,-0.31301501393318176,0.0440177358686924,0.8651859760284424,331.2861633300781,169.20306396484375,381.9653015136719,273.5417175292969,0
26,10,1,detected,898.9198303222656,150.57519022623697,1.0121742486953735,-0.12386748194694519,2.504225969314575,869.0300903320312,149.56101989746094,928.8095703125,302.16455078125,0
26,1,0,predicted,851.0730063269789,181.88275611330616,0.49930953507216347,-0.006510436371234949,1.4778269529342651,0,0,0,0,9
26,4,1,predicted,1226.4006259150153,204.98921911652837,0.5994255460778339,0.019502012333971596,0.6903476715087891,0,0,0,0,9
26,7,2,predicted,1222.229458514408,185.77702711032111,1.971310383438068,0.0025101403896788835,2.285841464996338,0,0,0,0,5
26,9,2,predicted,1201.2213745117188,120.75106048583984,2.0013576743001122,-0.2182288588374195,2.4034245014190674,0,0,0,0,8
27,0,0,detected,151.04780660541266,285.1175227312633,-0.16728566586971283,0.03592468798160553,0.25676867365837097,0.0,199.89035034179688,302.03057861328125,369.03851318359375,0
27,2,2,detected,1009.8238193219395,182.69111870504696,0.8446425795555115,-0.0063826898112893105,1.5054513216018677,990.918212890625,147.73223876953125,1028.7694091796875,216.81008911132812,0
27,3,0,detected,464.1389029028699,184.2638125441258,-0.7254741191864014,-0.009803703986108303,3.468522071838379,446.5746154785156,171.1653289794922,481.6339416503906,196.20677185058594,0
27,5,1,detected,919.3796602984045,228.97871038094502,0.23988358676433563,0.033829737454652786,0.5440391898155212,886.9942016601562,141.5186309814453,962.3088989257812,316.93206787109375,0
27,6,1,detected,316.76171642504227,227.0673773158344,-0.36849313974380493,0.05156388506293297,0.8899098634719849,299.8561706542969,174.93679809570312,338.775390625,277.78131103515625,0
27,8,1,detected,359.4087915733203,222.43429762322873,-0.2966836094856262,0.04444248229265213,0.8499254584312439,339.04443359375,170.0354766845703,392.1350402832031,274.3912658691406,0
27,10,1,detected,902.9859874412547,186.59695062263478,0.2259262353181839,0.034817397594451904,0.5474797487258911,871.1478881835938,151.45361328125,936.9414672851562,309.2762451171875,0
27,1,0,predicted,846.358276225747,182.3012623655444,0.48946271158086085,-0.00563637632806942,1.4778269529342651,0,0,0,0,10
27,4,1,predicted,1231.264769975074,205.02192823986286,0.6041711340320447,0.019533924222224153,0.6903476715087891,0,0,0,0,10
27,7,2,predicted,1228.169476161877,185.57288014271285,1.9904992611673862,0.0018506556149298949,2.285841464996338,0,0,0,0,6
27,9,2,predicted,1201.2213745117188,120.75106048583984,2.0013576743001122,-0.2182288588374195,2.4034245014190674,0,0,0,0,9
28,0,0,detected,151.03786411979618,285.1393742256607,-0.16619087755680084,0.035689577460289,0.25508826971054077,0.0,200.1568145751953,302.0718078613281,369.0401611328125,0
28,2,2,detected,1009.8936961887467,182.7172524216636,0.831157922744751,-0.0062807900831103325,1.4814168214797974,991.1138305664062,148.21978759765625,1028.880615234375,216.6857452392578,0
28,3,0,detected,464.0882731984569,184.2112842181236,-0.7149963974952698,-0.009662114083766937,3.4184277057647705,446.46197509765625,171.1071014404297,481.64373779296875,196.22227478027344,0
28,5,1,detected,934.3529440917924,229.25367203622463,0.25623711943626404,0.03426879271864891,0.551099956035614,892.89794921875,143.58229064941406,990.6435546875,314.94256591796875,0
28,6,1,detected,326.71261025432625,227.46673945952793,-0.32433679699897766,0.04847738519310951,0.8167217969894409,312.2505187988281,172.96249389648438,351.4930725097656,282.8881530761719,0
28,8,1,detected,366.8165283853788,222.55195183392834,-0.2857838273048401,0.04369422048330307,0.8356155753135681,346.047119140625,169.4275360107422,395.6800231933594,274.76953125,0
28,10,1,detected,907.3567713393772,201.72620604883292,0.2445341944694519,0.03528513386845589,0.5806408524513245,870.6483154296875,151.434814453125,950.7545166015625,305.6058349609375,0
28,1,0,predicted,841.5912336052306,182.72153032485062,0.47950663217612965,-0.0047586369187112955,1.4778269529342651,0,0,0,0,11
28,4,1,predicted,1236.185841156749,205.05096605198875,0.6089722615959535,0.019562254281889287,0.6903476715087891,0,0,0,0,11
28,7,2,predicted,1234.1776748058553,185.36270289676253,2.009908393596796,0.0011716903805851831,2.285841464996338,0,0,0,0,7
28,9,2,predicted,1201.2213745117188,120.75106048583984,2.0013576743001122,-0.2182288588374195,2.4034245014190674,0,0,0,0,10
29,0,0,detected,151.10624015383044,285.22842910416557,-0.16676998138427734,0.035813942551612854,0.25597715377807617,0.0,200.71981811523438,302.3497314453125,369.025634765625,0
29,2,2,detected,1009.7731896873728,182.72259336205502,0.8137666583061218,-0.00614936975762248,1.4504194259643555,990.9651489257812,148.573974609375,1028.436279296875,216.2987060546875,0
29,3,0,detected,464.11159743505254,184.1741836402201,-0.7095773220062256,-0.009588882327079773,3.3925187587738037,446.5357971191406,171.10145568847656,481.75421142578125,196.29100036621094,0
29,5,1,detected,947.4858560723746,229.5469150581925,0.2666347920894623,0.03450567647814751,0.5549094676971436,904.5330810546875,145.451171875,1000.6607055664062,313.7334289550781,0
29,6,1,detected,336.89348074058927,227.61787596760598,-0.30039963126182556,0.04655640199780464,0.784358024597168,316.0562744140625,171.8233642578125,367.7635192871094,283.2027893066406,0
29,8,1,detected,374.8391165305558,222.37241012040442,-0.2810381352901459,0.04342219978570938,0.8534804582595825,355.2826232910156,167.9317626953125,403.2076721191406,274.5782165527344,0
29,10,1,detected,914.2232445644144,211.01828258623144,0.2507286071777344,0.03663242235779762,0.5760197639465332,878.35595703125,153.5298614501953,962.6995239257812,307.2834777832031,0
29,1,0,predicted,836.7718784654298,183.1435599912248,0.46944129685796987,-0.003877218143160576,1.4778269529342651,0,0,0,0,12
29,4,1,predicted,1241.1638394600402,205.07633255290608,0.6138289287695603,0.01958700251296703,0.6903476715087891,0,0,0,0,12
29,7,2,predicted,1240.2540544463432,185.14649537247016,2.0295377807262973,0.00047324468664474854,2.285841464996338,0,0,0,0,8
29,9,2,predicted,1201.2213745117188,120.75106048583984,2.0013576743001122,-0.2182288588374195,2.4034245014190674,0,0,0,0,11
30,0,0,detected,151.16524133250522,285.2844504941222,-0.16587717831134796,0.03562221676111221,0.25460678339004517,0.0,200.7357635498047,302.4429931640625,369.0360412597656,0
30,2,2,detected,1010.1643604265496,182.6071099619945,0.7927523851394653,-0.005975520238280296,1.4094144105911255,992.3526000976562,147.8050537109375,1028.7601318359375,216.36158752441406,0
30,3,0,detected,464.1050513758951,184.163611684733,-0.7060174345970154,-0.009540775790810585,3.3754987716674805,446.595458984375,171.19000244140625,481.6246337890625,196.3620147705078,0
30,5,1,detected,959.8578733246267,229.84009999076935,0.270609587430954,0.03392256796360016,0.5455321073532104,918.7510986328125,145.11813354492188,1008.7742309570312,314.64666748046875,0
30,6,1,detected,344.8222708034691,227.9924852053404,-0.29124221205711365,0.0472581647336483,0.7776651978492737,320.3314208984375,173.77764892578125,374.5877380371094,282.9908752441406,0
30,8,1,detected,384.38582588482996,222.40364710145448,-0.2555004060268402,0.04124670475721359,0.8107202053070068,367.16424560546875,168.3984832763672,412.75830078125,275.23028564453125,0
30,10,1,detected,923.9898476967177,216.40595367347413,0.260520875453949,0.034898437559604645,0.5742774605751038,894.5630493164062,151.29734802246094,971.9478759765625,305.3599853515625,0
30,1,0,predicted,831.9002108063446,183.56735136466696,0.45926670562638156,-0.0029921200014172604,1.4778269529342651,0,0,0,0,13
30,4,1,predicted,1246.198764884948,205.09802774261482,0.6187411355528654,0.01960816891545735,0.6903476715087891,0,0,0,0,13
30,7,2,predicted,1246.3986150833407,184.92425756983573,2.0493874225558915,-0.0002446814668914089,2.285841464996338,0,0,0,0,9
30,9,2,predicted,1201.2213745117188,120.75106048583984,2.0013576743001122,-0.2182288588374195,2.4034245014190674,0,0,0,0,12
31,0,0,detected,151.0122718819362,285.366496602033,-0.1659742146730423,0.035925157368183136,0.25420430302619934,0.0,201.0979461669922,301.75048828125,369.0157775878906,0
31,2,2,detected,1010.034317390846,182.72682460463068,0.49379339814186096,-0.003731436561793089,0.8801141977310181,991.6727294921875,148.093994140625,1028.20361328125,217.41067504882812,0
31,3,0,detected,464.09958259603656,184.1358972181072,-0.7097651958465576,-0.009591421112418175,3.3934168815612793,446.57147216796875,171.18711853027344,481.6395263671875,196.29254150390625,0
31,5,1,detected,972.5226187898013,229.19664200939394,0.2854524254798889,0.03293681889772415,0.5549024343490601,935.5399780273438,139.41163635253906,1016.8618774414062,315.383544921875,0
31,6,1,detected,352.321312811995,228.174531562993,-0.44748345017433167,0.07458057254552841,1.227273941040039,331.2980651855469,174.87062072753906,377.3812561035156,281.3919372558594,0
31,8,1,detected,395.25355482242276,222.67936608137583,-0.24159686267375946,0.04236532747745514,0.8102015852928162,374.62359619140625,168.14266967773438,428.86041259765625,277.200439453125,0
31,10,1,detected,938.0227778194311,218.7546549189758,0.28024595975875854,0.03141399845480919,0.5849569439888,911.4231567382812,148.3755340576172,991.2445678710938,299.1284484863281,0
31,1,0,predicted,826.9762306279748,183.9929044451771,0.4489828584813644,-0.002103342493481349,1.4778269529342651,0,0,0,0,14
31,4,1,predicted,1251.2906174314724,205.11605162111496,0.6237088819458684,0.01962575348936025,0.6903476715087891,0,0,0,0,14
31,7,2,predicted,1252.6113567168477,184.69598948885925,2.069457319085577,-0.000982088080023289,2.285841464996338,0,0,0,0,10
31,9,2,predicted,1201.2213745117188,120.75106048583984,2.0013576743001122,-0.2182288588374195,2.4034245014190674,0,0,0,0,13
32,0,0,detected,150.83201434606033,285.3590431225962,-0.1679052859544754,0.035979706794023514,0.2571619153022766,0.0,200.74215698242188,301.3568115234375,369.0272216796875,0
32,3,0,detected,464.09136369637594,184.08355051891934,-0.7103539705276489,-0.009599377401173115,3.3962318897247314,446.4521179199219,171.1267547607422,481.7373046875,196.20230102539062,0
32,5,1,detected,983.077715249313,228.09945221909874,0.29643845558166504,0.03187510371208191,0.5638659596443176,944.9900512695312,137.5138702392578,1024.0601806640625,313.6307373046875,0
32,6,1,detected,363.0879845669258,227.53929259028135,-0.28645843267440796,0.04676872491836548,0.8273319005966187,345.9630432128906,173.19041442871094,389.6724853515625,278.2899169921875,0
32,8,1,detected,404.08029600197546,222.66846778219892,-0.23736819624900818,0.0430520735681057,0.8233350515365601,380.4922790527344,167.66188049316406,436.1852111816406,276.370361328125,0
32,10,1,detected,955.5049488087469,221.21577689421343,0.28877362608909607,0.03297971561551094,0.569176971912384,935.2939453125,146.12823486328125,1008.53271484375,306.88043212890625,0
32,1,0,predicted,821.9999379303206,184.4202192327552,0.4385897554229187,-0.001210885619352842,1.4778269529342651,0,0,0,0,15
32,2,2,predicted,1010.0051117656726,182.83029495168176,0.4950435549070078,-0.002698705289120811,0.8801141977310181,0,0,0,0,1
32,4,1,predicted,1256.4393970996132,205.13040418840652,0.6287321679485697,0.019639756234675725,0.6903476715087891,0,0,0,0,15
32,7,2,predicted,1258.8922793468644,184.4616911295407,2.089747470315355,-0.0017389751527509844,2.285841464996338,0,0,0,0,11
32,9,2,predicted,1201.2213745117188,120.75106048583984,2.0013576743001122,-0.2182288588374195,2.4034245014190674,0,0,0,0,14
33,0,0,detected,150.73742817653434,285.3012001280895,-0.16758735477924347,0.035911574959754944,0.25667497515678406,0.0,200.50555419921875,301.338623046875,369.00927734375,0
33,2,2,detected,1010.1389479880403,183.4944203253188,0.31710174679756165,-0.0007967380224727094,0.5637671947479248,990.522705078125,150.0626983642578,1029.9288330078125,218.6647491455078,0
33,3,0,detected,464.05327510546624,184.03851838266883,-0.7000333666801453,-0.009459910914301872,3.346888780593872,446.428955078125,171.22021484375,481.6311340332031,196.1152801513672,0
33,5,1,detected,1001.2203748795962,227.00912520600474,0.3026828169822693,0.02980967052280903,0.5408499836921692,964.7640991210938,138.0731201171875,1052.762939453125,311.3621826171875,0
33,6,1,detected,372.59123597170947,227.3230405527038,-0.26676619052886963,0.04614942520856857,0.7964649796485901,353.20947265625,172.8381805419922,398.4334411621094,280.22540283203125,0
33,8,1,detected,411.7650192302783,222.8519944464701,-0.22903752326965332,0.0427999384701252,0.8185132145881653,389.0422058105469,168.16604614257812,440.37762451171875,277.1698303222656,0
33,10,1,detected,968.246222266311,223.55731280202713,0.3025146722793579,0.03544449806213379,0.5832632780075073,937.8507690429688,147.7864990234375,1021.6527099609375,309.2216796875,0
33,1,0,predicted,816.9713327133819,184.84929572740126,0.4280873964510444,-0.00031474937903173966,1.4778269529342651,0,0,0,0,16
33,4,1,predicted,1261.6451038893704,205.14108544448948,0.6338109935609688,0.01965017715140378,0.6903476715087891,0,0,0,0,16
33,7,2,predicted,1265.2413829733905,184.2213624918801,2.110257876245225,-0.0025153426850744024,2.285841464996338,0,0,0,0,12
33,9,2,predicted,1201.2213745117188,120.75106048583984,2.0013576743001122,-0.2182288588374195,2.4034245014190674,0,0,0,0,15
34,0,0,detected,150.6460473332403,285.2786061851631,-0.16853027045726776,0.03611363098025322,0.258119136095047,0.0,200.69818115234375,301.17034912109375,369.01031494140625,0
34,2,2,detected,1017.9336254538506,182.38556639222261,0.340652197599411,-0.004134128801524639,0.5850570797920227,1007.46630859375,148.43719482421875,1040.801513671875,211.86410522460938,0
34,3,0,detected,464.06815949898305,183.97096677077775,-0.6925576329231262,-0.009358886629343033,3.3111469745635986,446.53131103515625,171.2206268310547,481.65594482421875,195.94497680664062,0
34,5,1,detected,1017.0943842462264,226.57751339571138,0.31485891342163086,0.030793046578764915,0.5447245240211487,974.0487670898438,140.13739013671875,1069.8033447265625,311.39788818359375,0
34,6,1,detected,383.24213664477156,227.16168224767358,-0.25239118933677673,0.045991286635398865,0.7937357425689697,362.06158447265625,173.44540405273438,412.32867431640625,279.6371154785156,0
34,8,1,detected,419.6597589957725,222.54352302770755,-0.2232178896665573,0.04229391738772392,0.831303596496582,401.3243408203125,167.87611389160156,443.8323974609375,274.6717224121094,0
34,10,1,detected,977.3799243211132,224.94967487496274,0.3106270730495453,0.034976776689291,0.5892705321311951,941.8750610351562,149.62355041503906,1028.4527587890625,305.3689270019531,0
34,1,0,predicted,811.8904149771588,185.2801339291153,0.41747578156574155,0.0005850662274819586,1.4778269529342651,0,0,0,0,17
34,4,1,predicted,1266.907737800744,205.14809538936385,0.638945358783066,0.01965701623954442,0.6903476715087891,0,0,0,0,17
34,7,2,predicted,1271.6586675964263,183.97500357587742,2.1309885368751877,-0.003311190676993543,2.285841464996338,0,0,0,0,13
34,9,2,predicted,1201.2213745117188,120.75106048583984,2.0013576743001122,-0.2182288588374195,2.4034245014190674,0,0,0,0,16
35,0,0,detected,150.6494300787818,285.1616425616734,-0.16878068447113037,0.036167290061712265,0.25850266218185425,0.0,200.1577911376953,301.35333251953125,368.9916076660156,0
35,3,0,detected,464.19055415119215,183.9064660273343,-0.6891292333602905,-0.009312557056546211,3.294755697250366,447.18609619140625,171.41941833496094,481.4338073730469,195.69558715820312,0
35,5,1,detected,1029.3511513153867,225.11737376493383,0.3244204819202423,0.028716647997498512,0.5491819381713867,987.427978515625,137.9771728515625,1073.6651611328125,306.8294982910156,0
35,6,1,detected,391.73821299217144,227.31989179801224,-0.24912308156490326,0.04777703061699867,0.8049225807189941,368.4002990722656,174.43218994140625,418.4637145996094,280.4162902832031,0
35,8,1,detected,427.9585570009883,222.70875433661936,-0.20196126401424408,0.04128490015864372,0.7895393371582031,411.389892578125,169.9878692626953,450.648193359375,275.12322998046875,0
35,10,1,detected,987.8453962099928,226.37117578777926,0.323161244392395,0.03618732839822769,0.5954869985580444,952.9937744140625,149.58404541015625,1040.450439453125,308.2855224609375,0
35,1,0,predicted,806.7571847216512,185.7127338378973,0.40675491076701015,0.0014885612001882527,1.4778269529342651,0,0,0,0,18
35,2,2,predicted,1018.3668409184875,182.43756319926004,0.33599455210088275,-0.0021186886292332632,0.5850570797920227,0,0,0,0,1
35,4,1,predicted,1272.227298833734,205.15143402302965,0.6441352636148614,0.01966027349909766,0.6903476715087891,0,0,0,0,18
35,7,2,predicted,1278.1441332159716,183.7226143815327,2.1519394522052417,-0.0041265191285084065,2.285841464996338,0,0,0,0,14
35,9,2,predicted,1201.2213745117188,120.75106048583984,2.0013576743001122,-0.2182288588374195,2.4034245014190674,0,0,0,0,17
36,0,0,detected,150.67752638920953,285.0905783636629,-0.1689402461051941,0.03620148077607155,0.25874704122543335,0.0,200.31809997558594,301.4506530761719,368.9821472167969,0
36,3,0,detected,464.3607266810917,183.81239958858075,-0.6378370523452759,-0.008619420230388641,3.049525737762451,447.2615051269531,171.30419921875,481.7684631347656,195.5598907470703,0
36,5,1,detected,1038.6212916965487,223.49814804547026,0.3326141834259033,0.02739175409078598,0.5537784695625305,996.0386962890625,134.40032958984375,1077.973876953125,307.0411682128906,0
36,6,1,detected,400.4837037670315,227.09564438696987,-0.2456514537334442,0.047960519790649414,0.8277215957641602,380.18914794921875,172.9850616455078,424.1709289550781,279.7998046875,0
36,8,1,detected,437.92487393742255,222.51618815234343,-0.1941736787557602,0.041119132190942764,0.8082126975059509,419.93719482421875,170.32916259765625,464.5669860839844,272.8434753417969,0
36,10,1,detected,1003.881946894926,225.3064865390209,0.3434124290943146,0.03052554838359356,0.5999916791915894,976.2503051757812,143.3235321044922,1059.4818115234375,300.2272644042969,0
36,1,0,predicted,801.5716419468592,186.14709545374728,0.39592478405485015,0.0023957355390871425,1.4778269529342651,0,0,0,0,19
36,2,2,predicted,1018.8135578864698,182.48340335969715,0.3363639091754753,-0.0020807868059952088,0.5850570797920227,0,0,0,0,2
36,4,1,predicted,1277.6037869883405,205.15110134548686,0.6493807080563548,0.01965994893006348,0.6903476715087891,0,0,0,0,19
36,7,2,predicted,1284.6977798320263,183.46419490884594,2.173110622235388,-0.004961328039618993,2.285841464996338,0,0,0,0,15
36,9,2,predicted,1201.2213745117188,120.75106048583984,2.0013576743001122,-0.2182288588374195,2.4034245014190674,0,0,0,0,18
37,0,0,detected,150.7829750450372,285.0570835155953,-0.16982820630073547,0.036391761153936386,0.26010704040527344,0.0,200.49497985839844,301.7926330566406,368.97998046875,0
37,2,2,detected,1016.7909722716576,183.53117628855514,0.3664895296096802,-0.0009094032575376332,0.6434884667396545,989.0090942382812,148.0433807373047,1042.863525390625,221.16026306152344,0
37,3,0,detected,465.80684348536533,183.71678132515265,-0.5939246416091919,-0.008192063309252262,2.8983283042907715,452.11505126953125,171.54776000976562,482.03814697265625,195.1866455078125,0
37,5,1,detected,1052.4064612600048,222.1760153834695,0.3589467406272888,0.028423385694622993,0.5746349096298218,1012.6500244140625,134.25535583496094,1096.4171142578125,306.2002258300781,0
37,6,1,detected,409.91085063562906,226.6124105931717,-0.23925578594207764,0.04761309549212456,0.842268705368042,391.4375,173.47821044921875,432.5337219238281,277.35223388671875,0
37,8,1,detected,446.7413965370227,222.48842705333934,-0.1887023150920868,0.041676584631204605,0.8191697001457214,427.01824951171875,171.23770141601562,472.4089050292969,272.7093505859375,0
37,10,1,detected,1024.9995867897255,225.15481947070975,0.5956110954284668,0.05251327529549599,0.9778444170951843,1007.4837646484375,144.2763671875,1079.4495849609375,303.551513671875,0
37,1,0,predicted,796.3337866527827,186.58321877666523,0.38498540142926135,0.0033065892441786274,1.4778269529342651,0,0,0,0,20
37,4,1,predicted,1283.0372022645636,205.1470973567355,0.6546816921075466,0.019656042532441877,0.6903476715087891,0,0,0,0,20
37,7,2,predicted,1291.3196074445907,183.19974515781712,2.1945020469656265,-0.005815617410325303,2.285841464996338,0,0,0,0,16
37,9,2,predicted,1201.2213745117188,120.75106048583984,2.0013576743001122,-0.2182288588374195,2.4034245014190674,0,0,0,0,19
38,0,0,detected,150.8292177379823,285.031892309004,-0.17068248987197876,0.036574818193912506,0.2614154517650604,0.0,200.55003356933594,301.76666259765625,368.9794616699219,0
38,2,2,detected,1012.9472880816664,182.7180517772506,0.6963446140289307,-0.007016066927462816,1.2411320209503174,991.5090942382812,148.93751525878906,1028.2576904296875,213.74131774902344,0
38,3,0,detected,466.2568537207045,183.55600501708878,-0.48411059379577637,-0.006631651893258095,2.346259117126465,450.9533386230469,170.9942626953125,482.1794738769531,195.21060180664062,0
38,5,1,detected,1068.2400558497518,220.39580158105343,0.3596384525299072,0.02507283166050911,0.5544184446334839,1028.492431640625,132.0136260986328,1114.94482421875,303.49444580078125,0
38,6,1,detected,420.8982231813752,226.709546206727,-0.21094810962677002,0.04600464180111885,0.7939662337303162,400.66021728515625,173.77102661132812,447.527587890625,279.8631896972656,0
38,8,1,detected,453.4383840835778,222.72405623897805,-0.18323563039302826,0.04290960729122162,0.820610523223877,433.9681701660156,171.0026092529297,474.5340270996094,274.6311950683594,0
38,10,1,detected,1039.0002963236693,222.83598026584738,0.34350165724754333,0.024311760440468788,0.5549309849739075,1014.1668090820312,148.8700408935547,1086.2021484375,283.95684814453125,0
38,1,0,predicted,791.0436188394217,187.02110380665115,0.37393676289024397,0.004221122315462709,1.4778269529342651,0,0,0,0,21
38,4,1,predicted,1288.527544662403,205.13942205677552,0.6600382157684361,0.019648554306232857,0.6903476715087891,0,0,0,0,21
38,7,2,predicted,1298.0096160536646,182.92926512844622,2.2161137263959563,-0.006689387240627427,2.285841464996338,0,0,0,0,17
38,9,2,predicted,1201.2213745117188,120.75106048583984,2.0013576743001122,-0.2182288588374195,2.4034245014190674,0,0,0,0,20
39,0,0,detected,150.94702893734714,284.96867388095507,-0.17078359425067902,0.036675866693258286,0.26213768124580383,0.0,200.32403564453125,302.12103271484375,368.98443603515625,0
39,2,2,detected,1011.0211384784745,182.6148902514752,0.8204708695411682,-0.006200031843036413,1.4623688459396362,991.3291015625,148.4758758544922,1027.306640625,216.26478576660156,0
39,3,0,detected,464.56377504377315,183.94694046092906,-0.6813705563545227,-0.004542470443993807,3.2142257690429688,445.2615661621094,171.68885803222656,480.67279052734375,197.69105529785156,0
39,5,1,detected,1087.212879228195,218.88740781403152,0.37977588176727295,0.025318393483757973,0.5598483681678772,1037.2073974609375,129.32901000976562,1148.475830078125,304.7218933105469,0
39,6,1,detected,431.97583409035445,226.34403397101465,-0.19665096700191498,0.044191230088472366,0.781736433506012,408.09075927734375,170.33175659179688,461.7468566894531,280.6434326171875,0
39,8,1,detected,461.1050079149728,222.3201470422815,-0.1723967045545578,0.041375212371349335,0.8132460713386536,441.6241149902344,167.64093017578125,483.66876220703125,274.4128723144531,0
39,10,1,detected,1045.5992969554397,223.0891734453189,0.363596647977829,0.03161710128188133,0.5887388586997986,997.775146484375,144.5252685546875,1101.0665283203125,301.4748229980469,0
39,1,0,predicted,785.7011385067763,187.46075054370505,0.36277886843779805,0.005139334752939385,1.4778269529342651,0,0,0,0,22
39,4,1,predicted,1294.0748141818588,205.12807544560695,0.6654502790390238,0.01963748425143641,0.6903476715087891,0,0,0,0,22
39,7,2,predicted,1304.767805659248,182.65275482073326,2.237945660526379,-0.007582637530525274,2.285841464996338,0,0,0,0,18
39,9,2,predicted,1201.2213745117188,120.75106048583984,2.0013576743001122,-0.2182288588374195,2.4034245014190674,0,0,0,0,21
40,0,0,detected,151.05966412209943,284.9750715112892,-0.1691698282957077,0.03632931411266327,0.2596607208251953,0.0,200.71737670898438,302.32196044921875,368.9667663574219,0
40,2,2,detected,1010.4280316319099,182.512260553262,0.8000526428222656,-0.006045738235116005,1.4259763956069946,991.286865234375,148.19515991210938,1028.5997314453125,216.35791015625,0
40,3,0,detected,463.465276824101,184.11742771470014,-0.9417219758033752,-0.0062781465239822865,4.442379951477051,443.91363525390625,171.79397583007812,481.0738220214844,196.93528747558594,0
40,5,1,detected,1101.2322618691912,217.47360591621748,0.3894507586956024,0.023892683908343315,0.5635441541671753,1045.42236328125,128.4622344970703,1158.57177734375,303.5211181640625,0
40,6,1,detected,439.9112282422057,226.44388589895942,-0.3383331894874573,0.0801830068230629,1.383829951286316,414.5624694824219,172.55035400390625,464.9891357421875,280.70068359375,0
40,8,1,detected,469.90374079746545,222.33422101007105,-0.15615364909172058,0.04126917943358421,0.7892386317253113,452.9310302734375,169.44578552246094,491.6116943359375,274.5997009277344,0
40,10,1,detected,1056.5755804298433,222.8158788422327,0.38026708364486694,0.0302867591381073,0.595298171043396,1020.8764038085938,145.53909301757812,1107.9268798828125,297.4118347167969,0
40,1,0,predicted,780.3063456548464,187.9021589878269,0.3515117180719235,0.006061226556608659,1.4778269529342651,0,0,0,0,23
40,4,1,predicted,1299.679010822931,205.1130575232298,0.6709178819193096,0.019622832368052547,0.6903476715087891,0,0,0,0,23
40,7,2,predicted,1311.594176261341,182.37021423467826,2.2599978493568935,-0.008495368280018845,2.285841464996338,0,0,0,0,19
40,9,2,predicted,1201.2213745117188,120.75106048583984,2.0013576743001122,-0.2182288588374195,2.4034245014190674,0,0,0,0,22
41,0,0,detected,151.18093665265962,284.88292523047016,-0.169893279671669,0.03648467734456062,0.26077115535736084,0.0,200.46835327148438,302.5653991699219,368.6710205078125,0
41,2,2,detected,1010.1868815764956,182.4598695820963,0.8173166513442993,-0.006160677410662174,1.4530866146087646,991.3262939453125,148.26242065429688,1028.75634765625,216.42587280273438,0
41,3,0,detected,464.660830453364,183.59876074859017,-0.20841771364212036,-0.004253422375768423,1.0032323598861694,449.2110900878906,171.35427856445312,482.31585693359375,193.45741271972656,0
41,5,1,detected,1113.0785116838736,216.04671035601402,0.40342557430267334,0.023445574566721916,0.5720673203468323,1059.253173828125,125.0313720703125,1164.1845703125,304.3885803222656,0
41,6,1,detected,450.47149159165616,225.51372953729054,-0.18415679037570953,0.04373724013566971,0.8144267201423645,431.6888122558594,168.4058380126953,473.33349609375,278.699951171875,0
41,8,1,detected,479.9396271007427,221.8538278197766,-0.1482170820236206,0.0402139388024807,0.8130042552947998,457.6140441894531,165.8323516845703,508.72625732421875,275.1807556152344,0
41,10,1,detected,1066.0158090480493,221.54958842387242,0.4046456217765808,0.028149260208010674,0.6224454045295715,1029.3577880859375,143.34837341308594,1114.8819580078125,292.4461975097656,0
41,1,0,predicted,774.8592402836321,188.34532913901674,0.34013531179262046,0.006986797726470526,1.4778269529342651,0,0,0,0,24
41,4,1,predicted,1305.3401345856198,205.09436828964408,0.6764410244092934,0.019604598656081287,0.6903476715087891,0,0,0,0,24
41,7,2,predicted,1318.4887278599438,182.0816433702812,2.2822702928875005,-0.009427579489108138,2.285841464996338,0,0,0,0,20
41,9,2,predicted,1201.2213745117188,120.75106048583984,2.0013576743001122,-0.2182288588374195,2.4034245014190674,0,0,0,0,23
42,0,0,detected,151.21086617851736,284.8460112090015,-0.1689196228981018,0.036275580525398254,0.2592766582965851,0.0,200.69813537597656,302.4507141113281,368.67083740234375,0
42,2,2,detected,1009.9801717628844,182.34682933096113,0.8178905248641968,-0.006180532742291689,1.4577696323394775,990.9437866210938,147.717529296875,1028.8114013671875,216.53472900390625,0
42,3,0,detected,463.73972431059263,183.6616519524177,-0.2236393839120865,-0.0029818585608154535,1.0549728870391846,445.8965148925781,171.43179321289062,479.9401550292969,196.0979766845703,0
42,5,1,detected,1123.1821502843586,215.0276470078354,0.4177866578102112,0.023850025609135628,0.5819358229637146,1076.0870361328125,128.21762084960938,1164.3895263671875,301.0736389160156,0
42,6,1,detected,461.2314748320773,224.6412350624642,-0.16822455823421478,0.04177388548851013,0.7988907694816589,443.383544921875,169.3888702392578,482.96612548828125,276.4933776855469,0
42,8,1,detected,487.6620026505118,222.2363834123846,-0.13962650299072266,0.04166274517774582,0.7967653274536133,464.4045104980469,167.8247528076172,512.67333984375,277.8189392089844,0
42,1,0,predicted,769.3598223931333,188.79026099727454,0.3286496495998888,0.007916048262524992,1.4778269529342651,0,0,0,0,25
42,4,1,predicted,1311.058185469925,205.07200774484977,0.6820197065089755,0.019582783115522612,0.6903476715087891,0,0,0,0,25
42,7,2,predicted,1325.451460455056,181.7870422275421,2.3047629911181993,-0.010379271157793154,2.285841464996338,0,0,0,0,21
42,9,2,predicted,1201.2213745117188,120.75106048583984,2.0013576743001122,-0.2182288588374195,2.4034245014190674,0,0,0,0,24
42,10,1,predicted,1069.2163986490339,221.78158511967888,0.40219697257109144,0.032355449684682944,0.6224454045295715,0,0,0,0,1
43,0,0,detected,151.2659190467201,284.7420255562966,-0.16910217702388763,0.03631478175520897,0.2595568597316742,0.0,199.964599609375,302.6013488769531,368.9739990234375,0
43,2,2,detected,1009.9059017902521,182.29637970311387,0.8037854433059692,-0.006073945201933384,1.4326294660568237,990.929443359375,147.84214782714844,1028.928466796875,216.618896484375,0
43,3,0,detected,464.25831764573365,183.7935461220311,-0.7195534110069275,-0.004861847497522831,3.4402148723602295,445.8448181152344,171.78929138183594,483.65509033203125,196.30189514160156,0
43,5,1,detected,1135.7762108067063,213.97896773269665,0.44602683186531067,0.0239248126745224,0.6046091914176941,1095.3792724609375,125.68631744384766,1174.534423828125,301.5719909667969,0
43,6,1,detected,471.6021019527943,223.65372013180897,-0.15351541340351105,0.03947538882493973,0.7759043574333191,448.2205810546875,166.5133514404297,497.6518859863281,277.1744079589844,0
43,8,1,detected,495.4107227821266,221.72474811706374,-0.13023675978183746,0.03929557278752327,0.7944377064704895,475.21417236328125,166.86798095703125,517.0865478515625,273.8969421386719,0
43,10,1,detected,1089.5831448466554,220.1136860299611,0.4272688329219818,0.027197809889912605,0.620806872844696,1061.0157470703125,139.00442504882812,1137.742431640625,294.6917419433594,0
43,1,0,predicted,763.80809198335,189.23695456260032,0.31705473149372837,0.00884897816477205,1.4778269529342651,0,0,0,0,26
43,4,1,predicted,1316.8331634758467,205.04597588884687,0.6876539282183555,0.01955738574637651,0.6903476715087891,0,0,0,0,26
43,7,2,predicted,1332.4823740466777,181.48641080646092,2.3274759440489903,-0.011350443286073892,2.285841464996338,0,0,0,0,22
43,9,2,predicted,1201.2213745117188,120.75106048583984,2.0013576743001122,-0.2182288588374195,2.4034245014190674,0,0,0,0,25
44,0,0,detected,151.29591480990672,284.7361524665396,-0.17005376517772675,0.036519136279821396,0.26101747155189514,0.0,200.71142578125,302.6114196777344,368.69171142578125,0
44,2,2,detected,1009.9682358318279,182.21192059188704,0.8076735138893127,-0.006087990943342447,1.4359424114227295,991.0322265625,147.551513671875,1029.191162109375,216.6372528076172,0
44,3,0,detected,464.28185652004925,183.8138488543388,-0.7256594896316528,-0.009806208312511444,3.4694080352783203,446.7294006347656,171.80479431152344,481.8884582519531,195.8573760986328,0
44,5,1,detected,1149.1493659838602,212.78658773162567,0.43518009781837463,0.02192138507962227,0.5744979381561279,1106.2724609375,123.44303131103516,1191.4072265625,301.047607421875,0
44,6,1,detected,479.5220845475305,223.72619019049532,-0.1567489057779312,0.04562095180153847,0.8277209997177124,453.52880859375,170.19760131835938,503.447509765625,278.2925109863281,0
44,8,1,detected,502.3604765763818,221.7808983619929,-0.1260676234960556,0.04125849902629852,0.8109520077705383,481.8871154785156,166.28695678710938,522.5921630859375,277.1799011230469,0
44,10,1,detected,1101.0433119601028,219.89510453977587,0.42658740282058716,0.029300952330231667,0.6097995042800903,1067.7772216796875,140.64181518554688,1147.1334228515625,297.5768127441406,0
44,1,0,predicted,758.2040490542822,189.68540983499406,0.30535055747413936,0.009785587433211704,1.4778269529342651,0,0,0,0,27
44,4,1,predicted,1322.6650686033847,205.01627272163537,0.6933436895374335,0.019528406548642987,0.6903476715087891,0,0,0,0,27
44,7,2,predicted,1339.581468634809,181.17974910703768,2.3504091516798735,-0.012341095873950445,2.285841464996338,0,0,0,0,23
44,9,2,predicted,1201.2213745117188,120.75106048583984,2.0013576743001122,-0.2182288588374195,2.4034245014190674,0,0,0,0,26
45,0,0,detected,151.4201175637126,284.72073467600745,-0.1687663197517395,0.036242660135030746,0.25904136896133423,0.0,200.69126892089844,303.02099609375,368.6819152832031,0
45,2,2,detected,1009.9827245978329,182.19778122199006,0.7971258759498596,-0.00600848626345396,1.4171899557113647,991.034912109375,147.86134338378906,1029.12060546875,216.63137817382812,0
45,3,0,detected,464.3892922090193,183.7897248907181,-0.7327079772949219,-0.009901459328830242,3.5031075477600098,447.2229309082031,171.4152374267578,481.7525329589844,196.03713989257812,0
45,5,1,detected,1166.3110012840532,212.58777268322007,0.4465048313140869,0.023247109726071358,0.5672248005867004,1120.0362548828125,126.40939331054688,1217.9869384765625,301.76300048828125,0
45,6,1,detected,488.0558745062788,223.71106599563822,-0.14381280541419983,0.044869594275951385,0.8140888214111328,463.91973876953125,169.2572021484375,511.05450439453125,278.8178405761719,0
45,8,1,detected,510.27345649290555,221.30302968273128,-0.11589217931032181,0.03976692631840706,0.8039669990539551,490.521728515625,165.90843200683594,531.2816772460938,274.37750244140625,0
45,10,1,detected,1110.5074152859493,219.55259727825052,0.4557059705257416,0.029897211119532585,0.641063392162323,1075.74658203125,140.85470581054688,1155.00146484375,296.09136962890625,0
45,1,0,predicted,752.54769360593,190.13562681445578,0.2935371275411217,0.010725876067843957,1.4778269529342651,0,0,0,0,28
45,4,1,predicted,1328.5539008525393,204.9828982432153,0.6990889904662096,0.01949584552232204,0.6903476715087891,0,0,0,0,28
45,7,2,predicted,1346.7487442194497,180.86705712927238,2.3735626140108477,-0.013351228921422723,2.285841464996338,0,0,0,0,24
45,9,2,predicted,1201.2213745117188,120.75106048583984,2.0013576743001122,-0.2182288588374195,2.4034245014190674,0,0,0,0,27
46,0,0,detected,151.4938429508038,284.7121191729967,-0.16960756480693817,0.03642331436276436,0.2603325843811035,0.0,200.7361602783203,303.0663146972656,368.68804931640625,0
46,2,2,detected,1009.9503151665482,182.1812668771429,0.7981169819831848,-0.006015957333147526,1.4189521074295044,990.890869140625,147.7339630126953,1029.1109619140625,216.73793029785156,0
46,3,0,detected,464.42988941478063,183.78945293710953,-0.7210148572921753,-0.009743444621562958,3.447202205657959,447.19488525390625,171.49319458007812,481.7319030761719,196.08914184570312,0
46,5,1,detected,1178.7216226104244,212.70235736023693,0.46550092101097107,0.023935331031680107,0.584017276763916,1129.9385986328125,126.0448226928711,1224.0,303.4682312011719,0
46,6,1,detected,499.54422862684083,223.03899665244236,-0.12563224136829376,0.04187741130590439,0.8008706569671631,481.67364501953125,168.1321563720703,521.2182006835938,275.8960266113281,0
46,8,1,detected,519.2504540040837,220.36132280183918,-0.10529757291078568,0.03776978328824043,0.8098689913749695,496.88250732421875,166.92881774902344,544.4501342773438,269.692138671875,0
46,10,1,detected,1124.9116424108406,217.79029719137318,0.4679674208164215,0.02510169893503189,0.634350597858429,1094.0965576171875,134.94131469726562,1174.28662109375,292.18701171875,0
46,1,0,predicted,746.8390256382934,190.58760550098546,0.2816144416946756,0.011669844068668802,1.4778269529342651,0,0,0,0,29
46,4,1,predicted,1334.4996602233102,204.9458524535866,0.7048898310046839,0.01945970266741368,0.6903476715087891,0,0,0,0,29
46,7,2,predicted,1353.9842008006,180.54833487316503,2.3969363310419154,-0.014380842428490722,2.285841464996338,0,0,0,0,25
46,9,2,predicted,1201.2213745117188,120.75106048583984,2.0013576743001122,-0.2182288588374195,2.4034245014190674,0,0,0,0,28
47,0,0,detected,151.49589104627884,284.6538920777184,-0.1699627786874771,0.03649960085749626,0.2608778178691864,0.0,200.1488800048828,302.93829345703125,368.9908447265625,0
47,2,2,detected,1009.9751306652561,182.153934287826,0.8177042007446289,-0.00616359943524003,1.4537756443023682,990.8292846679688,147.65110778808594,1029.3197021484375,216.74267578125,0
47,3,0,detected,464.41492672818197,183.75767959794382,-0.7268315553665161,-0.00982204731553793,3.4750118255615234,447.10601806640625,171.3555450439453,481.68939208984375,196.05764770507812,0
47,5,1,detected,1188.2052803699823,211.51200734102335,0.49496498703956604,0.02167097106575966,0.6133701205253601,1143.8099365234375,117.4634017944336,1224.0,304.37030029296875,0
47,6,1,detected,509.1817577146273,222.9415936060209,-0.11426127701997757,0.042154643684625626,0.7849574089050293,486.7710876464844,169.5677032470703,531.6337280273438,276.8056335449219,0
47,8,1,detected,527.8438893120697,220.38463947239575,-0.09396068006753922,0.03915028274059296,0.7915003299713135,506.71453857421875,167.47120666503906,550.7255859375,273.52899169921875,0
47,10,1,detected,1139.5037726185938,216.37364352061897,0.48776954412460327,0.025480497628450394,0.643923282623291,1112.7530517578125,132.8866424560547,1184.362060546875,293.154541015625,0
47,1,0,predicted,741.0780451513723,191.04134589458312,0.2695824999348009,0.012617491435686246,1.4778269529342651,0,0,0,0,30
47,4,1,predicted,1340.5023467156977,204.90513535274937,0.7107462111528564,0.01941997798391792,0.6903476715087891,0,0,0,0,30
47,7,2,predicted,1361.28783837826,180.22358233871563,2.420530302773074,-0.015429936395154444,2.285841464996338,0,0,0,0,26
47,9,2,predicted,1201.2213745117188,120.75106048583984,2.0013576743001122,-0.2182288588374195,2.4034245014190674,0,0,0,0,29
48,0,0,detected,151.49232658448994,284.6271264840521,-0.17142927646636963,0.036814529448747635,0.26312875747680664,0.0,200.27236938476562,302.923095703125,368.9898986816406,0
48,2,2,detected,1009.9975431318238,182.1246453695943,0.8330420255661011,-0.006279211491346359,1.4810444116592407,990.9002075195312,147.6913299560547,1029.280517578125,216.65798950195312,0
48,3,0,detected,464.45126509801923,183.74687085689163,-0.7231528162956238,-0.00977233611047268,3.4574239253997803,447.2519226074219,171.4233856201172,481.7074279785156,196.08505249023438,0
48,5,1,detected,1197.408439494354,208.9200526199438,0.5287027955055237,0.018199751153588295,0.6439019441604614,1162.026611328125,114.34517669677734,1224.0,297.0292053222656,0
48,6,1,detected,519.0669052516303,223.05379283975535,-0.1043793186545372,0.04264961555600166,0.7941741943359375,493.1376953125,169.56321716308594,545.1804809570312,277.90655517578125,0
48,8,1,detected,535.2170432867559,220.03782630296834,-0.08774903416633606,0.038249578326940536,0.7960346937179565,514.4552001953125,167.33901977539062,555.2503662109375,271.44097900390625,0
48,10,1,detected,1154.107458409867,215.0123182695416,0.48741403222084045,0.023041389882564545,0.6270751357078552,1125.6329345703125,132.42845153808594,1199.8114013671875,291.37847900390625,0
48,1,0,predicted,735.2647521451668,191.49684799524874,0.25744130226149753,0.013568818168896284,1.4778269529342651,0,0,0,0,31
48,4,1,predicted,1346.5619603297016,204.86074694070354,0.7166581309107268,0.01937667147183474,0.6903476715087891,0,0,0,0,31
48,7,2,predicted,1368.6596569524295,179.89279952592418,2.4443445292043253,-0.016498510821413886,2.285841464996338,0,0,0,0,27
48,9,2,predicted,1201.2213745117188,120.75106048583984,2.0013576743001122,-0.2182288588374195,2.4034245014190674,0,0,0,0,30
49,0,0,detected,151.52883137178512,284.5956015304239,-0.17033246159553528,0.03657899051904678,0.2614452540874481,0.0,200.22998046875,303.0680236816406,368.98516845703125,0
49,2,2,detected,1010.0741649474096,182.11207991638778,0.8188141584396362,-0.0061719659715890884,1.4557490348815918,991.0887451171875,147.74671936035156,1029.33056640625,216.66651916503906,0
49,3,0,detected,464.47097176229437,183.72168560336482,-0.7173740863800049,-0.009694243781268597,3.429795265197754,447.3942565917969,171.4186553955078,481.5713806152344,196.00369262695312,0
49,5,1,detected,1208.2819023041418,209.8168547654747,0.9205301403999329,0.04346516355872154,1.0984177589416504,1186.9212646484375,134.42161560058594,1224.0,293.0057067871094,0
49,6,1,detected,526.3032738312226,223.88154184077126,-0.1643507331609726,0.07571212947368622,1.30666983127594,499.1466064453125,171.7119140625,548.7518310546875,280.294677734375,0
49,8,1,detected,545.1068637837437,219.90891729127114,-0.07369966804981232,0.037966493517160416,0.7901432514190674,526.8626708984375,166.9170684814453,566.8526611328125,272.6305847167969,0
49,10,1,detected,1166.2213109715935,214.27805677422492,0.5008503794670105,0.02414814382791519,0.6328549981117249,1124.8433837890625,132.49452209472656,1219.3272705078125,292.9461364746094,0
49,1,0,predicted,729.3991466196767,191.95411180298234,0.24519084867476543,0.014523824268298917,1.4778269529342651,0,0,0,0,32
49,4,1,predicted,1352.6785010653218,204.8126872174491,0.7226255902782953,0.019329783131164142,0.6903476715087891,0,0,0,0,32
49,7,2,predicted,1376.0996565231085,179.55598643479067,2.4683790103356684,-0.017586565707269054,2.285841464996338,0,0,0,0,28
49,9,2,predicted,1201.2213745117188,120.75106048583984,2.0013576743001122,-0.2182288588374195,2.4034245014190674,0,0,0,0,31
50,0,0,detected,151.60242111323805,284.5336070146299,-0.16924451291561127,0.03634535148739815,0.2597753405570984,0.0,200.02049255371094,303.2768859863281,368.9803466796875,0
50,2,2,detected,1010.043329956821,182.13997013085228,0.8190569877624512,-0.006173796020448208,1.4561806917190552,991.0690307617188,148.02293395996094,1029.087646484375,216.62522888183594,0
50,3,0,detected,464.51056267647607,183.70458981520233,-0.7041919827461243,-0.009516107849776745,3.3667712211608887,447.4140930175781,171.3719024658203,481.6631774902344,196.07484436035156,0
50,6,1,detected,535.7714089575312,223.92347080208748,-0.08644016832113266,0.04378138482570648,0.794344961643219,512.044677734375,170.173583984375,558.7135620117188,278.4576416015625,0
50,8,1,detected,554.5969194184632,219.59412159872434,-0.06359550356864929,0.037934157997369766,0.7894702553749084,534.9934692382812,167.4764404296875,576.5392456054688,270.7234802246094,0
50,10,1,detected,1173.572549199925,213.59485728915527,0.5156526565551758,0.02477334998548031,0.6492398977279663,1125.7718505859375,131.14337158203125,1223.6600341796875,293.3284606933594,0
50,1,0,predicted,723.4812285749022,192.4131373177839,0.23283113917460477,0.015482509733894147,1.4778269529342651,0,0,0,0,33
50,4,1,predicted,1358.8519689225586,204.7609561829861,0.728648589255562,0.019279312961906117,0.6903476715087891,0,0,0,0,33
50,5,1,predicted,1222.440162361925,208.84510946977255,0.9476028949401901,0.037015413068980554,1.0984177589416504,0,0,0,0,1
50,7,2,predicted,1383.6078370902972,179.21314306531508,2.492633746167104,-0.01869410105272004,2.285841464996338,0,0,0,0,29
50,9,2,predicted,1201.2213745117188,120.75106048583984,2.0013576743001122,-0.2182288588374195,2.4034245014190674,0,0,0,0,32
51,0,0,detected,151.64906916742333,284.47100552069315,-0.1675693690776825,0.035985615104436874,0.2572041451931,0.0,199.9332733154297,303.31640625,368.980224609375,0
51,2,2,detected,1009.9759298648598,182.13763109189375,0.8053927421569824,-0.006086091510951519,1.435494303703308,990.9679565429688,147.8902587890625,1028.9896240234375,216.63194274902344,0
51,3,0,detected,464.53633956208756,183.66062244534967,-0.7055425643920898,-0.009534358978271484,3.3732283115386963,447.4256286621094,171.28097534179688,481.6748352050781,195.9896240234375,0
51,6,1,detected,545.7180521094411,223.3288919471376,-0.07506636530160904,0.041454557329416275,0.7927839159965515,523.8762817382812,169.69517517089844,567.3872680664062,275.1285095214844,0
51,8,1,detected,564.558637625937,219.31119029947246,-0.05213860794901848,0.036607954651117325,0.7849568724632263,540.38525390625,166.77696228027344,591.5018920898438,271.0907897949219,0
51,10,1,detected,1179.83819192536,212.62838709265188,0.5501159429550171,0.024255555123090744,0.6865235567092896,1135.732177734375,129.1492462158203,1223.95654296875,292.2826232910156,0
51,1,0,predicted,717.5109980108432,192.87392453965344,0.22036217376101552,0.01644487456568197,1.4778269529342651,0,0,0,0,34
51,4,1,predicted,1365.0823639014118,204.70555383731448,0.7347271278425266,0.019225260964060676,0.6903476715087891,0,0,0,0,34
51,5,1,predicted,1236.8158320376338,207.84589853771772,0.9699186386302798,0.035464310716528086,1.0984177589416504,0,0,0,0,2
51,7,2,predicted,1391.1841986539953,178.86426941749744,2.5171087366986313,-0.019821116857766746,2.285841464996338,0,0,0,0,30
51,9,2,predicted,1201.2213745117188,120.75106048583984,2.0013576743001122,-0.2182288588374195,2.4034245014190674,0,0,0,0,33
52,0,0,detected,151.7808580702122,284.45257415215247,-0.16820360720157623,0.03612181544303894,0.25817763805389404,0.0,200.10604858398438,303.72406005859375,368.9886169433594,0
52,2,2,detected,1009.962164560714,182.2107301714016,0.8107381463050842,-0.006111091934144497,1.4413909912109375,990.9483032226562,148.23736572265625,1029.077880859375,216.74673461914062,0
52,3,0,detected,464.4866686643711,183.69620675562368,-0.713408350944519,-0.009640653617680073,3.410835027694702,447.3260192871094,171.51113891601562,481.54193115234375,196.18260192871094,0
52,6,1,detected,555.9208061623377,223.05584465171106,-0.062872514128685,0.04081198200583458,0.7804951667785645,530.0687866210938,169.91514587402344,581.7844848632812,275.831787109375,0
52,8,1,detected,571.5588701127604,220.05190025693685,-0.04533494636416435,0.038858525454998016,0.7637795805931091,546.23095703125,167.6043701171875,594.064208984375,276.0633544921875,0
52,10,1,detected,1190.138881333959,210.64256925573773,0.5743023157119751,0.02075791545212269,0.699437141418457,1163.4444580078125,124.86970520019531,1224.0,288.27435302734375,0
52,1,0,predicted,711.4884549274998,193.33647346859095,0.2077839524339977,0.017410918763662395,1.4778269529342651,0,0,0,0,35
52,4,1,predicted,1371.3696860018815,204.64648018043428,0.7408612060391894,0.019167627137627808,0.6903476715087891,0,0,0,0,35
52,5,1,predicted,1251.4089113312677,206.81922196931018,0.9925718731934089,0.03387057270848819,1.0984177589416504,0,0,0,0,3
52,7,2,predicted,1398.8287412142029,178.50936549133775,2.5418039819302503,-0.020967613122409173,2.285841464996338,0,0,0,0,31
52,9,2,predicted,1201.2213745117188,120.75106048583984,2.0013576743001122,-0.2182288588374195,2.4034245014190674,0,0,0,0,34
53,0,0,detected,151.69770576937148,284.44722259253183,-0.16705936193466187,0.035876087844371796,0.2564213275909424,0.0,200.1809844970703,303.1718444824219,368.97918701171875,0
53,2,2,detected,1010.0324061020506,182.2291217932467,0.7872612476348877,-0.005934129469096661,1.3996518850326538,991.0606079101562,148.03927612304688,1029.24755859375,216.746337890625,0
53,3,0,detected,464.4837545236304,183.71840682712963,-0.7035360932350159,-0.00950724445283413,3.363635540008545,447.5097961425781,171.4964599609375,481.4403381347656,196.19052124023438,0
53,6,1,detected,564.2381240983542,222.84621763202384,-0.05601087957620621,0.04144805297255516,0.7926594614982605,536.4426879882812,167.9414825439453,588.5099487304688,277.70556640625,0
53,8,1,detected,579.8482373563128,220.2275853587986,-0.036055684089660645,0.03824087977409363,0.7731149196624756,558.5924072265625,166.7401885986328,600.4829711914062,274.7510986328125,0
53,10,1,detected,1199.8445411813648,210.998934038379,0.9994195103645325,0.04573614522814751,1.1986159086227417,1181.2210693359375,128.7898712158203,1224.0,295.8950500488281,0
53,1,0,predicted,705.4135993248719,193.80078410459643,0.1950964751935513,0.01838064232783541,1.4778269529342651,0,0,0,0,36
53,4,1,predicted,1377.7139352239676,204.5837352123455,0.7470508238455502,0.019106411482607524,0.6903476715087891,0,0,0,0,36
53,5,1,predicted,1266.2194002428273,205.76507976454994,1.0155625986295778,0.03223419904486088,1.0984177589416504,0,0,0,0,4
53,7,2,predicted,1406.5414647709201,178.148431286836,2.5667194818619623,-0.022133589846647324,2.285841464996338,0,0,0,0,32
53,9,2,predicted,1201.2213745117188,120.75106048583984,2.0013576743001122,-0.2182288588374195,2.4034245014190674,0,0,0,0,35
54,0,0,detected,151.63074700062512,284.474698267766,-0.16652601957321167,0.035761553794145584,0.2556026875972748,0.0,200.37684631347656,303.0797424316406,368.9891662597656,0
54,2,2,detected,1010.0574594443459,182.25924382803575,0.7712128162384033,-0.005813161842525005,1.3711198568344116,991.0596923828125,148.10609436035156,1029.206298828125,216.78932189941406,0
54,3,0,detected,464.4856543360332,183.70527361748057,-0.6998368501663208,-0.009457254782319069,3.345949172973633,447.455078125,171.40489196777344,481.50811767578125,196.1182098388672,0
54,6,1,detected,571.8804264848551,222.8216445459852,-0.0479404553771019,0.04236598685383797,0.7888927459716797,543.3235473632812,168.84561157226562,595.7310180664062,277.5453186035156,0
54,8,1,detected,587.8204360019323,219.65626010072648,-0.027001626789569855,0.035642147064208984,0.764247715473175,567.4639282226562,165.2533416748047,606.8126220703125,271.9846496582031,0
54,1,0,predicted,699.2864312029595,194.26685644766988,0.18229974203967614,0.019354045258201023,1.4778269529342651,0,0,0,0,37
54,4,1,predicted,1384.1151115676703,204.51731893304813,0.7532959812616092,0.019041613998999844,0.6903476715087891,0,0,0,0,37
54,5,1,predicted,1281.2472987723122,204.683471923437,1.0388908149387863,0.030555189725646133,1.0984177589416504,0,0,0,0,5
54,7,2,predicted,1414.3223693241468,177.7814668039922,2.5918552364937653,-0.0233190470304812,2.285841464996338,0,0,0,0,33
54,9,2,predicted,1201.2213745117188,120.75106048583984,2.0013576743001122,-0.2182288588374195,2.4034245014190674,0,0,0,0,36
54,10,1,predicted,1206.7593976225187,210.7651276445995,1.0074815097028684,0.043644354004042374,1.1986159086227417,0,0,0,0,1
55,0,0,detected,151.62350415714556,284.4484679702389,-0.16608349978923798,0.03566652163863182,0.2549234628677368,0.0,200.1279296875,303.1798095703125,368.973388671875,0
55,2,2,detected,1010.1263526985961,182.24477945437775,0.7691784501075745,-0.005797826685011387,1.3675029277801514,991.2410888671875,147.95166015625,1029.2303466796875,216.73191833496094,0
55,3,0,detected,464.4857758110449,183.7690911585159,-0.6851983070373535,-0.009259437210857868,3.2759618759155273,447.55889892578125,171.62010192871094,481.4017639160156,196.35887145996094,0
55,6,1,detected,583.3752058867369,221.97207174589434,-0.030102428048849106,0.03762803226709366,0.7607250809669495,562.6083984375,166.40509033203125,606.1771850585938,274.91619873046875,0
55,8,1,detected,595.493401150309,219.36473023293726,-0.019037829712033272,0.03490268811583519,0.7483921051025391,573.507080078125,164.19483947753906,615.4583129882812,273.7799377441406,0
55,1,0,predicted,693.1069505617627,194.7346904978113,0.16939375297237236,0.02033112755475923,1.4778269529342651,0,0,0,0,38
55,4,1,predicted,1390.5732150329893,204.44723134254218,0.7595966782873663,0.018973234686804744,0.6903476715087891,0,0,0,0,38
55,5,1,predicted,1296.4926069197224,203.57439844597135,1.0625565221210342,0.028833544750843966,1.0984177589416504,0,0,0,0,6
55,7,2,predicted,1422.1714548738832,177.40847204280635,2.6172112458256613,-0.024523984673910794,2.285841464996338,0,0,0,0,34
55,9,2,predicted,1201.2213745117188,120.75106048583984,2.0013576743001122,-0.2182288588374195,2.4034245014190674,0,0,0,0,37
55,10,1,predicted,1213.7857536747085,210.52021762705388,1.0193836735551207,0.04322949328018576,1.1986159086227417,0,0,0,0,2
56,0,0,detected,151.67141603977078,284.41839350577663,-0.16709567606449127,0.035883888602256775,0.2564770579338074,0.0,200.0572052001953,303.37432861328125,368.98834228515625,0
56,2,2,detected,1010.2140746136564,182.17674905189008,0.7700151205062866,-0.005804133601486683,1.368990421295166,991.3231201171875,147.72015380859375,1029.3428955078125,216.6201171875,0
56,3,0,detected,464.54418598306677,183.83100404888648,-0.6748049855232239,-0.0045594931580126286,3.2262706756591797,447.8083801269531,171.59866333007812,481.3703918457031,196.48867797851562,0
56,6,1,detected,594.8002529812428,221.60773035967264,-0.018317492678761482,0.038789987564086914,0.7624324560165405,573.5213012695312,165.17178344726562,617.5923461914062,277.60931396484375,0
56,1,0,predicted,686.8751574012814,195.2042862550207,0.15637850799164005,0.02131188921751003,1.4778269529342651,0,0,0,0,39
56,4,1,predicted,1397.0882456199247,204.37347244082764,0.7659529149228214,0.01890127354602222,0.6903476715087891,0,0,0,0,39
56,5,1,predicted,1311.955324685058,202.437859332153,1.0865597201763217,0.027069264120454378,1.0984177589416504,0,0,0,0,7
56,7,2,predicted,1430.088721420129,177.02944700327845,2.6427875098576488,-0.025748402776936116,2.285841464996338,0,0,0,0,35
56,8,1,predicted,604.3802164634509,219.23631203281838,-0.00805911893848747,0.03621028200659501,0.7483921051025391,0,0,0,0,1
56,9,2,predicted,1201.2213745117188,120.75106048583984,2.0013576743001122,-0.2182288588374195,2.4034245014190674,0,0,0,0,38
56,10,1,predicted,1220.9236093379343,210.26420398574214,1.0314747100790902,0.042795823781419835,1.1986159086227417,0,0,0,0,3
57,0,0,detected,151.6747547250529,284.42140006620144,-0.1651841402053833,0.03547338396310806,0.25354301929473877,0.0,200.24534606933594,303.3002624511719,368.9598693847656,0
57,2,2,detected,1010.3334779753009,182.13109345552678,0.7675920724868774,-0.005785869434475899,1.3646825551986694,991.4654541015625,147.7655029296875,1029.478759765625,216.59791564941406,0
57,3,0,detected,464.57223353153705,183.85465423369573,-0.6848768591880798,-0.009255092591047287,3.2744247913360596,447.7793273925781,171.4928741455078,481.3962097167969,196.47874450683594,0
57,6,1,detected,600.8682044998977,221.8387069654742,-0.016578303650021553,0.03833732753992081,0.733169436454773,575.0496215820312,170.66099548339844,618.5746459960938,275.07061767578125,0
57,5,1,predicted,1327.6354520683192,201.27385458198196,1.110900409104649,0.025262347834477363,1.0984177589416504,0,0,0,0,8
57,7,2,predicted,1438.0741689628846,176.64439168540846,2.668584028589729,-0.02699230133955725,2.285841464996338,0,0,0,0,36
57,8,1,predicted,613.3972394330409,219.09906156406043,0.0014778003498930382,0.036065118059774505,0.7483921051025391,0,0,0,0,2
57,9,2,predicted,1201.2213745117188,120.75106048583984,2.0013576743001122,-0.2182288588374195,2.4034245014190674,0,0,0,0,39
57,10,1,predicted,1228.172964612196,209.99708672066427,1.0437546192747764,0.04234334550774461,1.1986159086227417,0,0,0,0,4
58,0,0,detected,151.6465295859476,284.4382467790004,-0.1655953824520111,0.0355616956949234,0.25417423248291016,0.0,200.322998046875,303.19140625,368.98028564453125,0
58,2,2,detected,1010.2885034555004,182.11595679217103,0.7662977576255798,-0.005776113830506802,1.3623814582824707,991.2605590820312,147.85520935058594,1029.2913818359375,216.61737060546875,0
58,3,0,detected,464.6152880631582,183.95671610452243,-0.6666504740715027,-0.004504395183175802,3.187283754348755,447.90277099609375,171.78244018554688,481.382080078125,196.71449279785156,0
58,6,1,detected,604.1811704070019,221.7322798799208,-0.027964159846305847,0.06897826492786407,1.319151759147644,576.5322875976562,168.34718322753906,619.2921142578125,275.7008361816406,0
58,11,1,detected,15.397266363725066,151.48834737141928,-1.6921223402023315,-0.09636878222227097,2.0055878162384033,0.03752131387591362,172.90370178222656,30.75701141357422,281.56134033203125,0
58,5,1,predicted,1343.5329890695057,200.08238419545822,1.1355785889060157,0.02341279589291292,1.0984177589416504,0,0,0,0,9
58,7,2,predicted,1446.1277975021496,176.25330608919643,2.6946008020219008,-0.02825568036177411,2.285841464996338,0,0,0,0,37
58,8,1,predicted,622.544470059079,218.9529788266634,0.011152434703929077,0.035910612600413956,0.7483921051025391,0,0,0,0,3
58,10,1,predicted,1235.5338194974938,209.7188658318203,1.05622340114218,0.04187205845916012,1.1986159086227417,0,0,0,0,5
59,0,0,detected,151.61098848917004,284.49110257522824,-0.16543038189411163,0.03552626073360443,0.2539209723472595,0.0,200.58656311035156,303.11376953125,368.9715270996094,0
59,2,2,detected,1010.394554521514,182.09236340945634,0.766869306564331,-0.00578042259439826,1.3633977174758911,991.5967407226562,147.7657928466797,1029.4307861328125,216.6313018798828,0
59,3,0,detected,464.5865090782243,184.0659883837103,-0.6712585687637329,-0.004535531159490347,3.209315299987793,447.83734130859375,171.8361358642578,481.2613830566406,196.8886260986328,0
59,6,1,detected,608.9630761327693,221.26763363732928,-0.015562161803245544,0.06808445602655411,1.3764618635177612,588.1265258789062,164.45382690429688,620.4755859375,277.2080078125,0
59,11,1,detected,16.454885018972032,186.03054585099432,-1.034639596939087,0.07464681565761566,1.2283639907836914,0.05385982617735863,173.77975463867188,33.406646728515625,282.2218322753906,0
59,5,1,predicted,1359.6479356886175,198.86344817258177,1.160594259580422,0.02152060829576106,1.0984177589416504,0,0,0,0,10
59,7,2,predicted,1454.2496070379243,175.85619021464234,2.7208378301541654,-0.029538539843586693,2.285841464996338,0,0,0,0,38
59,8,1,predicted,631.8219083415653,218.79806382062733,0.020964784123620767,0.03574676562851341,0.7483921051025391,0,0,0,0,4
59,10,1,predicted,1243.0061739938276,209.4295413192102,1.0688810556813009,0.04138196263566634,1.1986159086227417,0,0,0,0,6
60,0,0,detected,151.62710534696612,284.5034094883378,-0.16398794949054718,0.03521650284528732,0.2517069876194,0.0,200.4420623779297,303.24200439453125,368.9678955078125,0
60,2,2,detected,1010.3983615746076,182.09389260999842,0.7452663779258728,-0.005617585498839617,1.3249902725219727,991.4796752929688,147.87794494628906,1029.3626708984375,216.6312713623047,0
60,3,0,detected,464.5602292824575,184.19848670356984,-0.6513456702232361,-0.004400983918458223,3.1141107082366943,447.8274230957031,172.04019165039062,481.2278747558594,197.02195739746094,0
60,11,1,detected,16.56724163133618,199.37282471348362,-1.0669156312942505,0.06623469293117523,1.2666833400726318,0.0,174.8745880126953,33.303619384765625,271.1107177734375,0
60,5,1,predicted,1375.9802919256547,197.61704651335262,1.1859474211278678,0.01958578504302177,1.0984177589416504,0,0,0,0,11
60,6,1,predicted,618.8728261106538,220.99455079288362,0.01336950330733618,0.0700191243199892,1.3764618635177612,0,0,0,0,1
60,7,2,predicted,1462.4395975702084,175.4530440617462,2.747295112986521,-0.030840879784994994,2.285841464996338,0,0,0,0,39
60,8,1,predicted,641.2295542804997,218.63431654595217,0.030914848608967982,0.03557357714407282,0.7483921051025391,0,0,0,0,5
60,10,1,predicted,1250.5900281011973,209.12911318283395,1.0817275828921387,0.040873058037263245,1.1986159086227417,0,0,0,0,7
61,0,0,detected,151.6318153847084,284.54630789667266,-0.16311638057231903,0.0350293293595314,0.25036919116973877,0.0,200.65834045410156,303.2317199707031,368.9639892578125,0
61,2,2,detected,1010.4205392476117,182.08252593652242,0.7362830638885498,-0.0055498722940683365,1.3090190887451172,991.58203125,147.76808166503906,1029.3336181640625,216.66558837890625,0
61,3,0,detected,464.5521286421415,184.2757882125778,-0.6408840417861938,-0.004330297466367483,3.0640933513641357,447.83349609375,171.98411560058594,481.2413024902344,196.9807586669922,0
61,5,1,predicted,1392.5300577806174,196.34317921777077,1.2116380735483534,0.017608326134695058,1.0984177589416504,0,0,0,0,12
61,6,1,predicted,628.8951713024478,220.71218630802414,0.03286567199131408,0.06946984912323265,1.3764618635177612,0,0,0,0,2
61,8,1,predicted,650.7674078758821,218.46173700263796,0.04100262815997073,0.03539104714709222,0.7483921051025391,0,0,0,0,6
61,10,1,predicted,1258.285381819603,208.8175814226916,1.0947629827746932,0.04034534466395089,1.1986159086227417,0,0,0,0,8
61,11,1,predicted,16.57008907431027,199.5005699360964,-1.0658950359697006,0.025957858733679874,1.2666833400726318,0,0,0,0,1
62,0,0,detected,151.6236120169214,284.5975359832166,-0.1628950536251068,0.034981802105903625,0.25002947449684143,0.0,200.78228759765625,303.1944885253906,368.96917724609375,0
62,2,2,detected,1010.426883321949,182.07996765545286,0.739705502986908,-0.005575669463723898,1.3151037693023682,991.5221557617188,147.83726501464844,1029.3739013671875,216.62930297851562,0
62,3,0,detected,464.5313878736164,184.34479324485315,-0.6333123445510864,-0.004279137123376131,3.027892589569092,447.8035583496094,172.04225158691406,481.20977783203125,197.0150604248047,0
62,5,1,predicted,1409.2972332535055,195.04184628583621,1.2376662168418784,0.015588231570780924,1.0984177589416504,0,0,0,0,13
62,6,1,predicted,639.0301117081514,220.42054018275087,0.05258086878112762,0.06890251862866818,1.3764618635177612,0,0,0,0,3
62,8,1,predicted,660.4354691277127,218.2803251906847,0.051228122776629116,0.03519917563757162,0.7483921051025391,0,0,0,0,7
62,10,1,predicted,1266.0922351490444,208.49494603878313,1.107987255328965,0.039798822515729235,1.1986159086227417,0,0,0,0,9
62,11,1,predicted,16.572938896403734,199.62843387391152,-1.0658899344268202,0.026186751394421046,1.2666833400726318,0,0,0,0,2
63,0,0,detected,151.66284855009272,284.6184572124878,-0.16284355521202087,0.03497074171900749,0.24995043873786926,0.0,200.6855010986328,303.35791015625,368.9749755859375,0
63,2,2,detected,1010.4335597871288,182.09454853108437,0.7381316423416138,-0.005563806276768446,1.3123056888580322,991.5322265625,147.86041259765625,1029.375,216.7038116455078,0
63,3,0,detected,464.5156323595267,184.3953657842857,-0.6374133229255676,-0.004306846763938665,3.047499656677246,447.7755432128906,172.0418701171875,481.21826171875,197.0322723388672,0
63,5,1,predicted,1426.281818344319,193.71304771754896,1.264031851008443,0.01352550135127936,1.0984177589416504,0,0,0,0,14
63,6,1,predicted,649.2776473277645,220.11961241706376,0.0725150936767768,0.06831713283629574,1.3764618635177612,0,0,0,0,4
63,8,1,predicted,670.2337380359915,218.09008111009234,0.06159133245894304,0.034997962615510976,0.7483921051025391,0,0,0,0,8
63,10,1,predicted,1274.0105880895221,208.16120703110852,1.1214004005549538,0.03923349159259828,1.1986159086227417,0,0,0,0,10
63,11,1,predicted,16.57579109761657,199.75641652692892,-1.0658848286250144,0.026415856570426388,1.2666833400726318,0,0,0,0,3
64,0,0,detected,151.65512571507134,284.5750410606712,-0.1629960834980011,0.03500349819660187,0.250184565782547,0.0,200.34275817871094,303.25836181640625,368.96832275390625,0
64,2,2,detected,1010.4939170503355,182.1009153768577,0.7477864623069763,-0.005636581219732761,1.3294706344604492,991.6304931640625,147.80540466308594,1029.4873046875,216.73211669921875,0
64,3,0,detected,464.5093228188792,184.40356725246363,-0.6444792151451111,-0.004354589618742466,3.081282138824463,447.77197265625,171.9610137939453,481.2281188964844,196.953369140625,0
64,5,1,predicted,1443.483813053058,192.356783512909,1.2907349760480473,0.011420135476190377,1.0984177589416504,0,0,0,0,15
64,6,1,predicted,659.6377781612872,219.80940301096285,0.09266834667826161,0.0677136917461154,1.3764618635177612,0,0,0,0,5
64,8,1,predicted,680.1622146007182,217.89100476086094,0.07209225720691251,0.03478740808091033,0.7483921051025391,0,0,0,0,9
64,10,1,predicted,1282.0404406410357,207.8163643996678,1.13500241845266,0.03864935189455806,1.1986159086227417,0,0,0,0,11
64,11,1,predicted,16.578645677948778,199.88451789514863,-1.0658797185642834,0.026645174261695954,1.2666833400726318,0,0,0,0,4
65,0,0,detected,151.6579034630309,284.56126602554946,-0.16268298029899597,0.03493626043200493,0.24970397353172302,0.0,200.45645141601562,303.28509521484375,368.96258544921875,0
65,2,2,detected,1010.5038396637011,182.1241033807832,0.7431047558784485,-0.005601292010396719,1.3211472034454346,991.6256103515625,147.86553955078125,1029.4156494140625,216.78213500976562,0
65,3,0,detected,464.4888993839998,184.43292462167608,-0.636678159236908,-0.004301879554986954,3.043984889984131,447.7392883300781,172.05213928222656,481.1968994140625,197.0137939453125,0
65,5,1,predicted,1460.9032173797223,190.97305367191635,1.3177755919606913,0.009272133945513968,1.0984177589416504,0,0,0,0,16
65,6,1,predicted,670.1105042087195,219.48991196444814,0.11304062778558208,0.06709219535812713,1.3764618635177612,0,0,0,0,6
65,8,1,predicted,690.2208988218932,217.68309614299045,0.0827308970205376,0.034567512033769655,0.7483921051025391,0,0,0,0,10
65,10,1,predicted,1290.1817928035853,207.46041814446096,1.148793309022083,0.03804640342160854,1.1986159086227417,0,0,0,0,12
65,11,1,predicted,16.58150263740036,200.01273797857064,-1.0658746042446272,0.02687470446822969,1.2666833400726318,0,0,0,0,5
66,0,0,detected,151.65049074777107,284.5345324458157,-0.1630166918039322,0.03500792384147644,0.25021618604660034,0.0,200.3404998779297,303.2543029785156,368.9783020019531,0
66,2,2,detected,1010.471773814919,182.14047183390193,0.7374927401542664,-0.005558990407735109,1.3111697435379028,991.5914916992188,147.97769165039062,1029.3106689453125,216.66578674316406,0
66,3,0,detected,464.4736608704427,184.44080285057808,-0.638141930103302,-0.00431177020072937,3.050983428955078,447.7093505859375,171.95457458496094,481.2083435058594,197.04061889648438,0
66,5,1,predicted,1478.540031324312,189.561858194571,1.3451536987463746,0.007081496759250133,1.0984177589416504,0,0,0,0,17
66,6,1,predicted,680.6958254700613,219.16113927751962,0.13363193699873818,0.06645264367233096,1.3764618635177612,0,0,0,0,7
66,8,1,predicted,700.4097906995163,217.4663552564809,0.09350725189981825,0.034338274474088964,0.7483921051025391,0,0,0,0,11
66,10,1,predicted,1298.4346445771707,207.09336826548798,1.162773072263223,0.03742464617374971,1.1986159086227417,0,0,0,0,13
66,11,1,predicted,16.584361975971312,200.14107677719497,-1.0658694856660456,0.027104447190027654,1.2666833400726318,0,0,0,0,6
67,0,0,detected,151.66315782714554,284.5349399132033,-0.16218753159046173,0.03482986241579056,0.2489435076713562,0.0,200.4657745361328,303.317138671875,368.9720764160156,0
67,2,2,detected,1010.510259130005,182.10944909752632,0.7461358904838562,-0.005624140612781048,1.3265362977981567,991.56640625,147.7780303955078,1029.5372314453125,216.604248046875,0
67,3,0,detected,464.43377998480855,184.47113965847433,-0.6348621249198914,-0.0042896089144051075,3.03530216217041,447.6650390625,172.04486083984375,481.13262939453125,197.10801696777344,0
67,5,1,predicted,1496.394254886827,188.12319708087293,1.3728692964050977,0.004848223917398874,1.0984177589416504,0,0,0,0,18
67,6,1,predicted,691.3937419453127,218.8230849501773,0.15444227431772994,0.06579503668872687,1.3764618635177612,0,0,0,0,8
67,8,1,predicted,710.7288902335874,217.2407821013323,0.10442132184475439,0.03409969540186824,0.7483921051025391,0,0,0,0,12
67,10,1,predicted,1306.7989959617921,206.7152147627489,1.17694170817608,0.03678408015098163,1.1986159086227417,0,0,0,0,14
67,11,1,predicted,16.587223693661638,200.26953429102159,-1.0658643628285387,0.027334402427089784,1.2666833400726318,0,0,0,0,7
68,0,0,detected,151.65534605983373,284.54899552637147,-0.1638202965259552,0.03518049791455269,0.2514496445655823,0.0,200.5601043701172,303.2663879394531,368.9607238769531,0
68,2,2,detected,1010.5176538215596,182.0981140671962,0.75706547498703,-0.005706523545086384,1.3459676504135132,991.6253662109375,147.9611358642578,1029.4332275390625,216.483642578125,0
68,3,0,detected,464.3618448585551,184.51012844874862,-0.6358609795570374,-0.004296358209103346,3.0400779247283936,447.51611328125,172.0506591796875,481.0876770019531,197.21432495117188,0
68,5,1,predicted,1514.4658880672675,186.65707033082217,1.4009223849368602,0.0025723154199601907,1.0984177589416504,0,0,0,0,19
68,6,1,predicted,702.2042536344737,218.47574898242115,0.1754716397425573,0.06511937440731483,1.3764618635177612,0,0,0,0,9
68,8,1,predicted,721.1781974241068,217.0063766775446,0.11547310685534622,0.03385177481710751,0.7483921051025391,0,0,0,0,13
68,10,1,predicted,1315.2748469574494,206.3259576362437,1.191299216760654,0.03612470535330424,1.1986159086227417,0,0,0,0,15
68,11,1,predicted,16.590087790471333,200.39811052005052,-1.0658592357321064,0.02756457017941614,1.2666833400726318,0,0,0,0,8
69,0,0,detected,151.6966576095572,284.58047819739045,-0.16251692175865173,0.034900594502687454,0.24944907426834106,0.0,200.69058227539062,303.4365539550781,368.95880126953125,0
69,2,2,detected,1010.5744084404533,182.09877490754215,0.7362966537475586,-0.005549974739551544,1.309043288230896,991.8137817382812,147.8715057373047,1029.44140625,216.6223907470703,0
69,3,0,detected,464.25650758315777,184.52176941240137,-0.6339651942253113,-0.004283548798412085,3.0310142040252686,447.2716064453125,171.8503875732422,481.0730285644531,197.32350158691406,0
69,5,1,predicted,1532.7549308656335,185.16347794441873,1.4293129643416624,0.00025377126693412755,1.0984177589416504,0,0,0,0,20
69,6,1,predicted,713.1273605375443,218.1191313742512,0.19672003327322032,0.06442565682809485,1.3764618635177612,0,0,0,0,10
69,8,1,predicted,731.7577122710742,216.76313898511788,0.12666260693159354,0.03359451271980677,0.7483921051025391,0,0,0,0,14
69,10,1,predicted,1323.862197564143,205.92559688597234,1.2058455980169456,0.03544652178071755,1.1986159086227417,0,0,0,0,16
69,11,1,predicted,16.5929542664004,200.52680546428175,-1.0658541043767487,0.027794950447006663,1.2666833400726318,0,0,0,0,9
70,0,0,detected,151.64981902298453,284.57997950572826,-0.1626538336277008,0.03493000194430351,0.2496592402458191,0.0,200.53085327148438,303.1872863769531,368.9777526855469,0
70,2,2,detected,1010.5460697477138,182.07346968092156,0.7431154251098633,-0.005601372569799423,1.3211661577224731,991.5628051757812,147.79525756835938,1029.4808349609375,216.53855895996094,0
70,3,0,detected,464.1176930356142,184.58038962442942,-0.6284281015396118,-0.004246135707944632,3.0045409202575684,447.0346374511719,171.92056274414062,480.98760986328125,197.564453125,0
70,5,1,predicted,1551.2613832819247,183.6424199216626,1.458041034619504,-0.00210740854167936,1.0984177589416504,0,0,0,0,21
70,6,1,predicted,724.1630626545243,217.75323212566744,0.21818745490971878,0.06371388395106699,1.3764618635177612,0,0,0,0,11
70,8,1,predicted,742.4674347744897,216.51106902405206,0.13798982207349642,0.03332790910996599,0.7483921051025391,0,0,0,0,15
70,10,1,predicted,1332.5610477818723,205.5141325119349,1.220580851944954,0.0347495294332216,1.1986159086227417,0,0,0,0,17
70,11,1,predicted,16.59582312144884,200.6556191237153,-1.0658489687624657,0.02802554322986141,1.2666833400726318,0,0,0,0,10
71,0,0,detected,151.65928228553892,284.6140929966235,-0.16261066496372223,0.03492072969675064,0.24959297478199005,0.0,200.741455078125,303.3111572265625,368.97381591796875,0
71,2,2,detected,1010.5558050513686,182.08066357948633,0.7387751340866089,-0.005568656604737043,1.313449740409851,991.6795043945312,147.92295837402344,1029.4522705078125,216.55911254882812,0
71,3,0,detected,464.0032238279779,184.62322204243122,-0.6351644992828369,-0.004262849222868681,3.016367197036743,446.9437255859375,171.90277099609375,480.9082336425781,197.5940399169922,0
71,5,1,predicted,1569.9852453161416,182.09389626255376,1.4871065957703855,-0.004511224005880272,1.0984177589416504,0,0,0,0,22
71,6,1,predicted,735.3113599854139,217.37805123666988,0.23987390465205288,0.0629840557762312,1.3764618635177612,0,0,0,0,12
71,8,1,predicted,753.3073649343534,216.2501667943472,0.14945475228105493,0.03305196398758521,0.7483921051025391,0,0,0,0,16
71,10,1,predicted,1341.3713976106376,205.0915645141313,1.2355049785446792,0.03403372831081634,1.1986159086227417,0,0,0,0,18
71,11,1,predicted,16.598694355616654,200.78455149835114,-1.0658438288892575,0.028256348527980334,1.2666833400726318,0,0,0,0,11
72,0,0,detected,151.67234819256245,284.58316778823416,-0.16243775188922882,0.03488359600305557,0.24932757019996643,0.0,200.39605712890625,303.3438415527344,368.9822692871094,0
72,2,2,detected,1010.6141554367273,182.11173405649726,0.7427070736885071,-0.005598294083029032,1.3204401731491089,991.7901611328125,147.9800567626953,1029.5401611328125,216.6534423828125,0
72,3,0,detected,463.87449182779176,184.66925236048004,-0.6343358755111694,-0.004257287830114365,3.012432098388672,446.81927490234375,171.8631591796875,480.763427734375,197.733154296875,0
72,5,1,predicted,1588.9265169682837,180.51790696709222,1.5165096477943067,-0.006957675125668609,1.0984177589416504,0,0,0,0,23
72,6,1,predicted,746.5722525302131,216.9935887072585,0.2617793825002226,0.06223617230358749,1.3764618635177612,0,0,0,0,13
72,8,1,predicted,764.2775027506651,215.98043229600324,0.16105739755426898,0.03276667735266439,0.7483921051025391,0,0,0,0,17
72,10,1,predicted,1350.2932470504388,204.65789289256162,1.2506179778161217,0.03329911841350183,1.1986159086227417,0,0,0,0,19
72,11,1,predicted,16.60156796890384,200.9136025881893,-1.0658386847571237,0.028487366341363472,1.2666833400726318,0,0,0,0,12
73,0,0,detected,151.64624721688958,284.56037609523844,-0.16218920052051544,0.03483022004365921,0.24894605576992035,0.0,200.39393615722656,303.2239685058594,368.9779357910156,0
73,2,2,detected,1010.5412556048472,182.08206854377718,0.7374565005302429,-0.005558717530220747,1.3111053705215454,991.5177612304688,147.63235473632812,1029.4324951171875,216.68228149414062,0
73,3,0,detected,463.7062836782003,184.7343459824889,-0.6252919435501099,-0.004196590278297663,2.969482898712158,446.4893493652344,171.90040588378906,480.702880859375,197.89669799804688,0
73,5,1,predicted,1608.0851982383513,178.91445203527798,1.5462501906912673,-0.009446761901044369,1.0984177589416504,0,0,0,0,24
73,6,1,predicted,757.9457402889218,216.5998445374333,0.283903888454228,0.06147023353313582,1.3764618635177612,0,0,0,0,14
73,8,1,predicted,775.377848223425,215.70186552902024,0.17279775789313856,0.032472049205203565,0.7483921051025391,0,0,0,0,18
73,10,1,predicted,1359.326596101276,204.2131176472258,1.265919849759281,0.032545699741278016,1.1986159086227417,0,0,0,0,20
73,11,1,predicted,16.6044439613104,201.04277239322974,-1.065833536366065,0.02871859667001079,1.2666833400726318,0,0,0,0,13
74,0,0,detected,151.63017376393304,284.550629020566,-0.16290058195590973,0.034982990473508835,0.2500379681587219,0.0,200.4185333251953,303.2139892578125,368.98968505859375,0
74,2,2,detected,1010.533904687678,182.04857399037135,0.7408258318901062,-0.005584114231169224,1.3170956373214722,991.6087646484375,147.76239013671875,1029.4488525390625,216.47300720214844,0
74,3,0,detected,463.524041140881,184.7812268896815,-0.6227182745933533,-0.004179317504167557,2.9572606086730957,446.26220703125,171.85867309570312,480.5597229003906,197.94656372070312,0
74,5,1,predicted,1627.4612891263441,177.28353146711103,1.5763282244612673,-0.011978484332007554,1.0984177589416504,0,0,0,0,25
74,6,1,predicted,769.4318232615401,216.1968187271943,0.306247422514069,0.06068623946487624,1.3764618635177612,0,0,0,0,15
74,8,1,predicted,786.608401352633,215.41446649339815,0.1846758332976638,0.032168079545202705,0.7483921051025391,0,0,0,0,19
74,10,1,predicted,1368.4714447631493,203.75723877812385,1.2814105943741578,0.03177347229414489,1.1986159086227417,0,0,0,0,21
74,11,1,predicted,16.60732233283633,201.1720609134725,-1.0658283837160805,0.02895003951392232,1.2666833400726318,0,0,0,0,14
75,0,0,detected,151.63853759518588,284.4954694879932,-0.16289161145687103,0.03498106077313423,0.2500241994857788,0.0,200.13763427734375,303.2762451171875,368.9752502441406,0
75,2,2,detected,1010.5961287219916,182.0803259629858,0.7413783669471741,-0.005588279105722904,1.3180779218673706,991.7257690429688,147.99562072753906,1029.5765380859375,216.5707244873047,0
75,3,0,detected,463.3054074430872,184.8518302098761,-0.6213156580924988,0.0,2.9505996704101562,445.9681396484375,171.93736267089844,480.3730773925781,198.098388671875,0
75,5,1,predicted,1647.0547896322626,175.6251452625914,1.606743749104307,-0.014552842418558164,1.0984177589416504,0,0,0,0,26
75,6,1,predicted,781.030501448068,215.7845112765415,0.32880998467974565,0.05988419009880874,1.3764618635177612,0,0,0,0,16
75,8,1,predicted,797.9691621382891,215.118235189137,0.19669162376784452,0.03185476837266184,0.7483921051025391,0,0,0,0,20
75,10,1,predicted,1377.7277930360585,203.2902562852558,1.2970902116607517,0.030982436072102517,1.1986159086227417,0,0,0,0,22
75,11,1,predicted,16.610203083481633,201.30146814891756,-1.065823226807171,0.02918169487309803,1.2666833400726318,0,0,0,0,15
76,0,0,detected,151.64343318417207,284.47764262552835,-0.16272667050361633,0.034945640712976456,0.24977104365825653,0.0,200.25611877441406,303.2801818847656,368.9830627441406,0
76,2,2,detected,1010.5657926432723,182.06257730733194,0.7439020276069641,-0.005607301834970713,1.322564721107483,991.6721801757812,147.8628387451172,1029.4013671875,216.45278930664062,0
76,3,0,detected,462.9842976468487,184.87918521883472,-0.6193532347679138,-0.004129021428525448,2.9216716289520264,445.5162353515625,171.8264617919922,480.0290832519531,198.07571411132812,0
76,5,1,predicted,1666.8656997561063,173.93929342171904,1.6374967646203864,-0.017169836160696197,1.0984177589416504,0,0,0,0,27
76,6,1,predicted,792.7417748485054,215.3629221854749,0.3515915749512579,0.059064085434933335,1.3764618635177612,0,0,0,0,17
76,8,1,predicted,809.4601305803933,214.81317161623681,0.2088451293036808,0.03153211568758096,0.7483921051025391,0,0,0,0,21
76,10,1,predicted,1387.0956409200037,202.8121701686216,1.3129587016190623,0.030172591075150832,1.1986159086227417,0,0,0,0,23
76,11,1,predicted,16.61308621324631,201.43099409956494,-1.0658180656393361,0.029413562747537956,1.2666833400726318,0,0,0,0,16
77,0,0,detected,151.66656748062695,284.43068308133786,-0.16356411576271057,0.035125482827425,0.251056432723999,0.0,200.03817749023438,303.35845947265625,368.9886779785156,0
77,2,2,detected,1010.5470476734125,182.0620964939691,0.7411912679672241,-0.005586869083344936,1.317745327949524,991.627197265625,147.801513671875,1029.4324951171875,216.58197021484375,0
77,3,0,detected,462.6184374251695,184.938672956872,-0.6181240677833557,0.0,2.9158732891082764,445.1464538574219,171.8870086669922,479.6249694824219,198.26319885253906,0
77,5,1,predicted,1686.8940194978754,172.225975944494,1.6685872710095055,-0.019829465558421657,1.0984177589416504,0,0,0,0,28
77,6,1,predicted,804.5656434628524,214.9320514539945,0.3745921933286058,0.05822592547325002,1.3764618635177612,0,0,0,0,18
77,8,1,predicted,821.0813066789457,214.49927577469754,0.22113634990517272,0.031200121489960046,0.7483921051025391,0,0,0,0,22
77,10,1,predicted,1396.5749884149848,202.32298042822129,1.3290160642490902,0.029343937303289845,1.1986159086227417,0,0,0,0,24
77,11,1,predicted,16.615971722130357,201.5606387654146,-1.065812900212576,0.029645643137242054,1.2666833400726318,0,0,0,0,17
78,0,0,detected,151.65571641434886,284.4199390147486,-0.1639542132616043,0.035209257155656815,0.2516551911830902,0.0,200.18408203125,303.2763671875,368.974853515625,0
78,2,2,detected,1010.5563316043601,182.07841314412906,0.7398892641067505,-0.0055770548060536385,1.3154305219650269,991.5679321289062,147.8032989501953,1029.5606689453125,216.67454528808594,0
78,3,0,detected,462.18732163794346,185.01872882449973,-0.6080799698829651,0.0,2.8494958877563477,444.42626953125,171.9180908203125,479.4094543457031,198.46522521972656,0
78,5,1,predicted,1707.13974885757,170.48519283091625,1.700015268271664,-0.022531730611734538,1.0984177589416504,0,0,0,0,29
78,6,1,predicted,816.502107291109,214.49189908210028,0.39781183981178947,0.057369710213758786,1.3764618635177612,0,0,0,0,19
78,8,1,predicted,832.8326904339461,214.1765476645192,0.23356528557232023,0.030858785779799128,0.7483921051025391,0,0,0,0,23
78,10,1,predicted,1406.1658355210018,201.82268706405486,1.3452622995508348,0.0284964747565196,1.1986159086227417,0,0,0,0,25
78,11,1,predicted,16.618859610133775,201.69040214646657,-1.0658077305268903,0.029877936042210323,1.2666833400726318,0,0,0,0,18
79,0,0,detected,151.64944038973798,284.40125531637705,-0.1624758541584015,0.034891776740550995,0.2493860423564911,0.0,200.10231018066406,303.2743225097656,368.98321533203125,0
79,2,2,detected,1010.5109213199129,182.09292432459435,0.732366144657135,-0.005520347971469164,1.3020553588867188,991.55908203125,147.87147521972656,1029.3828125,216.6171112060547,0
79,3,0,detected,461.8271709420539,185.13336064970963,-0.5997610688209534,0.0,2.8105130195617676,444.0037841796875,171.98626708984375,479.2795104980469,198.7503204345703,0
79,5,1,predicted,1727.6028878351901,168.7169440809858,1.731780756406862,-0.02527663132063485,1.0984177589416504,0,0,0,0,30
79,6,1,predicted,828.5511663332751,214.04246506979223,0.42125051440080846,0.056495439656459596,1.3764618635177612,0,0,0,0,20
79,8,1,predicted,844.7142818453947,213.8449872857018,0.24613193630512317,0.030508108557098172,0.7483921051025391,0,0,0,0,24
79,10,1,predicted,1415.8681822380547,201.3112900761223,1.3616974075242967,0.027630203434840052,1.1986159086227417,0,0,0,0,26
79,11,1,predicted,16.621749877256565,201.82028424272085,-1.0658025565822793,0.030110441462442822,1.2666833400726318,0,0,0,0,19
80,0,0,detected,151.61898557878078,284.40840624231083,-0.16285564005374908,0.03497333452105522,0.2499689906835556,0.0,200.22662353515625,303.17364501953125,368.9756164550781,0
80,2,2,detected,1010.5216482993857,182.08302152663254,0.7320570945739746,-0.005518017802387476,1.3015058040618896,991.542724609375,147.78135681152344,1029.5228271484375,216.5784149169922,0
80,3,0,detected,461.48872861283365,185.27051166173624,-0.5902748703956604,0.0,2.7660598754882812,443.54296875,172.0116424560547,479.1351623535156,199.06515502929688,0
80,5,1,predicted,1748.2834364307355,166.92122969470265,1.7638837354151,-0.028064167685122578,1.0984177589416504,0,0,0,0,31
80,6,1,predicted,840.7128205893507,213.58374941707038,0.44490821709566303,0.05560311380135248,1.3764618635177612,0,0,0,0,21
80,8,1,predicted,856.7260809132914,213.50459463824532,0.25883630210358183,0.03014808982185721,0.7483921051025391,0,0,0,0,25
80,10,1,predicted,1425.6820285661438,200.78878946442362,1.3783213881694758,0.026745123338251197,1.1986159086227417,0,0,0,0,27
80,11,1,predicted,16.62464252349873,201.9502850541774,-1.065797378378743,0.03034315939793948,1.2666833400726318,0,0,0,0,20
81,0,0,detected,151.63422202405073,284.41931370521604,-0.16392384469509125,0.03520273417234421,0.25160858035087585,0.0,200.2418975830078,303.2878112792969,368.9875793457031,0
81,2,2,detected,1010.5077614974185,182.06001483109893,0.7330459952354431,-0.005525472108274698,1.3032640218734741,991.464599609375,147.6612091064453,1029.52880859375,216.59625244140625,0
81,3,0,detected,461.1579756232178,185.37957801206477,-0.5923317670822144,0.0,2.775698661804199,443.1208801269531,171.9684600830078,478.9388122558594,199.1822052001953,0
81,5,1,predicted,1769.1813946442062,165.0980496720668,1.796324205296377,-0.030894339705197737,1.0984177589416504,0,0,0,0,32
81,6,1,predicted,852.9870700593359,213.11575212393473,0.46878494789635333,0.05469273264843746,1.3764618635177612,0,0,0,0,22
81,8,1,predicted,868.8680876376362,213.1553697221498,0.271678382967696,0.02977872957407624,0.7483921051025391,0,0,0,0,26
81,10,1,predicted,1435.6073745052688,200.25518522895882,1.3951342414863719,0.025841234466753085,1.1986159086227417,0,0,0,0,28
81,11,1,predicted,16.627537548860264,202.0804045808363,-1.0657921959162815,0.030576089848700368,1.2666833400726318,0,0,0,0,21
82,0,0,detected,151.66217347209667,284.44213291197406,-0.16363447904586792,0.03514059633016586,0.25116443634033203,0.0,200.33824157714844,303.364501953125,368.97412109375,0
82,2,2,detected,1010.5139528709142,182.05883978924922,0.7286527752876282,-0.005492357537150383,1.295453429222107,991.5568237304688,147.73646545410156,1029.48486328125,216.60707092285156,0
82,3,0,detected,460.74815267707277,185.49328589469624,-0.5864481925964355,0.0,2.730048418045044,442.5008239746094,172.00970458984375,478.63018798828125,199.3654327392578,0
82,5,1,predicted,1790.2967624756025,163.24740401307824,1.8291021660506939,-0.03376714738086031,1.0984177589416504,0,0,0,0,33
82,6,1,predicted,865.3739147432307,212.63847319038527,0.49288070680287926,0.05376429619771453,1.3764618635177612,0,0,0,0,23
82,8,1,predicted,881.1403020184291,212.7973125374152,0.2846581788974657,0.029400027813755236,0.7483921051025391,0,0,0,0,27
82,10,1,predicted,1445.6442200554297,199.7104773697279,1.412135967474985,0.02491853682034567,1.1986159086227417,0,0,0,0,29
82,11,1,predicted,16.630434953341172,202.21064282269748,-1.0657870091948947,0.03080923281472543,1.2666833400726318,0,0,0,0,22
83,0,0,detected,151.71448094321997,284.4673109778102,-0.16305330395698547,0.035015784204006195,0.25027239322662354,0.0,200.37364196777344,303.5083923339844,368.98431396484375,0
83,2,2,detected,1010.4612602124425,182.0573507021375,0.7278656959533691,-0.005486424546688795,1.2940540313720703,991.4271240234375,147.7843017578125,1029.4063720703125,216.54873657226562,0
83,3,0,detected,460.3716980069632,185.67723133856475,-0.5866754651069641,0.0038597071543335915,2.7311062812805176,442.07135009765625,172.2508544921875,478.40020751953125,199.75389099121094,0
83,5,1,predicted,1811.629539924924,161.36929271773698,1.8622176176780505,-0.036682590712110316,1.0984177589416504,0,0,0,0,34
83,6,1,predicted,877.873354641035,212.151912616422,0.5171954938152408,0.05281780444918368,1.3764618635177612,0,0,0,0,24
83,8,1,predicted,893.5427240556702,212.43042308404154,0.29777568989289105,0.029011984540894226,0.7483921051025391,0,0,0,0,28
83,10,1,predicted,1455.7925652166266,199.15466588673084,1.429326566135315,0.023977030399028952,1.1986159086227417,0,0,0,0,30
83,11,1,predicted,16.633334736941453,202.34099977976098,-1.0657818182145824,0.031042588296014712,1.2666833400726318,0,0,0,0,23
84,0,0,detected,151.63516452001946,284.45309787143674,-0.1628335416316986,0.03496859222650528,0.2499350756406784,0.0,200.1865234375,303.11712646484375,368.9689025878906,0
84,2,2,detected,1010.4857880730341,182.05999657400375,0.7269905805587769,-0.005479828454554081,1.292498230934143,991.5415649414062,147.8081512451172,1029.4803466796875,216.54071044921875,0
84,3,0,detected,459.9482802644805,185.84791592232423,-0.5841252207756042,0.0038178120739758015,2.7014615535736084,441.3411560058594,172.1197967529297,478.232421875,200.13137817382812,0
84,5,1,predicted,1833.179726992171,159.46371578604302,1.8956705601784465,-0.03964066969894774,1.0984177589416504,0,0,0,0,35
84,6,1,predicted,890.4853897527489,211.65607040204492,0.541729308933438,0.05185325740284486,1.3764618635177612,0,0,0,0,25
84,8,1,predicted,906.0753537493594,212.0547013620288,0.3110309159539719,0.02861459975549318,0.7483921051025391,0,0,0,0,29
84,10,1,predicted,1466.0524099888594,198.58775077996768,1.4467060374673621,0.023016715202802976,1.1986159086227417,0,0,0,0,31
84,11,1,predicted,16.636236899661107,202.47147545202677,-1.065776622975345,0.03127615629256816,1.2666833400726318,0,0,0,0,24
85,0,0,detected,151.65114403552147,284.49904984612857,-0.16383053362369537,0.03518269211053848,0.2514653503894806,0.0,200.51345825195312,303.32470703125,368.9736022949219,0
85,2,2,detected,1010.467017910938,182.0930582034729,0.7307623624801636,-0.005508258938789368,1.2992039918899536,991.49462890625,147.96978759765625,1029.4112548828125,216.56076049804688,0
85,3,0,detected,459.49918058156175,186.10835708226153,-0.5787596702575684,0.0037827431224286556,2.6766469478607178,440.7239990234375,172.20103454589844,477.9413146972656,200.89793395996094,0
85,5,1,predicted,1854.9473236773435,157.53067321799637,1.9294609935518823,-0.0426413843413726,1.0984177589416504,0,0,0,0,36
85,6,1,predicted,903.2100200783724,211.15094654725402,0.5664821521574709,0.050870655058698144,1.3764618635177612,0,0,0,0,26
85,8,1,predicted,918.7381910994966,211.670147371377,0.32442385708070837,0.02820787345755212,0.7483921051025391,0,0,0,0,30
85,10,1,predicted,1476.4237543721283,198.00973204943838,1.4642743814711268,0.02203759123166769,1.1986159086227417,0,0,0,0,32
85,11,1,predicted,16.639141441500133,202.60206983949487,-1.065771423477182,0.03150993680438583,1.2666833400726318,0,0,0,0,25
86,0,0,detected,151.63754235837425,284.5324482731016,-0.1637902855873108,0.03517405316233635,0.2514035999774933,0.0,200.5094757080078,303.24517822265625,368.9728698730469,0
86,2,2,detected,1010.5245498702333,182.100567320894,0.7324637174606323,-0.005521083250641823,1.3022288084030151,991.6517333984375,147.8554229736328,1029.5025634765625,216.5709991455078,0
86,3,0,detected,459.1506347664904,186.30731615149287,-0.5767074227333069,0.003769329283386469,2.6671555042266846,440.37457275390625,172.2473602294922,477.80267333984375,200.94102478027344,0
86,5,1,predicted,1876.9323299804414,155.570165013597,1.9635889177983576,-0.045684734639384876,1.0984177589416504,0,0,0,0,37
86,6,1,predicted,916.0472456179054,210.63654105204932,0.5914540234873393,0.04986999741674349,1.3764618635177612,0,0,0,0,27
86,8,1,predicted,931.531236106082,211.27676111208612,0.3379545132731004,0.02779180564707103,0.7483921051025391,0,0,0,0,31
86,10,1,predicted,1486.9065983664332,197.42060969514296,1.4820315981466081,0.021039658485623107,1.1986159086227417,0,0,0,0,33
86,11,1,predicted,16.64204836245853,202.73278294216527,-1.0657662197200937,0.03174392983146768,1.2666833400726318,0,0,0,0,26
87,0,0,detected,151.63523845887732,284.500628966403,-0.16276079416275024,0.03495296835899353,0.2498234063386917,0.0,200.1744384765625,303.2625427246094,368.9638366699219,0
87,2,2,detected,1010.4458575853774,182.10946944593016,0.7291439771652222,-0.005496060475707054,1.296326756477356,991.3857421875,147.91183471679688,1029.368408203125,216.52976989746094,0
87,3,0,detected,458.8217014494746,186.47005329263976,-0.5752418637275696,0.0037353364750742912,2.6431024074554443,440.01153564453125,172.27743530273438,477.5625915527344,201.0498046875,0
87,5,1,predicted,1899.1347459014646,153.58219117284494,1.9980543329178724,-0.048770720592984575,1.0984177589416504,0,0,0,0,38
87,6,1,predicted,928.997066371348,210.11285391643082,0.6166449229230433,0.04885128447698095,1.3764618635177612,0,0,0,0,28
87,8,1,predicted,944.4544887691155,210.8745425841562,0.351622884531148,0.02736639632404993,0.7483921051025391,0,0,0,0,32
87,10,1,predicted,1497.500941971774,196.82038371708143,1.4999776874938067,0.020022916964669263,1.1986159086227417,0,0,0,0,34
87,11,1,predicted,16.644957662536303,202.863614760038,-1.06576101170408,0.03197813537381375,1.2666833400726318,0,0,0,0,27
88,0,0,detected,151.65284312242025,284.5118393668718,-0.16420160233974457,0.03526238352060318,0.2520349323749542,0.0,200.35897827148438,303.3330078125,368.9776611328125,0
88,2,2,detected,1010.3759554138445,182.16670382452355,0.742150068283081,-0.0055940961465239525,1.3194499015808105,991.323974609375,148.08505249023438,1029.3153076171875,216.65782165527344,0
88,3,0,detected,458.5241036327178,186.63748865217082,-0.5806277394294739,0.0037703101988881826,2.667849540710449,439.7441101074219,172.2693328857422,477.3059997558594,201.3834686279297,0
88,5,1,predicted,1921.5545714404132,151.56675169574018,2.0328572389104265,-0.051899342202171704,1.0984177589416504,0,0,0,0,39
88,6,1,predicted,942.0594823387,209.57988514039852,0.6420548504645828,0.04781451623941048,1.3764618635177612,0,0,0,0,29
88,8,1,predicted,957.5079490885971,210.4634917875872,0.3654289708548511,0.026931645488488823,0.7483921051025391,0,0,0,0,33
88,10,1,predicted,1508.2067851881507,196.20905411525376,1.518112649512722,0.018987366668806113,1.1986159086227417,0,0,0,0,35
88,11,1,predicted,16.647869341733447,202.994565293113,-1.0657557994291413,0.032212553431423985,1.2666833400726318,0,0,0,0,28
89,0,0,detected,151.63940143813474,284.5270182832244,-0.16421717405319214,0.0352657288312912,0.25205883383750916,0.0,200.40121459960938,303.2509460449219,368.97125244140625,0
89,2,2,detected,1010.3533030281222,182.14949044783663,0.7554993033409119,-0.005694718565791845,1.343183159828186,991.2210083007812,147.77566528320312,1029.462646484375,216.6099090576172,0
89,3,0,detected,458.350913695308,186.8117775468617,-0.5663321614265442,0.007354963105171919,2.6021645069122314,439.6328125,172.2259979248047,477.29742431640625,201.774658203125,0
89,6,1,predicted,955.2344935199617,209.03763472395238,0.667683806111958,0.04675969270403205,1.3764618635177612,0,0,0,0,30
89,8,1,predicted,970.6916170645269,210.04360872237913,0.37937277224420984,0.026487553140387685,0.7483921051025391,0,0,0,0,34
89,10,1,predicted,1519.0241280155633,195.58662088965997,1.5364364842033547,0.017933007598033658,1.1986159086227417,0,0,0,0,36
89,11,1,predicted,16.65078340004996,203.12563454139033,-1.0657505828952771,0.03244718400429845,1.2666833400726318,0,0,0,0,29
90,0,0,detected,151.5812252099237,284.5634223754523,-0.16511321067810059,0.03545815125107765,0.2534341514110565,0.0,200.55953979492188,303.0598449707031,368.9599609375,0
90,2,2,detected,1010.3205544409674,182.18754305764693,0.7896459102630615,-0.005952104926109314,1.4038915634155273,991.2631225585938,147.9477081298828,1029.3394775390625,216.73703002929688,0
90,3,0,detected,458.28342800878784,186.97214622985987,-0.562339723110199,0.007303113117814064,2.583820104598999,439.6044616699219,172.16722106933594,477.3682861328125,202.06875610351562,0
90,6,1,detected,889.9744940643467,213.76427777112315,0.24516722559928894,0.024782247841358185,0.6262776255607605,864.962890625,157.3318634033203,914.1555786132812,270.4358825683594,0
90,8,1,predicted,984.0054926969048,209.614893388532,0.39345428869922416,0.026034119279746536,0.7483921051025391,0,0,0,0,35
90,10,1,predicted,1529.9529704540118,194.95308404030007,1.554949191565704,0.01685983975235195,1.1986159086227417,0,0,0,0,37
90,11,1,predicted,16.653699837485846,203.25682250486994,-1.0657453621024875,0.032682027092437074,1.2666833400726318,0,0,0,0,30
91,0,0,detected,151.63336115976338,284.57277944926085,-0.16437344253063202,0.035299286246299744,0.2522986829280853,0.0,200.4320068359375,303.36224365234375,368.9794616699219,0
91,2,2,detected,1010.2275027347712,182.20838093795928,0.8018038868904114,-0.006043747998774052,1.425506830215454,991.0844116210938,147.96617126464844,1029.231201171875,216.6746368408203,0
91,3,0,detected,458.2851700239636,187.13210805588093,-0.5662357211112976,0.007353710941970348,2.6017215251922607,439.49468994140625,172.1898193359375,477.5824890136719,202.3404998779297,0
91,8,1,detected,888.7662789959822,217.6141592945476,0.26525700092315674,0.03075443208217621,0.6800518035888672,864.3871459960938,164.4181365966797,912.366943359375,271.0721130371094,0
91,6,1,predicted,900.7627455005222,213.37872650116094,0.2555781913724941,0.025117449205746885,0.6262776255607605,0,0,0,0,1
91,10,1,predicted,1540.9933125034966,194.30844356717404,1.573650771599771,0.015767863131760936,1.1986159086227417,0,0,0,0,38
91,11,1,predicted,16.656618654041104,203.38812918355188,-1.0657401370507726,0.032917082695839935,1.2666833400726318,0,0,0,0,31
92,0,0,detected,151.6337245586068,284.53745385402897,-0.16554269194602966,0.03555038571357727,0.25409337878227234,0.0,200.17872619628906,303.2672424316406,368.97210693359375,0
92,2,2,detected,1010.2043004717829,182.27692201215032,0.8052024245262146,-0.006069364957511425,1.431549072265625,991.2023315429688,148.10023498535156,1029.1978759765625,216.85975646972656,0
92,3,0,detected,458.4933338688684,187.28839977955474,-0.5664957165718079,0.007357087917625904,2.6029162406921387,439.4412841796875,172.03994750976562,478.38128662109375,202.765380859375,0
92,8,1,detected,895.8960873673608,217.13715264303997,0.2897511124610901,0.03185207396745682,0.7270432710647583,870.5316162109375,163.6066436767578,917.8999633789062,270.16632080078125,0
92,6,1,predicted,911.6114635510818,212.98732596601954,0.2651801770208371,0.024771028337984755,0.6262776255607605,0,0,0,0,2
92,10,1,predicted,1552.1451541640172,193.65269947028187,1.5925412243055548,0.014657077736260616,1.1986159086227417,0,0,0,0,39
92,11,1,predicted,16.659539849715735,203.5195545774361,-1.0657349077401326,0.03315235081450696,1.2666833400726318,0,0,0,0,32
93,0,0,detected,151.6230420531319,284.56066518138823,-0.16579462587833405,0.03560448810458183,0.2544800639152527,0.0,200.4745635986328,303.22723388671875,368.96270751953125,0
93,2,2,detected,1010.1894821622474,182.31704076451996,0.8078995943069458,-0.006089695263653994,1.4363442659378052,991.2835693359375,148.1269989013672,1029.1026611328125,216.77452087402344,0
93,3,0,detected,458.8574428672064,187.52919471692238,-0.5601288080215454,0.007321945391595364,2.5904829502105713,439.4921569824219,172.11041259765625,479.2751770019531,203.49746704101562,0
93,8,1,detected,902.0902790835873,216.60879323481103,0.30996155738830566,0.033480167388916016,0.7642055749893188,875.2698364257812,162.89219665527344,924.1668090820312,269.4661560058594,0
93,6,1,predicted,922.5206482160255,212.59007616569897,0.27483568047292567,0.024419430401370623,0.6262776255607605,0,0,0,0,3
93,11,1,predicted,16.66246342450974,203.65109868652266,-1.065729674170567,0.03338783144843821,1.2666833400726318,0,0,0,0,33
94,0,0,detected,151.6041133672943,284.54610914781716,-0.1640819013118744,0.035236675292253494,0.2518511712551117,0.0,200.2718963623047,303.17694091796875,368.9700622558594,0
94,2,2,detected,1010.1652460913149,182.30611105506838,0.7941957712173462,-0.005986400879919529,1.4119807481765747,991.3444213867188,148.12269592285156,1028.9771728515625,216.5356903076172,0
94,3,0,detected,459.22711831941734,187.7216708243855,-0.5395315289497375,0.007052699103951454,2.4952244758605957,439.5707702636719,172.02471923828125,479.8753356933594,203.72927856445312,0
94,6,1,detected,905.9130052315712,214.12821628407696,0.3227301239967346,0.032384686172008514,0.7901797890663147,877.72607421875,161.84556579589844,925.8390502929688,268.01556396484375,0
94,8,1,detected,911.1378035083866,216.49722868868818,0.3142315447330475,0.03257918730378151,0.743640124797821,888.4406127929688,164.15115356445312,933.7280883789062,269.2193603515625,0
94,11,1,predicted,16.665389378423114,203.7827615108115,-1.0657244363420761,0.033623524597633625,1.2666833400726318,0,0,0,0,34
95,0,0,detected,151.62310997796214,284.54429261463514,-0.16415095329284668,0.03525150567293167,0.2519571781158447,0.0,200.32138061523438,303.2830505371094,368.96588134765625,0
95,2,2,detected,1010.1843452102195,182.35172884700117,0.7966606020927429,-0.006004979368299246,1.4163627624511719,991.3041381835938,148.258544921875,1029.131591796875,216.71954345703125,0
95,3,0,detected,459.6893362669819,187.89730313047818,-0.5195492506027222,0.010254262015223503,2.418618679046631,439.76531982421875,172.11288452148438,480.69671630859375,203.89634704589844,0
95,6,1,detected,913.5242010118759,213.7807105760596,0.34278184175491333,0.03188668563961983,0.8058154582977295,888.9991455078125,160.19065856933594,937.8801879882812,267.1636962890625,0
95,8,1,detected,922.2118377642889,216.1882214324941,0.32117319107055664,0.03201404958963394,0.730740487575531,897.184326171875,164.28892517089844,949.84228515625,267.8368225097656,0
95,11,1,predicted,16.668317711455863,203.91454305030265,-1.06571919425466,0.03385943026209327,1.2666833400726318,0,0,0,0,35
96,0,0,detected,151.60725379966024,284.5777939132409,-0.16546672582626343,0.03553406894207001,0.2539767622947693,0.0,200.49774169921875,303.18902587890625,368.9930114746094,0
96,2,2,detected,1010.2251410662836,182.40244446828754,0.8010443449020386,-0.00603802315890789,1.424156665802002,991.3916625976562,148.3014373779297,1029.15869140625,216.78257751464844,0
96,3,0,detected,460.4088540686946,188.11966711514071,-0.5019446015357971,0.009972408413887024,2.352139472961426,440.1471252441406,172.21701049804688,482.1204528808594,204.40399169921875,0
96,6,1,detected,922.5215909855967,212.76985704765377,0.3446471393108368,0.028812946751713753,0.7841489315032959,899.1934814453125,158.07736206054688,947.6727905273438,265.3923645019531,0
96,8,1,detected,931.321518985432,215.4733304503805,0.3309206962585449,0.030083701014518738,0.7340362668037415,905.8828125,161.48052978515625,956.1753540039062,268.0361633300781,0
96,11,1,predicted,16.671248423607985,204.0464433049961,-1.0657139479083186,0.03409554844181708,1.2666833400726318,0,0,0,0,36
97,0,0,detected,151.60929466179036,284.5962765789395,-0.16430732607841492,0.035285089164972305,0.2521972060203552,0.0,200.47186279296875,303.22625732421875,368.97894287109375,0
97,2,2,detected,1010.2868241988712,182.41403302768646,0.7998373508453369,-0.006028925068676472,1.4220107793807983,991.5179443359375,148.2906494140625,1029.184814453125,216.64144897460938,0
97,3,0,detected,461.1634243982211,188.3261022899348,-0.4955207407474518,0.009844782762229443,2.3220369815826416,440.5106201171875,172.14541625976562,483.2199401855469,204.7901153564453,0
97,8,1,detected,939.1374987843249,214.21856666017737,0.3394968807697296,0.028204355388879776,0.73915696144104,914.0614624023438,160.04603576660156,961.814208984375,265.55126953125,0
97,6,1,predicted,930.3847231231516,212.4241366850633,0.3528308166196021,0.030391158365772945,0.7841489315032959,0,0,0,0,1
97,11,1,predicted,16.67418151487948,204.17846227489184,-1.0657086973030518,0.03433187913680506,1.2666833400726318,0,0,0,0,37
98,0,0,detected,151.58849071929333,284.62275872986373,-0.16421623528003693,0.03526552394032478,0.25205737352371216,0.0,200.5440673828125,303.1451721191406,368.98052978515625,0
98,2,2,detected,1010.2943111560337,182.41387052244824,0.8038173913955688,-0.0060589248314499855,1.429086685180664,991.4976806640625,148.21185302734375,1029.1173095703125,216.66712951660156,0
98,3,0,detected,462.1266066066034,188.5673765223207,-0.483927458524704,0.009678549133241177,2.2828283309936523,440.9134521484375,172.15647888183594,484.9966735839844,205.37457275390625,0
98,6,1,detected,936.9306100617646,211.1492014265224,0.3603495657444,0.027804749086499214,0.7869791388511658,914.0467529296875,157.44200134277344,958.7672119140625,262.95343017578125,0
98,8,1,detected,946.799792501605,213.3336592912392,0.35464492440223694,0.02875499427318573,0.7535876631736755,923.0770874023438,159.93128967285156,968.1646728515625,265.4478759765625,0
98,11,1,predicted,16.677116985270345,204.3105999599899,-1.0657034424388596,0.03456842234705727,1.2666833400726318,0,0,0,0,38
99,0,0,detected,151.5945547128349,284.63271316821755,-0.16402924060821533,0.035225365310907364,0.25177034735679626,0.0,200.48756408691406,303.2064208984375,368.9766540527344,0
99,2,2,detected,1010.2742186456516,182.3961811612742,0.8145402073860168,-0.006139750126749277,1.4481505155563354,991.493896484375,148.20773315429688,1029.0313720703125,216.56321716308594,0
99,3,0,detected,463.25274120035743,188.72255794919332,-0.47711360454559326,0.009671221487224102,2.281100034713745,441.2879943847656,171.92608642578125,487.0270080566406,205.53102111816406,0
99,6,1,detected,942.287402340899,210.29147817894608,0.393367737531662,0.028783006593585014,0.8486119508743286,917.7113037109375,158.0677490234375,963.786376953125,261.4556884765625,0
99,8,1,detected,956.1486710114897,212.91296056245656,0.36115285754203796,0.029396163299679756,0.7428769469261169,931.2046508789062,161.84754943847656,981.5037231445312,264.3356628417969,0
99,11,1,predicted,16.680054834780584,204.44285636029025,-1.0656981833157422,0.03480517807257365,1.2666833400726318,0,0,0,0,39
100,0,0,detected,151.60849071598426,284.67049323056887,-0.16315814852714539,0.0350383035838604,0.2504333257675171,0.0,200.6725616455078,303.2471008300781,368.97125244140625,0
100,2,2,detected,1010.2457005905391,182.32814098554982,0.8048374652862549,-0.006066613830626011,1.4309002161026,991.500244140625,148.12130737304688,1028.955078125,216.313232421875,0
100,3,0,detected,464.5166452882051,188.91969586879276,-0.46159350872039795,0.012560367584228516,2.2219107151031494,441.7337951660156,172.1199493408203,489.2032165527344,205.8907470703125,0
100,6,1,detected,951.0339083034933,209.29313380732654,0.37284696102142334,0.02522200159728527,0.7759539484977722,927.8477783203125,156.3373260498047,976.35107421875,260.7939147949219,0
100,8,1,detected,964.492309857758,212.03572513835547,0.36266446113586426,0.026864035055041313,0.7311090230941772,938.2064208984375,159.33856201171875,989.576171875,263.6407165527344,0
101,0,0,detected,151.6272702320971,284.7296239727108,-0.16424493491649628,0.03527168557047844,0.25210142135620117,0.0,200.85360717773438,303.291259765625,368.9786682128906,0
101,2,2,detected,1010.6755773954454,182.25606191132053,0.6611100435256958,-0.004970752168446779,1.1724251508712769,992.9824829101562,147.97434997558594,1029.125244140625,216.31689453125,0
101,3,0,detected,465.74866931059495,189.13421587180335,-0.46149206161499023,0.012643617577850819,2.236637592315674,442.0240173339844,172.20921325683594,491.1678161621094,206.27935791015625,0
101,6,1,detected,961.7106639442447,209.1367563294742,0.39883115887641907,0.027193034067749977,0.8017346858978271,940.5621948242188,157.16351318359375,987.8239135742188,262.4837341308594,0
101,8,1,detected,973.6071808731742,210.99256258026614,0.38853469491004944,0.02690683677792549,0.7615648508071899,945.5725708007812,158.1494140625,1001.7302856445312,262.3691711425781,0
102,0,0,detected,151.64607262273003,284.682721515882,-0.16413837671279907,0.035248804837465286,0.2519378662109375,0.0,200.31712341308594,303.32659912109375,368.9711608886719,0
102,2,2,detected,1010.9784440117344,182.42397096061194,0.5643426775932312,-0.004243177827447653,1.000815987586975,992.9671630859375,147.97573852539062,1029.4713134765625,217.63873291015625,0
102,3,0,detected,467.28964456511034,189.29939647614808,-0.4527658522129059,0.012576828710734844,2.224822759628296,442.6394958496094,172.09190368652344,494.0238037109375,206.50242614746094,0
102,6,1,detected,972.2543013130507,208.1955924833475,0.4190901517868042,0.025469567626714706,0.8191871643066406,949.2882080078125,154.96192932128906,999.4871215820312,260.1131286621094,0
102,8,1,predicted,982.6934432022688,210.3322958152343,0.3989675093593359,0.027264477300838575,0.7615648508071899,0,0,0,0,1
103,0,0,detected,151.68508117706486,284.7103745581931,-0.16323144733905792,0.0350540429353714,0.25054582953453064,0.0,200.67408752441406,303.4372253417969,368.97991943359375,0
103,2,2,detected,1010.9442906025499,182.6241662633891,0.4534221887588501,-0.0022785034961998463,0.8061279058456421,992.343017578125,147.73773193359375,1029.408935546875,218.3566436767578,0
103,3,0,detected,469.3455480788541,189.4878867541959,-0.4377242624759674,0.012330261059105396,2.1812052726745605,443.24664306640625,172.1572723388672,498.2403564453125,206.8983154296875,0
103,6,1,detected,977.1822409164243,207.49884325600254,0.43258577585220337,0.026289744302630424,0.8455668091773987,951.2848510742188,155.32305908203125,998.0404663085938,259.3443603515625,0
103,8,1,detected,992.069401791245,209.8158757666374,0.4132663607597351,0.02610103227198124,0.7695391178131104,967.6094970703125,157.67527770996094,1016.7646484375,262.3104553222656,0
104,0,0,detected,151.67832456694092,284.66599689553965,-0.16224056482315063,0.034841250628232956,0.249024897813797,0.0,200.2891387939453,303.3401184082031,368.9725341796875,0
104,2,2,detected,1009.1089268556375,183.51051244496,0.4305722713470459,0.0,0.7713175415992737,989.4754028320312,148.71766662597656,1025.5089111328125,221.86419677734375,0
104,3,0,detected,471.47580440019647,189.5897597812157,-0.41968342661857605,0.011990955099463463,2.121182441711426,444.09564208984375,171.8228302001953,501.5469665527344,207.0706024169922,0
104,6,1,detected,984.0913067338487,206.75127897426353,0.43456098437309265,0.024597791954874992,0.82882159948349,958.7877197265625,153.5670928955078,1008.06396484375,259.4992980957031,0
104,8,1,detected,998.4916621727251,208.24162383196543,0.41370445489883423,0.022624462842941284,0.7623303532600403,971.3699340820312,151.8715362548828,1021.7584228515625,262.0659484863281,0
105,0,0,detected,151.64245707610007,284.69570610431646,-0.16425751149654388,0.03527439013123512,0.2521207332611084,0.0,200.65908813476562,303.21954345703125,368.9697265625,0
105,3,0,detected,473.64728883589083,189.66194632111038,-0.41442301869392395,0.012012261897325516,2.1249516010284424,445.1998291015625,171.69271850585938,504.62530517578125,207.23468017578125,0
105,6,1,detected,989.7887989706321,206.3283348688115,0.4697433114051819,0.026235664263367653,0.8840096592903137,962.6036987304688,153.98936462402344,1013.8775634765625,259.44378662109375,0
105,8,1,detected,1003.6169192555865,207.24447707046536,0.4404486119747162,0.023838713765144348,0.8032445311546326,975.9658813476562,151.68663024902344,1025.426513671875,262.1320495605469,0
105,2,2,predicted,1009.0120109392071,183.57742941684143,0.43276545654079773,-0.0015506820723779052,0.7713175415992737,0,0,0,0,1
106,0,0,detected,151.63325045024726,284.6745653096113,-0.1630886048078537,0.035023368895053864,0.25032657384872437,0.0,200.39077758789062,303.2520751953125,368.9771728515625,0
106,3,0,detected,476.0713585484307,189.806803476141,-0.3983820080757141,0.011803911067545414,2.088094711303711,446.9402160644531,171.73184204101562,507.94281005859375,207.79684448242188,0
106,6,1,detected,1000.7786266378059,205.21559562813067,0.4607168734073639,0.022387774661183357,0.8337610363960266,975.2059326171875,148.02674865722656,1032.13916015625,260.7146301269531,0
106,2,2,predicted,1008.9123302930866,183.64627653053023,0.432656799021282,-0.0014756348401378364,0.7713175415992737,0,0,0,0,2
106,8,1,predicted,1012.0999022793166,206.41764618711983,0.45418413139181774,0.02431281531072038,0.8032445311546326,0,0,0,0,1
107,0,0,detected,151.64962093972525,284.65321986866036,-0.16342371702194214,0.03509533032774925,0.2508409321308136,0.0,200.3658905029297,303.33026123046875,368.96026611328125,0
107,3,0,detected,478.90056051662225,189.89507780573052,-0.38472846150398254,0.011658438481390476,2.0623607635498047,448.3603515625,171.49154663085938,512.632568359375,207.98190307617188,0
107,6,1,detected,1010.1247981691348,204.00487093623568,0.4303707480430603,0.019415220245718956,0.763227641582489,988.280029296875,150.769287109375,1034.5633544921875,255.399658203125,0
107,2,2,predicted,1008.8098849172759,183.7170537860264,0.4325451277906602,-0.0013984836445983134,0.7713175415992737,0,0,0,0,3
107,8,1,predicted,1020.5786853262687,205.57154081015386,0.46380904929732436,0.023352336106616616,0.8032445311546326,0,0,0,0,2
108,0,0,detected,151.64151784170292,284.62507638009913,-0.1622789055109024,0.03484948351979256,0.2490837424993515,0.0,200.2821044921875,303.2698974609375,368.9619140625,0
108,2,2,detected,1008.8980941808113,184.36840223486692,0.47393688559532166,-0.0011968102771788836,0.8468559980392456,987.5736694335938,148.8733673095703,1030.3135986328125,220.77694702148438,0
108,3,0,detected,482.0058531451969,190.00091734518563,-0.3660520911216736,0.011350452899932861,2.007878541946411,450.05718994140625,171.4626922607422,517.3358154296875,208.3066864013672,0
108,8,1,detected,1028.9689147394313,203.31664862479192,0.36011114716529846,0.014716080389916897,0.6125301718711853,1010.2476196289062,148.50901794433594,1047.6409912109375,255.81845092773438,0
108,6,1,predicted,1018.0153551111977,203.2463318223957,0.4379376493736264,0.019680919865217146,0.763227641582489,0,0,0,0,1
109,0,0,detected,151.6845304322719,284.6053703311317,-0.16331343352794647,0.03507164865732193,0.2506716549396515,0.0,200.25579833984375,303.44525146484375,368.9862976074219,0
109,2,2,detected,1009.3542255346617,183.76690043965482,0.549115002155304,-0.004149483982473612,0.9787169098854065,990.4234008789062,148.9597930908203,1029.0450439453125,216.664794921875,0
109,3,0,detected,485.51211219242776,190.0501426801823,-0.3481977880001068,0.01114233024418354,1.9710619449615479,452.3617248535156,171.28887939453125,522.4273681640625,208.358154296875,0
109,6,1,detected,1020.6796249192931,202.65922374890394,0.5236667394638062,0.021926933899521828,0.9126688241958618,996.4737548828125,149.9165496826172,1040.039794921875,255.85781860351562,0
109,8,1,detected,1037.511448598987,203.68455030598997,0.4238858222961426,0.019947567954659462,0.7057391405105591,1014.3680419921875,155.32337951660156,1060.762451171875,255.6194305419922,0
110,0,0,detected,151.66314753090197,284.60967988148883,-0.16333980858325958,0.03507731482386589,0.25071215629577637,0.0,200.37266540527344,303.2861328125,368.97589111328125,0
110,2,2,detected,1009.4564906567254,182.68572145572807,0.6320104598999023,-0.007959829643368721,1.1264657974243164,991.3598022460938,148.40139770507812,1027.821533203125,213.1287841796875,0
110,3,0,detected,489.5766333151791,190.1315568542991,-0.33405548334121704,0.011043156497180462,1.953518271446228,455.2169494628906,171.24563598632812,528.3198852539062,208.7182159423828,0
110,8,1,detected,1046.4613257741541,203.96853554675704,0.46973198652267456,0.021646633744239807,0.765851616859436,1023.5953979492188,156.3046112060547,1070.082275390625,255.35853576660156,0
110,6,1,predicted,1028.0537425669645,201.88981487459998,0.5366342438581572,0.021784813130665222,0.9126688241958618,0,0,0,0,1
111,0,0,detected,151.7113806867416,284.6171208026319,-0.1635797768831253,0.035128843039274216,0.2510804533958435,0.0,200.3957061767578,303.50567626953125,368.9742736816406,0
111,2,2,detected,1009.6723295382741,182.2647400868709,0.7108216285705566,-0.0071619306690990925,1.266935110092163,991.0787353515625,147.71646118164062,1028.7191162109375,215.2750701904297,0
111,3,0,detected,493.65910871253504,190.20788369415368,-0.3119175434112549,0.013329809531569481,1.8864191770553589,457.8400573730469,171.072265625,533.4949340820312,209.03773498535156,0
111,8,1,detected,1052.724087563614,203.33825806445202,0.5019551515579224,0.020628293976187706,0.8109144568443298,1026.9874267578125,153.47689819335938,1074.840576171875,253.83705139160156,0
111,6,1,predicted,1035.3968942803763,201.10687942600583,0.5461055843704427,0.020774967696145563,0.9126688241958618,0,0,0,0,2
112,0,0,detected,151.66279357337868,284.62401447860026,-0.16280296444892883,0.03496202453970909,0.2498881220817566,0.0,200.406982421875,303.2356872558594,368.9677429199219,0
112,2,2,detected,1009.7110213733602,181.99102016421108,0.7629082202911377,-0.007686732802540064,1.3597718477249146,991.2294311523438,147.67872619628906,1028.3126220703125,215.37197875976562,0
112,3,0,detected,498.2532430334994,190.30232089303837,-0.2962626516819,0.013226010836660862,1.8717297315597534,460.9827575683594,170.88119506835938,540.0420532226562,209.5059814453125,0
112,8,1,detected,1059.321346398334,202.41605854710622,0.5325039029121399,0.02034284546971321,0.8467340469360352,1032.886962890625,149.63304138183594,1083.031494140625,254.8181915283203,0
112,6,1,predicted,1042.7090800595286,200.31041740312148,0.5555369844158687,0.019747675421894498,0.9126688241958618,0,0,0,0,3
113,0,0,detected,151.63546755653803,284.661978596021,-0.16321974992752075,0.03505152836441994,0.25052785873413086,0.0,200.59693908691406,303.224365234375,368.9728088378906,0
113,2,2,detected,1009.7934097686802,181.80581023278893,0.7675197720527649,-0.00773319648578763,1.3679912090301514,990.8261108398438,147.13983154296875,1028.947021484375,215.94094848632812,0
113,3,0,detected,503.3382421010635,190.42647735429304,-0.28199782967567444,0.013177469372749329,1.8648600578308105,464.5404052734375,170.80857849121094,547.073974609375,209.95657348632812,0
113,6,1,detected,1048.4547362161275,200.0876015128209,0.4650000333786011,0.015997707843780518,0.7546589374542236,1028.6468505859375,149.34848022460938,1067.6446533203125,251.533447265625,0
113,8,1,detected,1066.3123350142648,201.74192599186844,0.5470305681228638,0.02052874118089676,0.8544716238975525,1041.4268798828125,150.20291137695312,1089.4061279296875,253.88275146484375,0
114,0,0,detected,151.62473406123954,284.69327972984934,-0.16348618268966675,0.035108745098114014,0.2509368062019348,0.0,200.6024627685547,303.23516845703125,368.9879150390625,0
114,2,2,detected,1009.6866459702657,181.68556979308585,0.7641355395317078,-0.0076990993693470955,1.361959457397461,990.7440795898438,147.16514587402344,1028.4776611328125,215.973876953125,0
114,3,0,detected,509.0594290089392,190.5619849698288,-0.26279228925704956,0.013009518384933472,1.8410919904708862,469.0604248046875,170.77711486816406,554.6251831054688,210.3058624267578,0
114,6,1,detected,1051.8130006854967,199.6140432471233,0.5066645741462708,0.01623181812465191,0.8203956484794617,1028.60205078125,148.1481475830078,1070.0845947265625,251.7972869873047,0
114,8,1,detected,1076.56048096607,201.55169413662603,0.5452370047569275,0.019890621304512024,0.8279110193252563,1053.363037109375,151.5365753173828,1103.4840087890625,253.94949340820312,0
115,0,0,detected,151.615320876229,284.6708641524545,-0.1624017208814621,0.03487585857510567,0.24927225708961487,0.0,200.33843994140625,303.2200012207031,368.9774169921875,0
115,2,2,detected,1009.6721043414391,181.60659562709597,0.7629849910736084,-0.007687505800276995,1.3599085807800293,990.7356567382812,146.95938110351562,1028.6265869140625,216.21044921875,0
115,3,0,detected,514.830063838919,190.6885642108161,-0.2397700846195221,0.012619477696716785,1.7858937978744507,473.373779296875,170.74282836914062,561.4130859375,210.55506896972656,0
115,6,1,detected,1056.704699015816,199.0940627123614,0.5437651872634888,0.017184453085064888,0.8685441613197327,1032.0845947265625,147.78628540039062,1078.38427734375,251.14874267578125,0
115,8,1,detected,1084.7507830238192,201.33949979494258,0.5571442246437073,0.0200666356831789,0.8352373242378235,1058.3663330078125,151.20083618164062,1111.1673583984375,253.62376403808594,0
116,0,0,detected,151.60073939845375,284.65616874916765,-0.16299061477184296,0.03500232473015785,0.25017616152763367,0.0,200.3548126220703,303.1830749511719,368.96588134765625,0
116,2,2,detected,1009.717184447871,181.57782647162733,0.7910628318786621,-0.007970405742526054,1.409953236579895,990.7659912109375,147.09149169921875,1028.7874755859375,216.23342895507812,0
116,3,0,detected,521.4565612695882,190.83735236216367,-0.21973156929016113,0.012484747916460037,1.7668269872665405,478.1179504394531,170.61570739746094,570.8919677734375,211.0701141357422,0
116,6,1,detected,1063.2536194510428,198.15012842948116,0.587532103061676,0.015632783994078636,0.9218055009841919,1039.5604248046875,145.80978393554688,1086.9615478515625,249.8457489013672,0
116,8,1,detected,1092.2115345564735,200.4132486971642,0.5728222131729126,0.01793806441128254,0.8461913466453552,1066.56396484375,149.06996154785156,1116.7156982421875,251.1077423095703,0
117,0,0,detected,151.58284245453035,284.68158289954096,-0.1629854142665863,0.035001207143068314,0.25016817450523376,0.0,200.55172729492188,303.143310546875,368.9825744628906,0
117,2,2,detected,1009.7291275931548,181.4203815062102,0.7699005603790283,-0.007757185027003288,1.3722347021102905,990.6839599609375,146.20431518554688,1028.8277587890625,216.28573608398438,0
117,3,0,detected,528.3032283503901,191.00989848577737,-0.1984287053346634,0.014698422513902187,1.73341965675354,482.5798034667969,170.5894012451172,579.91455078125,211.53196716308594,0
117,6,1,detected,1071.1701689425665,196.5699286699284,0.607609748840332,0.013208908028900623,0.9346545934677124,1049.671142578125,144.14686584472656,1095.014404296875,246.1128692626953,0
117,8,1,detected,1098.8797105529031,199.45749403315043,0.5877528786659241,0.016966061666607857,0.8575062155723572,1071.99267578125,147.38555908203125,1123.455322265625,250.86740112304688,0
118,0,0,detected,151.56288640929444,284.6639574543416,-0.1629914790391922,0.035002510994672775,0.2501775026321411,0.0,200.34188842773438,303.1019287109375,368.9725341796875,0
118,2,2,detected,1009.9417352745218,181.28280146800734,0.7910556197166443,-0.007950307801365852,1.406397819519043,991.0130004882812,145.83660888671875,1029.263916015625,216.4911346435547,0
118,3,0,detected,535.7583528778534,191.15438972041275,-0.17933833599090576,0.014540945179760456,1.7148480415344238,488.20477294921875,170.5716094970703,589.6620483398438,211.71347045898438,0
118,6,1,detected,1078.5767270951962,195.6807478462357,0.5983098149299622,0.012811773456633091,0.9065536260604858,1055.5489501953125,143.22256469726562,1102.9749755859375,248.04107666015625,0
118,8,1,detected,1105.5397159300737,198.56920454028884,0.5912904143333435,0.015623526647686958,0.8503935933113098,1079.4100341796875,147.44725036621094,1129.5921630859375,249.38075256347656,0
119,0,0,detected,151.58825881644697,284.6525141697726,-0.1628454178571701,0.034971144050359726,0.24995329976081848,0.0,200.3422393798828,303.2330322265625,368.97613525390625,0
119,2,2,detected,1010.0425828733931,181.17208556867564,0.7854198217391968,-0.007893665693700314,1.3963780403137207,990.9046630859375,145.7107696533203,1029.3521728515625,216.5290985107422,0
119,3,0,detected,543.985832915172,191.3487830443467,-0.1538992077112198,0.01420607976615429,1.6753566265106201,496.0319519042969,170.61412048339844,598.9871215820312,212.258056640625,0
119,6,1,detected,1085.4545574435813,195.25277113503435,0.6074970960617065,0.014127839356660843,0.9087978601455688,1063.550048828125,143.91567993164062,1107.807861328125,248.27572631835938,0
119,8,1,detected,1113.4498623589125,198.27149392211257,0.602557361125946,0.01683793030679226,0.8510301113128662,1087.0340576171875,148.86636352539062,1140.0806884765625,249.64833068847656,0
120,0,0,detected,151.54105853400603,284.67821177323816,-0.1625480353832245,0.034907277673482895,0.24949684739112854,0.0,200.54879760742188,303.0098876953125,368.9710693359375,0
120,2,2,detected,1010.0465871612242,181.14760252182242,0.7880479693412781,-0.007920080795884132,1.4010506868362427,990.8358154296875,145.98825073242188,1029.248779296875,216.56532287597656,0
120,3,0,detected,552.3197288055047,191.4489445808,-0.1334071159362793,0.014042855240404606,1.6561070680618286,501.61334228515625,170.61117553710938,609.5572509765625,212.06336975097656,0
120,6,1,detected,1091.5998694339946,194.93335241762114,0.6066688895225525,0.012665322050452232,0.8961908221244812,1066.404296875,144.4739990234375,1116.068115234375,247.39845275878906,0
120,8,1,detected,1121.5842816364107,197.68523858242918,0.6056695580482483,0.015468967147171497,0.8419808745384216,1094.3892822265625,147.11520385742188,1149.38720703125,249.0153045654297,0
121,0,0,detected,151.49524961538765,284.7083783062957,-0.16159363090991974,0.03470231965184212,0.24803191423416138,0.0,200.6114959716797,302.9264221191406,368.97625732421875,0
121,2,2,detected,1010.0131390946457,181.09612888317199,0.787163496017456,-0.007931118831038475,1.4030033349990845,990.797607421875,145.84317016601562,1029.155029296875,216.49005126953125,0
121,3,0,detected,561.9753097146947,191.61938748098262,-0.10661643743515015,0.013906491920351982,1.6400253772735596,510.98065185546875,170.57102966308594,621.1018676757812,212.73870849609375,0
121,6,1,detected,1097.2395377707521,194.2124730948151,0.6377732753753662,0.01185942068696022,0.9324063062667847,1070.81591796875,142.0947723388672,1122.2406005859375,246.69517517089844,0
121,8,1,detected,1128.6389802018286,196.7993161508574,0.6308103799819946,0.013447507284581661,0.8650344014167786,1103.078125,147.2037811279297,1153.0067138671875,245.99844360351562,0
122,0,0,detected,151.50726528689313,284.7522088281229,-0.1620527058839798,0.03480090573430061,0.24873654544353485,0.0,200.7452392578125,303.055419921875,368.9740295410156,0
122,2,2,detected,1010.1059155568233,181.13351605406035,0.8055350184440613,-0.008095829747617245,1.4321404695510864,990.91748046875,146.30426025390625,1029.441650390625,216.45928955078125,0
122,3,0,detected,568.2383972776001,191.74442073997824,-0.10118259489536285,0.01379762589931488,1.62718665599823,517.4652099609375,170.21400451660156,620.4864501953125,213.15248107910156,0
122,6,1,detected,1104.777990559972,192.92696738719403,0.6834563612937927,0.009704248048365116,0.980952799320221,1081.58056640625,140.01736450195312,1129.9075927734375,244.0717315673828,0
122,8,1,detected,1135.6708802289745,195.99507633314218,0.6604605317115784,0.01262830849736929,0.8935717940330505,1111.041259765625,145.7010498046875,1159.2193603515625,246.27113342285156,0
123,0,0,detected,151.5257231520013,284.74963151875266,-0.16092149913311005,0.03455797955393791,0.24700026214122772,0.0,200.53558349609375,303.1011047363281,368.9762268066406,0
123,2,2,detected,1010.2491624657298,181.19523014901884,0.8033114671707153,-0.008073482662439346,1.4281872510910034,991.1044921875,146.3832244873047,1029.615478515625,216.57467651367188,0
123,3,0,detected,573.5029101324402,191.78655284229075,-0.0875253900885582,0.013465444557368755,1.5880117416381836,526.5396728515625,170.2288360595703,619.8854370117188,212.8904571533203,0
123,6,1,detected,1114.6657848907573,191.87496681752833,0.6873236894607544,0.008166221901774406,0.9630618095397949,1095.158203125,138.3341827392578,1139.9151611328125,244.7261199951172,0
123,8,1,detected,1143.011971424266,195.54375653281167,0.6594356298446655,0.013686399906873703,0.8804015517234802,1117.0103759765625,146.02442932128906,1168.588623046875,246.4207763671875,0
124,0,0,detected,151.47943239760207,284.7782404891639,-0.16143201291561127,0.03466761112213135,0.2477838397026062,0.0,200.7181854248047,302.89385986328125,368.9757995605469,0
124,2,2,detected,1010.287512297246,181.2879447319102,0.7903862595558167,-0.00794357992708683,1.4052077531814575,991.0972900390625,146.88128662109375,1029.5008544921875,216.35382080078125,0
124,3,0,detected,578.6730402897281,191.9209486008165,-0.07601212710142136,0.013413905166089535,1.5819334983825684,536.322998046875,170.5377655029297,620.0942993164062,213.25010681152344,0
124,6,1,detected,1120.701807023168,191.18473912315784,0.7002389430999756,0.008270539343357086,0.9753642082214355,1100.22607421875,138.60809326171875,1140.0667724609375,244.55123901367188,0
124,8,1,detected,1151.1206062033327,194.90502936340036,0.6756470799446106,0.012535194866359234,0.8869831562042236,1125.501708984375,144.9774169921875,1177.6776123046875,245.40122985839844,0
125,0,0,detected,151.50818039698817,284.75837484489585,-0.16298000514507294,0.035000044852495193,0.25015988945961,0.0,200.47940063476562,303.08599853515625,368.9691467285156,0
125,2,2,detected,1010.3200813315925,181.25238428861675,0.8060880899429321,-0.00810138788074255,1.4331237077713013,991.0494384765625,146.2635498046875,1029.60009765625,216.34451293945312,0
125,3,0,detected,583.671620692655,192.0515228438511,-0.06643551588058472,0.015501619316637516,1.5669794082641602,546.0362548828125,170.58248901367188,619.9242553710938,213.45101928710938,0
125,6,1,detected,1128.100741148462,190.76446704397372,0.7055413126945496,0.008203968405723572,0.9675134420394897,1107.1661376953125,139.16885375976562,1150.353759765625,244.1610107421875,0
125,8,1,detected,1157.7012281552395,194.5115638890757,0.7184585332870483,0.013206958770751953,0.9345166683197021,1131.5831298828125,145.2601318359375,1182.1766357421875,245.25155639648438,0
126,0,0,detected,151.52386523846292,284.72272661683905,-0.16285903751850128,0.03497406467795372,0.24997419118881226,0.0,200.35186767578125,303.09033203125,368.96588134765625,0
126,2,2,detected,1010.309030666937,181.28977710204,0.7924011945724487,-0.007963830605149269,1.408790111541748,991.0559692382812,146.4962921142578,1029.49365234375,216.47760009765625,0
126,3,0,detected,588.8857183475033,192.03468517832687,-0.052048489451408386,0.013012122362852097,1.5345503091812134,556.86083984375,169.78427124023438,619.7767333984375,213.62100219726562,0
126,6,1,detected,1133.720069438603,190.33346758852107,0.7371238470077515,0.008505275472998619,1.003047227859497,1109.7889404296875,139.42242431640625,1155.940185546875,242.9002685546875,0
126,8,1,detected,1164.8525654233815,193.52307183689447,0.7410361170768738,0.010739654302597046,0.9499145746231079,1139.0950927734375,143.6604461669922,1190.1121826171875,242.51010131835938,0
127,0,0,detected,151.48083803408204,284.7125897673536,-0.162361741065979,0.03486727178096771,0.2492108941078186,0.0,200.4394073486328,302.9004211425781,368.9697265625,0
127,2,2,detected,1010.2903649161718,181.29863603410277,0.7934186458587646,-0.007974056527018547,1.4105989933013916,991.0462646484375,146.46282958984375,1029.4559326171875,216.3909454345703,0
127,3,0,detected,594.2594026391236,192.0746439485427,-0.04167483001947403,0.013160471804440022,1.5520455837249756,567.5316772460938,169.7112274169922,619.9903564453125,214.04627990722656,0
127,6,1,detected,1140.5264067544617,189.22946494872207,0.7453514933586121,0.004234951455146074,0.9988756775856018,1114.9306640625,136.29054260253906,1166.6041259765625,241.14602661132812,0
127,8,1,detected,1171.4928279590533,192.28643107045133,0.7485384941101074,0.008048800751566887,0.9492141604423523,1144.644287109375,141.80406188964844,1197.0848388671875,241.0427703857422,0
128,0,0,detected,151.4961925293663,284.7404491448302,-0.16401690244674683,0.035222720354795456,0.2517514228820801,0.0,200.65603637695312,303.03668212890625,368.96337890625,0
128,2,2,detected,1010.271331548648,181.2860915868037,0.7984321713447571,-0.008024443872272968,1.419512391090393,990.971435546875,146.29562377929688,1029.4959716796875,216.43284606933594,0
128,3,0,detected,599.9923972867256,192.13125788727262,-0.02890811115503311,0.013342204503715038,1.5734777450561523,579.6548461914062,169.86819458007812,619.8068237304688,214.09495544433594,0
128,6,1,detected,1144.8736045809894,187.09285226213592,0.7684201598167419,-0.0014471188187599182,1.0239728689193726,1119.05126953125,135.3209228515625,1167.0748291015625,233.9877471923828,0
128,8,1,detected,1177.6011359597535,191.46112661854607,0.7570064663887024,0.00805326085537672,0.9497400522232056,1148.8023681640625,142.61434936523438,1204.4161376953125,240.33180236816406,0
129,0,0,detected,151.49263074124858,284.7794731305223,-0.16398687660694122,0.03521626815199852,0.2517053186893463,0.0,200.7592315673828,302.99420166015625,368.9736022949219,0
129,2,2,detected,1010.1721940739559,181.24449074759949,0.8064960837364197,-0.008105488494038582,1.4338490962982178,990.6720581054688,146.03326416015625,1029.463134765625,216.48753356933594,0
129,3,0,detected,605.8348906794339,192.3868974256971,-0.016131088137626648,0.016131088137626648,1.6306092739105225,591.5220947265625,171.16799926757812,619.634765625,214.13011169433594,0
129,6,1,detected,1149.0979233019743,186.0626765326152,0.7644020318984985,0.0,1.0110026597976685,1122.6497802734375,134.8249969482422,1172.0899658203125,237.1197509765625,0
129,8,1,detected,1186.762247959408,190.71381259973975,0.7565199732780457,0.006567013915628195,0.9293561577796936,1155.4356689453125,140.93316650390625,1221.451904296875,240.8514862060547,0
130,0,0,detected,151.48929056384645,284.74521207325677,-0.16586492955684662,0.0356195829808712,0.25458797812461853,0.0,200.39056396484375,302.9876708984375,368.9651184082031,0
130,2,2,detected,1010.1245138814098,181.3412675169779,0.7983189821243286,-0.008023305796086788,1.4193111658096313,990.8262329101562,146.77537536621094,1029.316162109375,216.4969940185547,0
130,6,1,detected,1157.572861151872,185.23646441918495,0.7942731976509094,0.0,1.027464509010315,1135.1260986328125,133.42135620117188,1184.077392578125,237.72476196289062,0
130,8,1,detected,1193.137963218549,190.23531823242095,0.7837569117546082,0.006756525486707687,0.9561755657196045,1162.7242431640625,140.74044799804688,1222.0126953125,241.13009643554688,0
130,3,0,predicted,612.0783501910346,192.52206676379942,0.00018055341266267648,0.017334160983486713,1.6306092739105225,0,0,0,0,1
131,0,0,detected,151.47019343632883,284.75855226334056,-0.1653118133544922,0.03550080209970474,0.25373899936676025,0.0,200.62359619140625,302.92205810546875,368.9598388671875,0
131,2,2,detected,1010.0756786883617,181.45085942001234,0.7891501188278198,-0.007931157015264034,1.4030101299285889,990.71533203125,146.84909057617188,1029.334228515625,216.65557861328125,0
131,6,1,detected,1165.8318715128626,185.0017933877313,0.8032445907592773,0.0014472876209765673,1.0240923166275024,1143.6954345703125,135.50430297851562,1191.400634765625,237.4629364013672,0
131,8,1,detected,1199.5029586935589,189.3375036719797,0.7963676452636719,0.005435957107692957,0.96161288022995,1174.156982421875,139.59133911132812,1223.4769287109375,238.7851104736328,0
131,3,0,predicted,618.4465695852745,192.6577131412466,0.014855740914210328,0.01764675009194986,1.6306092739105225,0,0,0,0,2
132,0,0,detected,151.47783385680682,284.75955552237696,-0.16545827686786652,0.035532254725694656,0.25396379828453064,0.0,200.5636749267578,302.98516845703125,368.96685791015625,0
132,2,2,detected,1010.0492934663241,181.5189077396426,0.8069949746131897,-0.008110501803457737,1.4347360134124756,990.8514404296875,146.89910888671875,1029.190673828125,216.5337371826172,0
132,6,1,detected,1171.9617308870288,184.76039350705054,0.8234058618545532,0.0014729980612173676,1.0422848463058472,1147.1552734375,135.27426147460938,1196.39208984375,237.00094604492188,0
132,8,1,detected,1204.2513494845625,188.59635163593978,0.8054283857345581,0.00409539882093668,0.9659600853919983,1181.1484375,138.9976806640625,1223.4359130859375,238.55743408203125,0
132,3,0,predicted,624.9395488621534,192.7938365580387,0.02981843023644831,0.0179604385095603,1.6306092739105225,0,0,0,0,3
133,0,0,detected,151.52551978679392,284.72887892153534,-0.16560310125350952,0.035563353449106216,0.25418609380722046,0.0,200.37762451171875,303.1477966308594,368.9621887207031,0
133,2,2,detected,1010.0337964751243,181.57740848804093,0.7838018536567688,-0.007877405732870102,1.39350163936615,990.8500366210938,146.89035034179688,1029.183349609375,216.59388732910156,0
133,6,1,detected,1180.1953587104895,184.02488268696587,0.8332377672195435,-0.001464389730244875,1.036193609237671,1156.2503662109375,132.407470703125,1207.4075927734375,236.30081176757812,0
133,8,1,detected,1207.805470317175,187.61551618457472,0.8629494905471802,0.002910453826189041,1.029710054397583,1186.187255859375,134.8505096435547,1223.88525390625,239.81533813476562,0
133,3,0,predicted,631.5572880216714,192.93043701417565,0.04506862137937662,0.018275226236317964,1.6306092739105225,0,0,0,0,4
134,0,0,detected,151.5168902180715,284.688665873611,-0.1644183248281479,0.035308923572301865,0.2523675560951233,0.0,200.2900390625,303.02667236328125,368.9384765625,0
134,2,2,detected,1009.967321566753,181.61749139590705,0.7935910224914551,-0.007995879277586937,1.414459466934204,990.7147216796875,146.7887725830078,1029.0999755859375,216.6781005859375,0
134,6,1,detected,1189.1917242364627,183.1982307530894,0.8490821719169617,-0.002932926407083869,1.037660837173462,1164.501708984375,131.259521484375,1218.228759765625,235.42434692382812,0
134,8,1,detected,1209.0090045788756,186.3907274449326,0.9039616584777832,0.0,1.0804696083068848,1185.1427001953125,132.3690643310547,1223.908203125,238.9731903076172,0
134,3,0,predicted,638.2997870638286,193.06751450965749,0.06060631434299551,0.01859111327222285,1.6306092739105225,0,0,0,0,5
135,0,0,detected,151.5196561014631,284.66816448605306,-0.16451504826545715,0.03532969579100609,0.2525160312652588,0.0,200.30429077148438,303.0525207519531,368.9729309082031,0
135,2,2,detected,1009.9881145433402,181.67105783241553,0.7893348336219788,-0.007933013141155243,1.4033385515213013,990.7594604492188,146.84271240234375,1029.2554931640625,216.76852416992188,0
135,6,1,detected,1196.3809180804649,183.0175550619363,0.8435254096984863,-0.0014443928375840187,1.0220439434051514,1170.5430908203125,132.1292724609375,1223.202392578125,236.72923278808594,0
135,8,1,detected,1210.7378798358607,185.48921803640297,0.9175743460655212,0.0,1.0912104845046997,1190.2708740234375,133.7021484375,1223.960205078125,237.2410125732422,0
135,3,0,predicted,645.1670459886249,193.2050690444842,0.07643150912730473,0.018908099617274965,1.6306092739105225,0,0,0,0,6
136,0,0,detected,151.60825612100243,284.66943999157564,-0.16521508991718292,0.03548002615571022,0.25359052419662476,0.0,200.40353393554688,303.3768310546875,368.96832275390625,0
136,2,2,detected,1009.9906803922933,181.7536537944355,0.7813048362731934,-0.007872088812291622,1.3925610780715942,990.8973388671875,147.33816528320312,1029.0882568359375,216.5350799560547,0
136,6,1,detected,1200.2846939896635,182.7996318343403,0.8711565136909485,-0.0014891565078869462,1.0537184476852417,1172.7281494140625,132.60610961914062,1223.2203369140625,235.4872589111328,0
136,3,0,predicted,652.1590647960603,193.34310061865577,0.09254420573230454,0.019226185271474298,1.6306092739105225,0,0,0,0,7
136,8,1,predicted,1216.3295264285694,184.58691332306225,0.9319617269803462,-0.0006370381654304023,1.0912104845046997,0,0,0,0,1
137,0,0,detected,151.5882951724672,284.6749864893503,-0.16449838876724243,0.035326119512319565,0.25249046087265015,0.0,200.42730712890625,303.1380615234375,368.9706726074219,0
137,2,2,detected,1009.9911498280958,181.72514689101916,0.7951887249946594,-0.008011976256966591,1.4173070192337036,990.6998291015625,146.64601135253906,1029.282470703125,216.69476318359375,0
137,6,1,detected,1202.5459431145593,182.66250930835338,0.8742947578430176,-0.0029788578394800425,1.0539112091064453,1174.100830078125,132.66558837890625,1224.0,235.30641174316406,0
137,3,0,predicted,659.2758434861348,193.48160923217222,0.10894440415799468,0.01954537023482086,1.6306092739105225,0,0,0,0,8
137,8,1,predicted,1221.8423232138866,183.67545594425093,0.9404632404557817,-0.0020426345423705922,1.0912104845046997,0,0,0,0,2
138,0,0,detected,151.55950430090127,284.6633620178411,-0.16437217593193054,0.035299014300107956,0.2522967457771301,0.0,200.33676147460938,303.0679016113281,368.9652404785156,0
138,2,2,detected,1009.9275377478025,181.78309933702607,0.773632824420929,-0.007794789504259825,1.3788869380950928,990.6848754882812,147.17982482910156,1029.0595703125,216.630615234375,0
138,6,1,detected,1204.3580184129091,181.8111872229447,0.9156896471977234,-0.006229181308299303,1.1019331216812134,1177.6409912109375,129.7392578125,1223.938720703125,233.54371643066406,0
138,3,0,predicted,666.5173820588484,193.62059488503357,0.12563210440437514,0.019865654507314708,1.6306092739105225,0,0,0,0,9
138,8,1,predicted,1227.2762701918123,182.754845899969,0.9488431563599334,-0.003462345625849876,1.0912104845046997,0,0,0,0,3
139,0,0,detected,151.5340408945783,284.64348795660953,-0.16528339684009552,0.03549469634890556,0.25369536876678467,0.0,200.26556396484375,303.0263671875,368.9649963378906,0
139,2,2,detected,1009.8606342951825,181.88887776521125,0.7929672598838806,-0.0059921955689787865,1.413347601890564,990.5738525390625,147.58460998535156,1029.0390625,216.61074829101562,0
139,6,1,detected,1205.7411120301263,181.05572978663974,0.9578385353088379,-0.006493820808827877,1.148747444152832,1180.2613525390625,129.25987243652344,1224.0,232.92921447753906,0
139,3,0,predicted,673.8836805142012,193.7600575772398,0.14260730647144618,0.020187038088955778,1.6306092739105225,0,0,0,0,10
139,8,1,predicted,1232.6313673623465,181.8250831902165,0.9571014746928017,-0.0048961714158682525,1.0912104845046997,0,0,0,0,4
140,0,0,detected,151.53034683082407,284.68575517004575,-0.16567093133926392,0.0355779230594635,0.25429022312164307,0.0,200.6119384765625,303.0595703125,368.9581604003906,0
140,2,2,detected,1009.7508756210531,181.9842891038398,0.7816991209983826,-0.005907046142965555,1.393263816833496,990.447998046875,147.5694122314453,1028.879638671875,216.74278259277344,0
140,3,0,detected,880.9817063569949,186.29254823697806,0.5001217722892761,-0.0017989990301430225,1.2729612588882446,870.0496215820312,157.93243408203125,911.7322387695312,211.65353393554688,0
140,6,1,detected,1206.197342175446,180.28098145867378,1.4122234582901,-0.011967995204031467,1.6936968564987183,1180.2646484375,128.3748016357422,1224.0,232.19790649414062,0
140,8,1,predicted,1237.9076147254893,180.88616781499343,0.9652381954543864,-0.00634411191242568,1.0912104845046997,0,0,0,0,5
141,0,0,detected,151.50511287650713,284.6826115339836,-0.16422781348228455,0.035268012434244156,0.2520751655101776,0.0,200.38992309570312,302.9721374511719,368.9765930175781,0
141,2,2,detected,1009.6194007200382,182.0193633771944,0.7894659042358398,-0.005965737625956535,1.4071069955825806,990.2815551757812,147.1673583984375,1028.7589111328125,216.9438018798828,0
141,3,0,detected,899.2136014195664,185.43943251358812,0.567655622959137,-0.001971026649698615,1.3946869373321533,870.2194213867188,158.94679260253906,930.4014282226562,210.67306518554688,0
141,6,1,detected,1207.6408357832274,180.33984582215444,1.8659734725952148,-0.012607929296791553,2.2303242683410645,1185.5865478515625,131.16738891601562,1224.0,232.82696533203125,0
141,8,1,predicted,1243.1050122812405,179.93809977429976,0.9732533186446876,-0.0078061671155222005,1.0912104845046997,0,0,0,0,6
142,0,0,detected,151.52143940003563,284.6522128732019,-0.1622707098722458,0.034847721457481384,0.2490711659193039,0.0,200.2356414794922,303.0793151855469,368.95953369140625,0
142,2,2,detected,1009.4184651846015,182.09130747581253,0.762869656085968,-0.005764758214354515,1.3597030639648438,990.0385131835938,147.6165313720703,1028.495849609375,216.7777862548828,0
142,3,0,detected,912.4058065582582,185.6381468853064,0.572237491607666,0.001926725497469306,1.3633397817611694,870.181640625,162.0109405517578,948.6761474609375,210.56536865234375,0
142,6,1,detected,1210.4851828324927,180.07877647175133,1.9498624801635742,-0.016330506652593613,2.3110742568969727,1194.239990234375,129.11300659179688,1224.0,232.86233520507812,0
142,8,1,predicted,1248.2235600296003,178.9808790681355,0.9811468442637054,-0.009282337025157813,1.0912104845046997,0,0,0,0,7
143,0,0,detected,151.54501444655486,284.6587928849649,-0.1623850166797638,0.03487227112054825,0.24924662709236145,0.0,200.4304962158203,303.13641357421875,368.9345703125,0
143,2,2,detected,1009.3324699245629,182.1347747144173,0.7767466306686401,-0.005869621876627207,1.3844367265701294,989.98486328125,147.49075317382812,1028.5989990234375,216.85623168945312,0
143,3,0,detected,923.5113914557937,185.69571259421434,0.5927610993385315,0.0019371277885511518,1.3707003593444824,869.9839477539062,162.1528778076172,967.3631591796875,210.2233428955078,0
143,6,1,predicted,1214.722199503043,179.39065663974608,1.9685516834731784,-0.018320682935042937,2.3110742568969727,0,0,0,0,1
143,8,1,predicted,1253.2632579705685,178.01450569650063,0.9889187723114392,-0.01077262164133252,1.0912104845046997,0,0,0,0,8
144,0,0,detected,151.53327325191944,284.6742666299876,-0.16199131309986115,0.034787725657224655,0.24864232540130615,0.0,200.46597290039062,303.0487060546875,368.9625549316406,0
144,2,2,detected,1009.3300123393877,182.05332635465206,0.7863530516624451,-0.007922952063381672,1.401558756828308,989.8414916992188,147.0055694580078,1028.8890380859375,216.66415405273438,0
144,3,0,detected,933.727628892203,185.4363632073658,0.6169037222862244,0.0,1.3813844919204712,868.8804321289062,161.51055908203125,987.730224609375,209.19744873046875,0
144,6,1,predicted,1218.8724904915275,178.70175388148039,1.9821069537436633,-0.020570709042678298,2.3110742568969727,0,0,0,0,2
144,8,1,predicted,1258.2241061041452,177.03897965939518,0.9965691027878898,-0.012277020964046322,1.0912104845046997,0,0,0,0,9
145,0,0,detected,151.51069574268752,284.6761236997569,-0.1615111082792282,0.034684598445892334,0.24790525436401367,0.0,200.40911865234375,302.9861755371094,368.9623107910156,0
145,2,2,detected,1010.0819674735928,182.01786251183174,0.7707101106643677,-0.007745829876512289,1.3702260255813599,991.830078125,146.77700805664062,1029.7000732421875,217.03289794921875,0
145,3,0,detected,942.672428024791,185.20005779260055,0.6412772536277771,0.0,1.4005063772201538,868.7967529296875,161.06300354003906,1004.0862426757812,209.29812622070312,0
145,6,1,predicted,1222.9360557979467,178.0120681969542,1.9953789691621266,-0.02282329226669229,2.3110742568969727,0,0,0,0,3
145,8,1,predicted,1263.1061044303303,176.05430095681916,1.0040978356930566,-0.01379553499329917,1.0912104845046997,0,0,0,0,10
146,0,0,detected,151.5379147698054,284.67822612934475,-0.16367775201797485,0.03514988720417023,0.2512308657169342,0.0,200.4069366455078,303.1290588378906,368.9679870605469,0
146,2,2,detected,1010.2388686595391,181.96609407044812,0.727210283279419,-0.007308646105229855,1.292888879776001,991.091796875,147.0581817626953,1029.6273193359375,216.59402465820312,0
146,3,0,detected,951.0362871668888,185.02994534961553,0.6520301699638367,0.0,1.3896770477294922,866.91552734375,160.49557495117188,1022.3766479492188,209.8123321533203,0
146,6,1,predicted,1226.9128954223002,177.32159958616757,2.008367729728568,-0.025078432607084814,2.3110742568969727,0,0,0,0,4
146,8,1,predicted,1267.909252949124,175.06046958877255,1.01150497102694,-0.015328163729091114,1.0912104845046997,0,0,0,0,11
147,0,0,detected,151.5517863310005,284.6867123359121,-0.16367650032043457,0.03514961525797844,0.251228928565979,0.0,200.46607971191406,303.12994384765625,368.9499206542969,0
147,2,2,detected,1010.952225808652,181.87776418042242,0.7261313796043396,-0.007279512006789446,1.287735104560852,992.7125854492188,146.7326202392578,1030.3721923828125,216.61126708984375,0
147,3,0,detected,962.0740086723679,184.6633264922072,0.6879891157150269,-0.0019884079229086637,1.406985878944397,879.7743530273438,159.3686981201172,1036.703857421875,209.4601593017578,0
147,6,1,predicted,1230.8030093645882,176.63034804912047,2.021073235442988,-0.027336130063855876,2.3110742568969727,0,0,0,0,5
147,8,1,predicted,1272.6335516605263,174.05748555525534,1.01879050878954,-0.016874907171422152,1.0912104845046997,0,0,0,0,12
148,0,0,detected,151.50271746718386,284.75030118741,-0.16435524821281433,0.035295382142066956,0.25227075815200806,0.0,200.78009033203125,302.9213562011719,368.9823303222656,0
148,2,2,detected,1011.3839777318863,181.78088033387078,0.7220413088798523,-0.007238509599119425,1.2804818153381348,993.3923950195312,146.29287719726562,1029.9810791015625,216.84840393066406,0
148,3,0,detected,981.1692587443035,184.39788603779076,0.7402930855751038,-0.0019900351762771606,1.408137321472168,899.744384765625,158.88287353515625,1068.5654296875,209.87530517578125,0
148,6,1,predicted,1234.6063976248106,175.9383135858129,2.033495486305386,-0.02959638463700556,2.3110742568969727,0,0,0,0,6
148,8,1,predicted,1277.279000564537,173.04534885626754,1.0259544489808563,-0.018435765320292282,1.0912104845046997,0,0,0,0,13
149,0,0,detected,151.5136050501093,284.79404748044345,-0.16292446851730347,0.03498811647295952,0.2500746250152588,0.0,200.791015625,303.0526123046875,368.95989990234375,0
149,2,2,detected,1012.0326136267148,181.88308247192842,0.7334926724433899,-0.005501194857060909,1.2975378036499023,994.722900390625,146.95623779296875,1030.271728515625,217.2200927734375,0
149,3,0,detected,1000.2114499227687,184.24305145072714,0.7429364323616028,-0.0019049652619287372,1.3479423522949219,918.4086303710938,157.50291442871094,1086.94580078125,211.40487670898438,0
149,6,1,predicted,1238.3230602029676,175.24549619624486,2.0456344823157617,-0.031859196326533785,2.3110742568969727,0,0,0,0,7
149,8,1,predicted,1281.8455996611563,172.02405949180914,1.032996791600889,-0.020010738175701506,1.0912104845046997,0,0,0,0,14
150,0,0,detected,151.5664971439917,284.8404801704139,-0.16399511694908142,0.03521804139018059,0.2517179846763611,0.0,200.8862762451172,303.22900390625,368.9559326171875,0
150,2,2,detected,1011.4130119740079,181.8864258237152,0.7549957633018494,-0.0075878966599702835,1.3422878980636597,992.5037231445312,146.04319763183594,1028.9923095703125,217.7105255126953,0
150,3,0,detected,1020.4465536155495,183.77013011785738,0.3950832188129425,-0.0019225460710003972,0.6801912188529968,943.5224609375,159.03944396972656,1103.4283447265625,207.69381713867188,0
150,6,1,predicted,1241.952997099059,174.55189588041634,2.0574902234741166,-0.03412456513244064,2.3110742568969727,0,0,0,0,8
150,8,1,predicted,1286.3333489503839,170.99361746188018,1.0399175366496383,-0.02159982573764978,1.0912104845046997,0,0,0,0,15
151,0,0,detected,151.56926533173294,284.9118434108116,-0.1641538143157959,0.0356082022190094,0.2519615590572357,0.0,201.1197509765625,303.1410827636719,368.9532775878906,0
151,2,2,detected,1011.6662084773167,181.63142545133007,0.7585242986679077,-0.007604253478348255,1.3451813459396362,993.5819702148438,145.6086883544922,1030.0147705078125,216.5912322998047,0
151,3,0,detected,1041.7915303435832,183.1570236704352,0.7695238590240479,-0.005331574473530054,1.2575303316116333,966.8018188476562,158.28118896484375,1123.726318359375,206.7804718017578,0
151,6,1,predicted,1245.496208313085,173.85751263832736,2.0690627097804493,-0.03639249105472602,2.3110742568969727,0,0,0,0,9
151,8,1,predicted,1290.74224843222,169.95402276648062,1.0467166841271038,-0.023203028006137147,1.0912104845046997,0,0,0,0,16
152,0,0,detected,151.53009521953211,284.8912294463741,-0.16404490172863007,0.035228729248046875,0.25179439783096313,0.0,200.68411254882812,302.9901123046875,368.9569091796875,0
152,2,2,detected,1010.6747391635253,181.74987504696344,0.7499797344207764,-0.005667353514581919,1.3367286920547485,990.515380859375,147.22987365722656,1028.929931640625,216.7866668701172,0
152,3,0,detected,1064.8265708304148,182.4433373901382,0.8699718713760376,-0.007614633999764919,1.3470176458358765,993.5233764648438,157.2837677001953,1144.85693359375,206.09359741210938,0
152,6,1,predicted,1248.9526938450454,173.16234646997793,2.0803519412347606,-0.03866297409338994,2.3110742568969727,0,0,0,0,10
152,8,1,predicted,1295.072298106665,168.90527540561047,1.053394234033286,-0.02482034498116361,1.0912104845046997,0,0,0,0,17
153,0,0,detected,151.5237209641583,284.8392108153132,-0.1635315716266632,0.03511849418282509,0.25100648403167725,0.0,200.45033264160156,303.0389099121094,368.9674377441406,0
153,2,2,detected,1010.1332545652693,181.62333774914632,0.7464429140090942,-0.007520834915339947,1.3304247856140137,990.3311767578125,145.99337768554688,1028.9423828125,216.74472045898438,0
153,3,0,detected,1085.2868679746239,181.58234772178884,0.9121447801589966,-0.009621781297028065,1.3616632223129272,1008.6851806640625,156.0677490234375,1165.04833984375,205.1706085205078,0
153,6,1,predicted,1252.3224536949401,172.46639737536802,2.09135791783705,-0.04093601424843249,2.3110742568969727,0,0,0,0,11
153,8,1,predicted,1299.323497973718,167.84737537926972,1.0599501863681846,-0.026451776662729163,1.0912104845046997,0,0,0,0,18
154,0,0,detected,151.52012140862107,284.80733956592314,-0.1626919060945511,0.03493817523121834,0.24971768260002136,0.0,200.49440002441406,303.037109375,368.95733642578125,0
154,2,2,detected,1010.0174747648748,181.6536296399715,0.7475206851959229,-0.0075316946022212505,1.3323458433151245,990.8423461914062,146.43951416015625,1029.0054931640625,217.02674865722656,0
154,3,0,detected,1101.7346637124008,180.81524616041685,0.9384869933128357,-0.009635389782488346,1.3635891675949097,1012.732177734375,155.34144592285156,1186.3336181640625,204.9162139892578,0
154,6,1,predicted,1255.6054878627695,171.76966535449765,2.1020806395873173,-0.043211611519853574,2.3110742568969727,0,0,0,0,12
154,8,1,predicted,1303.4958480333798,166.7803226874584,1.0663845411317998,-0.028097323050833765,1.0912104845046997,0,0,0,0,19
155,0,0,detected,151.51754796587076,284.7925704126007,-0.16367360949516296,0.035148993134498596,0.25122448801994324,0.0,200.5371856689453,303.0339660644531,368.964111328125,0
155,2,2,detected,1010.0460818954352,181.72743322075954,0.7616167068481445,-0.007654438726603985,1.354059100151062,991.1044921875,146.6421661376953,1029.0640869140625,217.1360626220703,0
155,3,0,detected,1121.665231657303,179.99459474408155,1.0193378925323486,-0.011992210522294044,1.4142696857452393,1038.87890625,154.52735900878906,1205.770263671875,204.02951049804688,0
155,6,1,predicted,1258.8017963485333,171.0721504073668,2.1125201064855634,-0.04548976590765328,2.3110742568969727,0,0,0,0,13
155,8,1,predicted,1307.58934828565,165.7041173301765,1.072697298324131,-0.029756984145477464,1.0912104845046997,0,0,0,0,20
156,0,0,detected,151.52415097138515,284.81307584033016,-0.16309577226638794,0.03502490371465683,0.2503375709056854,0.0,200.7213134765625,303.0630798339844,368.96832275390625,0
156,2,2,detected,1010.0985007438178,181.7111227195782,0.7538031339645386,-0.00757591100409627,1.3401676416397095,991.0067138671875,146.38975524902344,1029.3033447265625,216.9688720703125,0
156,3,0,detected,1140.9157460423205,179.14955154073627,1.065446376800537,-0.014125235378742218,1.4278477430343628,1057.9849853515625,153.57754516601562,1223.384033203125,203.35015869140625,0
156,6,1,predicted,1261.9113791522316,170.37385253397548,2.1226763185317874,-0.04777047741183153,2.3110742568969727,0,0,0,0,14
156,8,1,predicted,1311.6039987305287,164.618759307424,1.078888457945179,-0.03143075994666025,1.0912104845046997,0,0,0,0,21
157,0,0,detected,151.52600664963106,284.788623329775,-0.16210342943668365,0.034811802208423615,0.2488144189119339,0.0,200.4881591796875,303.0575256347656,368.965576171875,0
157,2,2,detected,1010.0859510791815,181.71655631582496,0.7507527470588684,-0.00754525326192379,1.3347443342208862,991.0003662109375,146.45620727539062,1029.1654052734375,217.00439453125,0
157,3,0,detected,1154.813338938852,178.26677604551742,1.0761172771453857,-0.01603154093027115,1.4179781675338745,1075.5946044921875,152.81121826171875,1224.0,202.35748291015625,0
157,6,1,predicted,1264.9342362738644,169.6747717343237,2.1325492757259896,-0.05005374603238832,2.3110742568969727,0,0,0,0,15
157,8,1,predicted,1315.5397993680158,163.5242486192009,1.0849580199949433,-0.03311865045438214,1.0912104845046997,0,0,0,0,22
158,0,0,detected,151.53899668114198,284.73875309847057,-0.1636304259300232,0.035139720886945724,0.251158207654953,0.0,200.2935333251953,303.1022644042969,368.9653625488281,0
158,2,2,detected,1010.075668025979,181.7601115837633,0.7481132745742798,-0.007518726401031017,1.3300517797470093,990.9356079101562,146.7480926513672,1029.21484375,216.9506072998047,0
158,3,0,detected,1167.014188842365,177.3292765193398,1.115850567817688,-0.018326014280319214,1.4408200979232788,1097.7901611328125,151.95663452148438,1223.60791015625,201.27882385253906,0
158,6,1,predicted,1267.8703677134315,168.97490800841146,2.14213897806817,-0.052339571769323724,2.3110742568969727,0,0,0,0,16
158,8,1,predicted,1319.3967501981115,162.4205852655072,1.090905984473424,-0.03482065566864312,1.0912104845046997,0,0,0,0,23
159,0,0,detected,151.5770490657377,284.70324886304695,-0.16279317438602448,0.03495992347598076,0.2498731166124344,0.0,200.30532836914062,303.2197265625,368.9551086425781,0
159,2,2,detected,1009.9713433318851,181.80449437158916,0.7587538957595825,-0.0076448749750852585,1.3523672819137573,990.6400146484375,146.74111938476562,1029.1407470703125,217.03611755371094,0
159,3,0,detected,1177.3637442469492,176.4373379497057,1.1259211301803589,-0.02021402306854725,1.4303325414657593,1115.513671875,151.2127227783203,1223.949951171875,200.5816650390625,0
159,6,1,predicted,1270.7197734709332,168.27426135623875,2.151445425558329,-0.05462795462263767,2.3110742568969727,0,0,0,0,17
159,8,1,predicted,1323.1748512208158,161.30776924634296,1.0967323513806215,-0.03653677558944315,1.0912104845046997,0,0,0,0,24
160,0,0,detected,151.53777460460898,284.722601015071,-0.1636025607585907,0.035133738070726395,0.25111544132232666,0.0,200.5548095703125,303.0029602050781,368.9758605957031,0
160,2,2,detected,1009.8894388005974,181.82176818471245,0.7656390070915222,-0.007714247331023216,1.364639163017273,990.6548461914062,146.7275848388672,1029.013671875,216.96151733398438,0
160,3,0,detected,1187.3583133735642,175.36116282428688,1.2096054553985596,-0.023466773331165314,1.5095410346984863,1135.77001953125,149.20901489257812,1223.8304443359375,199.84812927246094,0
160,6,1,predicted,1273.4824535463692,167.57283177780556,2.160468618196466,-0.056918894592330245,2.3110742568969727,0,0,0,0,18
160,8,1,predicted,1326.8741024361284,160.1858005617081,1.102437120716535,-0.03826701021678226,1.0912104845046997,0,0,0,0,25
161,0,0,detected,151.54893214205492,284.72389178357645,-0.16328164935112,0.03506482392549515,0.25062286853790283,0.0,200.49057006835938,303.1173400878906,368.96368408203125,0
161,2,2,detected,1009.834630853901,181.87647457556065,0.7577331066131592,-0.007634590845555067,1.3505480289459229,990.5780639648438,146.89698791503906,1029.0369873046875,217.0477294921875,0
161,3,0,detected,1198.1679662433116,174.31079081988622,1.239654302597046,-0.02569231577217579,1.5149778127670288,1159.38134765625,148.197021484375,1224.0,199.0480499267578,0
161,6,1,predicted,1276.1584079397398,166.8706192731119,2.1692085559825807,-0.05921239167840135,2.3110742568969727,0,0,0,0,19
161,8,1,predicted,1330.4945038440496,159.05467921160266,1.1080202924811653,-0.04001135955066048,1.0912104845046997,0,0,0,0,26
162,0,0,detected,151.50678498227617,284.7168659255362,-0.16469117999076843,0.03536751866340637,0.2527863681316376,0.0,200.4403839111328,302.9396667480469,368.9655456542969,0
162,2,2,detected,1009.8405856251088,181.95768965864565,0.7622793316841125,-0.00576029671356082,1.358650803565979,990.6802978515625,146.9948272705078,1029.056884765625,217.20408630371094,0
162,3,0,detected,1207.6397974272113,172.45216510894147,1.3338924646377563,-0.03402787074446678,1.6051948070526123,1176.68212890625,140.63121032714844,1224.0,199.871337890625,0
162,6,1,predicted,1278.747636651045,166.1676238421578,2.1776652389166746,-0.06150844588085099,2.3110742568969727,0,0,0,0,20
162,8,1,predicted,1334.0360554445792,157.91440519602662,1.1134818666745119,-0.04176982359107779,1.0912104845046997,0,0,0,0,27
163,0,0,detected,151.52741503029802,284.738728681551,-0.16343994438648224,0.03509881719946861,0.2508658468723297,0.0,200.61268615722656,303.094482421875,368.9554138183594,0
163,2,2,detected,1009.8127731893669,182.00499400855617,0.7678884267807007,-0.005802683066576719,1.3686482906341553,990.6695556640625,146.9849090576172,1028.9512939453125,217.14956665039062,0
163,3,0,detected,1217.6994783590922,170.585424353923,1.7683913707733154,-0.05018807202577591,2.088987350463867,1198.59912109375,140.64981079101562,1224.0,196.48350524902344,0
163,6,1,predicted,1281.2501396802845,165.46384548494322,2.1858386669987464,-0.06380705719967927,2.3110742568969727,0,0,0,0,21
163,8,1,predicted,1337.4987572377174,156.76497851498,1.1188218432965749,-0.043542402338034185,1.0912104845046997,0,0,0,0,28
164,0,0,detected,151.5618457075152,284.7674289370256,-0.16433651745319366,0.03529135510325432,0.25224199891090393,0.0,200.6871795654297,303.1842346191406,368.9594421386719,0
164,2,2,detected,1009.8845085901788,182.0291666924086,0.7594087719917297,-0.0057386052794754505,1.3535345792770386,990.7753295898438,146.9020538330078,1029.162353515625,217.17581176757812,0
164,3,0,predicted,1234.8611605438396,169.64217788561544,1.8388351404539038,-0.04533996462407889,2.088987350463867,0,0,0,0,1
164,6,1,predicted,1283.6659170274586,164.75928420146818,2.1937288402287964,-0.06610822563488607,2.3110742568969727,0,0,0,0,22
164,8,1,predicted,1340.882609223464,155.6063991684628,1.1240402223473542,-0.04532909579152965,1.0912104845046997,0,0,0,0,29
165,0,0,detected,151.5712040902257,284.75080106721765,-0.16337928175926208,0.03508578985929489,0.25077274441719055,0.0,200.4572296142578,303.15521240234375,368.9648132324219,0
165,2,2,detected,1009.9237646404148,182.048827912441,0.7571044564247131,-0.005721192806959152,1.3494274616241455,990.806396484375,146.8397979736328,1029.142822265625,217.25473022460938,0
165,3,0,predicted,1252.1935383281934,168.67654974432438,1.8900044657489097,-0.04819072988493868,2.088987350463867,0,0,0,0,2
165,6,1,predicted,1285.994968692567,164.05393999173265,2.2013357586068247,-0.0684119511864715,2.3110742568969727,0,0,0,0,23
165,8,1,predicted,1344.1876114018191,154.438667156475,1.12913700382685,-0.04712990395156419,1.0912104845046997,0,0,0,0,30
166,0,0,detected,151.55333852964975,284.7912481083221,-0.16386038064956665,0.035189107060432434,0.25151118636131287,0.0,200.76222229003906,303.0714416503906,368.976318359375,0
166,2,2,detected,1009.9447209331232,182.07512063798492,0.7683916687965393,-0.005806486122310162,1.3695452213287354,990.9308471679688,147.009765625,1029.0223388671875,217.16123962402344,0
166,3,0,predicted,1269.6966117121538,167.6885399300498,1.9416777252860233,-0.05110757119836254,2.088987350463867,0,0,0,0,3
166,6,1,predicted,1288.23729467561,163.34781285573666,2.2086594221328313,-0.07071823385443547,2.3110742568969727,0,0,0,0,24
166,8,1,predicted,1347.4137637727829,153.2617824790166,1.1341121877350626,-0.048944826818137825,1.0912104845046997,0,0,0,0,31
167,0,0,detected,151.49920265956524,284.7707775158269,-0.16322793066501617,0.03505328297615051,0.2505404055118561,0.0,200.47613525390625,302.903076171875,368.9639892578125,0
167,2,2,detected,1010.0428441080135,182.08544081591117,0.7684484124183655,-0.005792324431240559,1.366205096244812,991.0970458984375,146.8707733154297,1029.1815185546875,217.25180053710938,0
167,3,0,predicted,1287.3703806957203,166.67814844279175,1.9938549190652446,-0.054090488564350454,2.088987350463867,0,0,0,0,4
167,6,1,predicted,1290.3928949765875,162.64090279348022,2.2156998308068165,-0.07302707363877799,2.3110742568969727,0,0,0,0,25
167,8,1,predicted,1350.561066336355,152.07574513608762,1.1389657740719914,-0.05077386439125055,1.0912104845046997,0,0,0,0,32
168,0,0,detected,151.4969829608316,284.74004285601546,-0.16303420066833496,0.03501168265938759,0.25024306774139404,0.0,200.3709716796875,302.99505615234375,368.9725646972656,0
168,2,2,detected,1010.0657317305348,182.13896432430195,0.7671287059783936,-0.005782377440482378,1.3638588190078735,990.98193359375,146.96827697753906,1029.19921875,217.4360809326172,0
168,3,0,predicted,1305.2148452788933,165.6453752825502,2.046536047086574,-0.05713948198290244,2.088987350463867,0,0,0,0,5
168,6,1,predicted,1292.4617695954994,161.9332098049633,2.222456984628779,-0.07533847053949912,2.3110742568969727,0,0,0,0,26
168,8,1,predicted,1353.6295190925357,150.88055512768807,1.1436977628376368,-0.052617016670902336,1.0912104845046997,0,0,0,0,33
169,0,0,detected,151.5110346138358,284.74015753408827,-0.16413362324237823,0.03524778410792351,0.2519305646419525,0.0,200.5122833251953,303.05120849609375,368.96514892578125,0
169,2,2,detected,1010.0897818363153,182.21623060382976,0.7695253491401672,-0.0058004423044621944,1.368119716644287,991.0013427734375,147.20289611816406,1029.2265625,217.44000244140625,0
169,3,0,predicted,1323.2300054616728,164.59022044932516,2.099721109350011,-0.06025455145401839,2.088987350463867,0,0,0,0,6
169,6,1,predicted,1294.4439185323458,161.22473389018592,2.228930883598721,-0.07765242455659878,2.3110742568969727,0,0,0,0,27
169,8,1,predicted,1356.6191220413248,149.67621245381793,1.1483081540319984,-0.05447428365709321,1.0912104845046997,0,0,0,0,34
170,0,0,detected,151.51165362571805,284.70613713861513,-0.163431778550148,0.03509706258773804,0.2508533000946045,0.0,200.29701232910156,303.0272216796875,368.9743957519531,0
170,2,2,detected,1010.1276354412124,182.2755604122938,0.7755210995674133,-0.0058456361293792725,1.378779411315918,991.1061401367188,147.3199462890625,1029.2178955078125,217.35113525390625,0
170,3,0,predicted,1341.4158612440588,163.51268394311663,2.1534101058555564,-0.0634356969776984,2.088987350463867,0,0,0,0,7
170,6,1,predicted,1296.3393417871266,160.51547504914805,2.23512152771664,-0.07996893569007707,2.3110742568969727,0,0,0,0,28
170,8,1,predicted,1359.5298751827224,148.4627171144772,1.1527969476550766,-0.056345665349823174,1.0912104845046997,0,0,0,0,35
171,0,0,detected,151.52798691202239,284.71406413355015,-0.16356202960014343,0.03512503206729889,0.25105321407318115,0.0,200.5041046142578,303.0867004394531,368.9622497558594,0
171,2,2,detected,1010.0959673782729,182.4031236192815,0.7538058161735535,-0.005681953858584166,1.3401724100112915,991.0642700195312,147.79396057128906,1029.0716552734375,217.395751953125,0
171,3,0,predicted,1359.7724126260512,162.4127657639246,2.2076030366032096,-0.06668291855394247,2.088987350463867,0,0,0,0,8
171,6,1,predicted,1298.148039359842,159.80543328184973,2.241028916982538,-0.0822880039399339,2.3110742568969727,0,0,0,0,29
171,8,1,predicted,1362.3617785167285,147.24006910966585,1.157164143706871,-0.05823116174909224,1.0912104845046997,0,0,0,0,36
172,0,0,detected,151.50560811334802,284.72751760913474,-0.16457617282867432,0.03534282371401787,0.25260984897613525,0.0,200.5503387451172,302.97296142578125,368.9626159667969,0
172,2,2,detected,1010.1186947367448,182.55024421692175,0.7698172330856323,-0.0058026425540447235,1.3686386346817017,991.2234497070312,148.11578369140625,1029.0557861328125,217.4163818359375,0
172,3,0,predicted,1378.29965960765,161.29046591174907,2.262299901592971,-0.06999621618275062,2.088987350463867,0,0,0,0,9
172,6,1,predicted,1299.8700112504916,159.09460858829095,2.246653051396414,-0.08460962930616928,2.3110742568969727,0,0,0,0,30
172,8,1,predicted,1365.114832043343,146.00826843938393,1.1614097421873821,-0.06013077285490039,1.0912104845046997,0,0,0,0,37
173,0,0,detected,151.48864238087654,284.7223285087359,-0.16442303359508514,0.035309936851263046,0.2523747980594635,0.0,200.46697998046875,302.9511413574219,368.9561767578125,0
173,2,2,detected,1010.0787432293287,182.58812554750483,0.7559058666229248,-0.00569778261706233,1.3439059257507324,990.9989624023438,147.68307495117188,1029.08935546875,217.44863891601562,0
173,3,0,predicted,1396.9976021888554,160.14578438659004,2.3175007008248403,-0.0733755898641228,2.088987350463867,0,0,0,0,10
173,6,1,predicted,1301.505257459076,158.3830009684717,2.2519939309582684,-0.08693381178878326,2.3110742568969727,0,0,0,0,31
173,8,1,predicted,1367.7890357625663,144.76731510363143,1.1655337430966097,-0.062044498667247594,1.0912104845046997,0,0,0,0,38
174,0,0,detected,151.5011696066528,284.7314065108028,-0.1636006236076355,0.03513332083821297,0.2511124610900879,0.0,200.5294189453125,303.02899169921875,368.97088623046875,0
174,2,2,detected,1010.1319068809911,182.6053895603357,0.7594952583312988,-0.005724838934838772,1.3502875566482544,991.0860595703125,147.68333435058594,1029.274169921875,217.39712524414062,0
174,3,0,predicted,1415.8662403696671,158.9787211884475,2.3732054342988183,-0.07682103959805905,2.088987350463867,0,0,0,0,11
174,6,1,predicted,1303.0537779855947,157.67061042239197,2.257051555668101,-0.08926055138777579,2.3110742568969727,0,0,0,0,32
174,8,1,predicted,1370.3843896743979,143.51720910240834,1.1695361464345537,-0.0639723391861339,1.0912104845046997,0,0,0,0,39
175,0,0,detected,151.51661423448343,284.72680233531224,-0.16353848576545715,0.035119980573654175,0.25101709365844727,0.0,200.45623779296875,303.0630187988281,368.9768371582031,0
175,2,2,detected,1010.0851633247185,182.64314949325382,0.7660613656044006,-0.005774331744760275,1.3619612455368042,991.1173706054688,147.97959899902344,1028.97021484375,217.2627716064453,0
175,3,0,predicted,1434.9055741500854,157.78927631732148,2.4294141020149036,-0.08033256538455938,2.088987350463867,0,0,0,0,12
175,6,1,predicted,1304.5155728300479,156.95743695005177,2.261825925525912,-0.09158984810314695,2.3110742568969727,0,0,0,0,33
176,0,0,detected,151.47689235036216,284.7298822295711,-0.1641702800989151,0.03525565564632416,0.2519868314266205,0.0,200.50531005859375,302.8863220214844,368.9662170410156,0
176,2,2,detected,1010.076141486676,182.72164721813846,0.7672816514968872,-0.005783529952168465,1.3641306161880493,991.115478515625,148.12667846679688,1029.025146484375,217.43507385253906,0
176,3,0,predicted,1454.11560353011,156.57744977321195,2.486126703973097,-0.08391016722362375,2.088987350463867,0,0,0,0,13
176,6,1,predicted,1305.8906419924356,156.2434805514511,2.266317040531701,-0.09392170193489664,2.3110742568969727,0,0,0,0,34
177,0,0,detected,151.5179974950683,284.7196678855456,-0.16375893354415894,0.03516732156276703,0.25135546922683716,0.0,200.4218292236328,303.11279296875,368.9745788574219,0
177,2,2,detected,1010.1252245616886,182.76667294330994,0.7665495872497559,-0.005778011400252581,1.3628290891647339,991.3064575195312,148.21412658691406,1029.033447265625,217.28900146484375,0
177,3,0,predicted,1473.4963285097413,155.34324155611893,2.543343240173399,-0.08755384511525219,2.088987350463867,0,0,0,0,14
177,6,1,predicted,1307.1789854727576,155.52874122659,2.270524900685468,-0.09625611288302485,2.3110742568969727,0,0,0,0,35
178,0,0,detected,151.5192127998611,284.7384509363528,-0.1638689935207367,0.03519095480442047,0.2515243887901306,0.0,200.57130432128906,303.0408935546875,368.982666015625,0
178,2,2,detected,1010.1078162105658,182.78619135645133,0.7665480375289917,-0.0057780006900429726,1.3628264665603638,991.1192016601562,148.0345001220703,1029.0648193359375,217.4013214111328,0
178,3,0,predicted,1493.047749088979,154.0866516660424,2.6010637106158088,-0.09126359905944469,2.088987350463867,0,0,0,0,15
178,6,1,predicted,1308.3806032710143,154.8132189754684,2.274449505987213,-0.0985930809475317,2.3110742568969727,0,0,0,0,36
179,0,0,detected,151.50695569403706,284.71460979841754,-0.1638946384191513,0.0351964607834816,0.25156375765800476,0.0,200.36666870117188,302.992919921875,368.9619140625,0
179,2,2,detected,1010.1408465115218,182.7683368019137,0.7708592414855957,-0.005810496397316456,1.3704911470413208,991.0908813476562,147.7732391357422,1029.2484130859375,217.48008728027344,0
179,3,0,predicted,1512.769865267823,152.80768010298237,2.6592881153003267,-0.09503942905620125,2.088987350463867,0,0,0,0,16
179,6,1,predicted,1309.4954953872054,154.09691379808635,2.2780908564369375,-0.1009326061284171,2.3110742568969727,0,0,0,0,37
180,0,0,detected,151.48466099875787,284.7210802920831,-0.16408425569534302,0.035237185657024384,0.251854807138443,0.0,200.49581909179688,302.9325256347656,368.9749755859375,0
180,2,2,detected,1010.2376033133746,182.73746038841625,0.7727162837982178,-0.005824494641274214,1.3737927675247192,991.2401733398438,147.84890747070312,1029.398193359375,217.30479431152344,0
180,3,0,predicted,1532.6626770462735,151.50632686693885,2.718016454226953,-0.09888133510552187,2.088987350463867,0,0,0,0,17
180,6,1,predicted,1310.523661821331,153.3798256944438,2.2814489520346393,-0.10327468842568113,2.3110742568969727,0,0,0,0,38
181,0,0,detected,151.50144790267856,284.7110956465533,-0.1643700897693634,0.03529856353998184,0.25229352712631226,0.0,200.41256713867188,303.0361633300781,368.9697265625,0
181,2,2,detected,1010.23224153261,182.76619446452622,0.773780345916748,-0.005832514259964228,1.3756844997406006,991.18798828125,148.08055114746094,1029.25146484375,217.389404296875,0
181,3,0,predicted,1552.7261844243305,150.18259195791182,2.777248727395687,-0.10278931720740654,2.088987350463867,0,0,0,0,18
181,6,1,predicted,1311.465102573391,152.66195466454081,2.28452379278032,-0.10561932783932368,2.3110742568969727,0,0,0,0,39
182,0,0,detected,151.4961427754256,284.7271953852226,-0.16390711069107056,0.03519913926720619,0.25158289074897766,0.0,200.5611572265625,302.9850769042969,368.96142578125,0
182,2,2,detected,1010.2283708203913,182.81207040413298,0.780066192150116,-0.0058798957616090775,1.3868600130081177,991.1712646484375,148.1990966796875,1029.264404296875,217.432373046875,0
182,3,0,predicted,1572.960387401994,148.8364753759013,2.8369849348065292,-0.10676337536185528,2.088987350463867,0,0,0,0,19
183,0,0,detected,151.48951366311215,284.689562799699,-0.16406111419200897,0.03523221239447594,0.25181928277015686,0.0,200.2477264404297,302.9700622558594,368.9776916503906,0
183,2,2,detected,1010.1886484346824,182.79844172023732,0.7678592205047607,-0.005787882953882217,1.3651574850082397,991.0505981445312,147.8754425048828,1029.2449951171875,217.48411560058594,0
183,3,0,predicted,1593.365285979264,147.46797712090728,2.897225076459479,-0.11080350956886807,2.088987350463867,0,0,0,0,20
184,0,0,detected,151.52425474490238,284.6893723739317,-0.1632489264011383,0.03505779430270195,0.25057265162467957,0.0,200.41114807128906,303.11151123046875,368.97576904296875,0
184,2,2,detected,1010.2131258344696,182.75261070736985,0.7699732184410095,-0.0058038183487951756,1.3689160346984863,991.2210083007812,147.79383850097656,1029.2398681640625,217.35679626464844,0
184,3,0,predicted,1613.9408801561403,146.07709719292976,2.9579691523545373,-0.11490971982844493,2.088987350463867,0,0,0,0,21
185,0,0,detected,151.55482818417224,284.6742085714423,-0.16257953643798828,0.0349140428006649,0.24954518675804138,0.0,200.3152618408203,303.16082763671875,368.98040771484375,0
185,2,2,detected,1010.2383584745016,182.72991958858344,0.760118305683136,-0.005729535594582558,1.3513952493667603,991.109619140625,147.65110778808594,1029.4002685546875,217.56915283203125,0
185,3,0,predicted,1634.6871699326232,144.66383559196873,3.019217162491704,-0.11908200614058585,2.088987350463867,0,0,0,0,22
186,0,0,detected,151.57570117293443,284.6738519960804,-0.16324473917484283,0.03505689650774002,0.2505662143230438,0.0,200.38912963867188,303.18194580078125,368.969482421875,0
186,2,2,detected,1010.2146059681784,182.68985663966419,0.7647774815559387,-0.0057646543718874454,1.3596786260604858,991.16064453125,147.62753295898438,1029.214599609375,217.45660400390625,0
186,3,0,predicted,1655.6041553087125,143.2281923180242,3.080969106870978,-0.12332036850529085,2.088987350463867,0,0,0,0,23
187,0,0,detected,151.57268027938582,284.7045568552009,-0.16405528783798218,0.03523096442222595,0.25181034207344055,0.0,200.58200073242188,303.1322326660156,368.9630126953125,0
187,2,2,detected,1010.2105940124214,182.65652372594636,0.761762797832489,-0.005741931032389402,1.3543188571929932,991.0732421875,147.61297607421875,1029.3316650390625,217.4502716064453,0
187,12,0,detected,495.39129638671875,120.5872090657552,-1.081742286682129,-0.6009678840637207,6.54217529296875,481.4231262207031,172.42990112304688,509.3594665527344,189.33172607421875,0
187,3,0,predicted,1676.6918362844083,141.7701673710962,3.14322498549236,-0.12762480692255987,2.088987350463867,0,0,0,0,24
188,0,0,detected,151.6049422765964,284.70499859277953,-0.16326244175434113,0.03506070002913475,0.2505933940410614,0.0,200.44921875,303.25823974609375,368.9651184082031,0
188,2,2,detected,1010.1641443564038,182.6526400887954,0.776202380657196,-0.005850771442055702,1.379990577697754,991.04931640625,147.6978302001953,1029.1905517578125,217.49261474609375,0
188,12,0,detected,492.4639978883125,147.89966069261249,-0.8269797563552856,-0.027338175103068352,4.83608341217041,478.1418151855469,172.31773376464844,505.2618408203125,189.85317993164062,0
188,3,0,predicted,1697.9502128597105,140.28976075118467,3.2059847983558507,-0.13199532139239298,2.088987350463867,0,0,0,0,25
189,0,0,detected,151.60496810205385,284.7271596581155,-0.16338245570659637,0.03508647158741951,0.25077760219573975,0.0,200.5719757080078,303.1988830566406,368.9740905761719,0
189,2,2,detected,1010.211076644705,182.64961335955098,0.7712690234184265,-0.00581358652561903,1.3712198734283447,991.1514282226562,147.7465057373047,1029.349609375,217.44839477539062,0
189,12,0,detected,490.63587184228476,159.9943898232275,-0.8478780388832092,-0.027573268860578537,4.877671241760254,474.59033203125,172.1683807373047,503.8871765136719,190.6704559326172,0
189,3,0,predicted,1719.3792850346192,138.78697245828968,3.2692485454614495,-0.13643191191479007,2.088987350463867,0,0,0,0,26
190,0,0,detected,151.6377355059811,284.7120709593363,-0.16317403316497803,0.03504170849919319,0.25045767426490784,0.0,200.3871612548828,303.3212890625,368.97174072265625,0
190,2,2,detected,1010.2143018006676,182.70807714525355,0.7659323811531067,-0.005773359443992376,1.3617318868637085,991.1624145507812,147.9795379638672,1029.263916015625,217.5872802734375,0
190,12,0,detected,488.0270711965729,167.00656748617897,-0.8221529722213745,-0.025894582271575928,4.580713748931885,470.6487731933594,172.3313751220703,500.6219482421875,190.93003845214844,0
190,3,0,predicted,1740.9790528091344,137.2618024924112,3.3330162268091557,-0.1409345784897512,2.088987350463867,0,0,0,0,27
191,0,0,detected,151.6559414251969,284.6721970069242,-0.16355912387371063,0.035124409943819046,0.2510487735271454,0.0,200.21112060546875,303.328857421875,368.9721984863281,0
191,2,2,detected,1010.2880350178311,182.679571001398,0.7650237679481506,-0.005766510963439941,1.3601164817810059,991.2252197265625,147.56155395507812,1029.4700927734375,217.58578491210938,0
191,12,0,detected,484.87207738424706,171.72676850050993,-0.856467604637146,-0.019613761454820633,4.626194477081299,467.0561828613281,172.8456573486328,496.72210693359375,191.59930419921875,0
191,3,0,predicted,1762.749516183256,135.7142508535492,3.3972878423989705,-0.1455033211172764,2.088987350463867,0,0,0,0,28
192,0,0,detected,151.66828632976205,284.6887463464168,-0.16290991008281708,0.03498499467968941,0.2500523030757904,0.0,200.49497985839844,303.34173583984375,368.9605712890625,0
192,2,2,detected,1010.2151087559782,182.65257135851775,0.7667573690414429,-0.005779577884823084,1.3631986379623413,991.1029052734375,147.62806701660156,1029.184814453125,217.48532104492188,0
192,12,0,detected,481.2266510298092,175.09783589838506,-0.868638277053833,-0.01930307224392891,4.552913665771484,463.9147033691406,173.3756866455078,491.6750183105469,191.9604949951172,0
192,3,0,predicted,1784.690675156984,134.1443175417037,3.462063392230893,-0.15013813979736565,2.088987350463867,0,0,0,0,29
193,0,0,detected,151.60704133892415,284.6947763169699,-0.16253584623336792,0.034904662519693375,0.24947813153266907,0.0,200.45172119140625,303.091552734375,368.9681396484375,0
193,2,2,detected,1010.2418056278049,182.62428055471304,0.7588068246841431,-0.005719649605453014,1.349063515663147,991.1453857421875,147.51841735839844,1029.3775634765625,217.54615783691406,0
193,12,0,detected,477.767580517516,177.49208996664822,-0.8411845564842224,-0.01828661933541298,4.313168525695801,460.248291015625,173.16761779785156,488.90374755859375,192.26553344726562,0
193,3,0,predicted,1806.8025297303186,132.55200255687473,3.5273428763049246,-0.154839034530019,2.088987350463867,0,0,0,0,30
194,0,0,detected,151.55978123507234,284.697408656938,-0.16364897787570953,0.03514370694756508,0.25118669867515564,0.0,200.43743896484375,303.02972412109375,368.9718933105469,0
194,2,2,detected,1010.2375644409861,182.65519711515003,0.7751121520996094,-0.0058425539173185825,1.3780523538589478,991.1531982421875,147.79258728027344,1029.304931640625,217.58587646484375,0
194,12,0,detected,474.8290391751677,179.36986863153766,-0.797882080078125,-0.011398316361010075,4.03269100189209,458.34930419921875,173.35667419433594,486.0594177246094,193.2106475830078,0
194,3,0,predicted,1829.0850799032596,130.93730589906224,3.5931262946210634,-0.15960600531523633,2.088987350463867,0,0,0,0,31
195,0,0,detected,151.55259505836926,284.6921773927144,-0.16324791312217712,0.03505757823586464,0.2505711019039154,0.0,200.4023895263672,303.0908508300781,368.96368408203125,0
195,2,2,detected,1010.1796930604272,182.69803248358312,0.7634471654891968,-0.005754626821726561,1.3573133945465088,991.0398559570312,147.93255615234375,1029.211181640625,217.5753173828125,0
195,12,0,detected,472.181432238992,180.83198453798687,-0.7800349593162537,-0.010909579694271088,3.8597776889801025,456.01513671875,173.29684448242188,483.7736511230469,194.0341033935547,0
195,3,0,predicted,1851.538325675807,129.30022756826625,3.65941364717931,-0.1644390521530178,2.088987350463867,0,0,0,0,32
196,0,0,detected,151.55650672402902,284.66160367608575,-0.16284054517745972,0.03497009724378586,0.24994581937789917,0.0,200.23541259765625,303.11883544921875,368.9683532714844,0
196,2,2,detected,1010.0476461088508,182.72532598079394,0.7591198086738586,-0.005736421328037977,1.3530194759368896,990.9491577148438,147.98707580566406,1028.9178466796875,217.50497436523438,0
196,12,0,detected,469.7581549389621,181.88662536480484,-0.7713392376899719,-0.010639161802828312,3.7641046047210693,453.6760559082031,172.8453369140625,481.8040466308594,194.49049377441406,0
196,3,0,predicted,1874.162267047961,127.64076756448677,3.726204933979665,-0.1693381750433633,2.088987350463867,0,0,0,0,33
197,0,0,detected,151.60897866185803,284.70059407911947,-0.1625271588563919,0.03490279242396355,0.24946479499340057,0.0,200.59544372558594,303.3070373535156,368.9757385253906,0
197,2,2,detected,1009.9997577011851,182.76140944587456,0.7661548256874084,-0.005789583083242178,1.3655585050582886,991.0150756835938,148.13519287109375,1028.918212890625,217.4616241455078,0
197,12,0,detected,467.2061222812722,182.76227768629795,-0.7447031140327454,-0.005066007375717163,3.5846774578094482,450.76025390625,172.7361297607422,479.47064208984375,195.3955841064453,0
197,3,0,predicted,1896.9569040197214,125.95892588772378,3.7935001550221283,-0.17430337398627282,2.088987350463867,0,0,0,0,34
198,0,0,detected,151.5928566057886,284.68929260017654,-0.16345670819282532,0.03510241582989693,0.2508915662765503,0.0,200.3583526611328,303.14996337890625,368.9753723144531,0
198,2,2,detected,1010.0221267745583,182.818558580734,0.759708046913147,-0.005726442206650972,1.350665807723999,991.0941162109375,148.2941436767578,1029.010498046875,217.49681091308594,0
198,12,0,detected,464.8119206159598,183.59605965901295,-0.7294532060623169,-0.004863021429628134,3.4410457611083984,447.9149169921875,173.30862426757812,477.9399108886719,196.2177734375,0
198,3,0,predicted,1919.9222365910882,124.2547025379773,3.8612993103066997,-0.17933464898174645,2.088987350463867,0,0,0,0,35
199,0,0,detected,151.60606451991464,284.68959929469116,-0.16337361931800842,0.035084571689367294,0.25076404213905334,0.0,200.42080688476562,303.2293701171875,368.9634704589844,0
199,2,2,detected,1009.9850755843979,182.83597721452836,0.7671604156494141,-0.005797182209789753,1.367350697517395,990.9971313476562,148.13595581054688,1028.92724609375,217.51829528808594,0
199,12,0,detected,462.43932241642045,184.22627824869744,-0.7196972370147705,-0.004734850488603115,3.3503525257110596,445.2052917480469,173.18833923339844,476.0525207519531,196.55120849609375,0
199,3,0,predicted,1943.0582647620615,122.52809751524731,3.9296023998333784,-0.18443200002978416,2.088987350463867,0,0,0,0,36
200,0,0,detected,151.5674515732025,284.71566301630475,-0.1627151072025299,0.03494315594434738,0.24975328147411346,0.0,200.5696563720703,303.0614318847656,368.970458984375,0
200,2,2,detected,1009.9357699675658,182.83669564294775,0.7714929580688477,-0.005829921457916498,1.3750728368759155,990.9863891601562,148.16793823242188,1028.822265625,217.4209442138672,0
200,12,0,detected,460.21222244698157,184.68252950129593,-0.7171727418899536,-0.004656965844333172,3.2952418327331543,443.1026611328125,172.91476440429688,474.0868225097656,196.8614044189453,0
200,3,0,predicted,1966.3649885326413,120.77911081953383,3.998409423602166,-0.1895954271303859,2.088987350463867,0,0,0,0,37
201,0,0,detected,151.55856940542154,284.72458134472646,-0.1632211059331894,0.035051822662353516,0.250529944896698,0.0,200.5101318359375,303.1001892089844,368.9709167480469,0
201,2,2,detected,1009.9650429375789,182.86897540323685,0.7639865279197693,-0.0057586925104260445,1.3582724332809448,991.0055541992188,148.18345642089844,1029.00244140625,217.60289001464844,0
201,12,0,detected,457.8507817424034,185.22952321980966,-0.7065749764442444,0.0,3.204925298690796,439.9504699707031,173.53050231933594,472.3669128417969,197.7522735595703,0
201,3,0,predicted,1989.8424079028275,119.00774245083684,4.067720381613061,-0.19482493028355172,2.088987350463867,0,0,0,0,38
202,0,0,detected,151.57147277514687,284.6934697749356,-0.16342127323150635,0.03509480506181717,0.25083717703819275,0.0,200.2987060546875,303.164794921875,368.9559020996094,0
202,2,2,detected,1010.0594199072141,182.88198454290787,0.7680002450942993,-0.005788946524262428,1.3654083013534546,991.2634887695312,148.10101318359375,1029.04052734375,217.62974548339844,0
202,12,0,detected,455.5966044944633,185.8388892228022,-0.6731163263320923,0.004260229878127575,3.0145139694213867,437.5099792480469,173.96360778808594,470.617919921875,198.80039978027344,0
202,13,0,detected,437.7072448730469,122.09873453776042,0.0,0.0,0.0,424.61016845703125,173.9982452392578,450.8043212890625,192.29795837402344,0
202,3,0,predicted,2013.4905228726202,117.21399240915636,4.137535273866065,-0.20012050948928156,2.088987350463867,0,0,0,0,39
203,0,0,detected,151.61759023613808,284.7019322196573,-0.16289681196212769,0.03498218208551407,0.2500321865081787,0.0,200.4664764404297,303.31268310546875,368.9739074707031,0
203,2,2,detected,1010.1140030515451,182.87204884074535,0.7621961832046509,-0.005745197646319866,1.3550894260406494,991.09423828125,147.9400177001953,1029.2373046875,217.68002319335938,0
203,12,0,detected,453.54895402981435,186.36099927948584,-0.6640191674232483,0.004150119610130787,2.93660044670105,435.1845397949219,173.7973175048828,469.3499450683594,199.55612182617188,0
203,13,0,detected,434.92807099829804,149.6748251670995,-1.0901036262512207,-0.012248355895280838,4.333432674407959,420.7818908691406,173.53575134277344,447.6270446777344,192.82615661621094,0
204,0,0,detected,151.63223008773562,284.7035279065493,-0.1640797108411789,0.035236209630966187,0.2518478333950043,0.0,200.43820190429688,303.2819519042969,368.97503662109375,0
204,2,2,detected,1010.1472908745562,182.85642858821203,0.7671217322349548,-0.005782324820756912,1.3638464212417603,991.1669921875,147.8770751953125,1029.18701171875,217.69703674316406,0
204,12,0,detected,451.74143487440807,186.94114600611928,-0.6317472457885742,0.007799349259585142,2.7593870162963867,433.182861328125,174.23208618164062,468.2899169921875,200.5238800048828,0
204,13,0,detected,432.9022174786196,161.78611412594176,-1.1131385564804077,-0.012299872934818268,4.351659297943115,416.6721496582031,173.56008911132812,446.0344543457031,192.9193115234375,0
205,0,0,detected,151.61873364742732,284.7113589346143,-0.16424618661403656,0.03527195751667023,0.25210335850715637,0.0,200.48605346679688,303.2049865722656,368.9674987792969,0
205,2,2,detected,1010.268522940879,182.82364422882722,0.7623381614685059,-0.005746267270296812,1.3553417921066284,991.2735595703125,147.77102661132812,1029.4700927734375,217.67771911621094,0
205,12,0,detected,449.9506361714788,187.44000636520266,-0.6305159330368042,0.0077363913878798485,2.7371127605438232,431.3915710449219,174.14170837402344,466.61968994140625,201.19261169433594,0
205,13,0,detected,430.5648683075118,168.7127586830737,-1.1495438814163208,-0.012495042756199837,4.420709609985352,413.074951171875,173.47671508789062,443.7748718261719,192.83226013183594,0
206,0,0,detected,151.61679316543305,284.7063223178135,-0.16330939531326294,0.03507078066468239,0.25066545605659485,0.0,200.42530822753906,303.22320556640625,368.9638977050781,0
206,2,2,detected,1010.2929436982652,182.85703321565668,0.7555463314056396,-0.0056950729340314865,1.3432668447494507,991.3447265625,148.15211486816406,1029.2655029296875,217.64480590820312,0
206,12,0,detected,448.3721981551396,187.9297177021409,-0.6102105975151062,0.01109473779797554,2.6168572902679443,429.85980224609375,174.28990173339844,465.4796447753906,201.9550323486328,0
206,13,0,detected,427.7517820318745,173.28543007368873,-1.1208884716033936,-0.011988112702965736,4.241359233856201,409.7552490234375,173.8544464111328,440.4353332519531,193.02908325195312,0
207,0,0,detected,151.63340852555416,284.71279663104866,-0.1631697714328766,0.03504079580307007,0.25045114755630493,0.0,200.4711151123047,303.2890319824219,368.97900390625,0
207,2,2,detected,1010.4118756352724,182.93418010102562,0.7665736079216003,-0.003852128516882658,1.3628718852996826,991.6508178710938,148.4169464111328,1029.3577880859375,217.70582580566406,0
207,12,0,detected,447.00156613235936,188.3501447039774,-0.598901093006134,0.010823513381183147,2.552885055541992,428.54364013671875,174.082763671875,464.515380859375,202.65855407714844,0
207,13,0,detected,425.5527377714827,176.3781921551615,-1.226443886756897,-0.01297824177891016,4.5916643142700195,407.91412353515625,173.43942260742188,439.1101989746094,193.1338348388672,0
208,0,0,detected,151.630060648973,284.7498855236273,-0.1635541468858719,0.035123344510793686,0.25104114413261414,0.0,200.67340087890625,303.24615478515625,368.9727478027344,0
208,2,2,detected,1010.4696394954768,182.90172592510353,0.760173499584198,-0.005729950964450836,1.3514933586120605,991.5025634765625,147.92068481445312,1029.5018310546875,217.67691040039062,0
208,12,0,detected,446.06570569520903,188.83787966814324,-0.5783419609069824,0.013935950584709644,2.4652493000030518,427.84515380859375,174.3697967529297,464.20648193359375,203.64431762695312,0
208,13,0,detected,422.6671515588184,178.65252132738695,-1.193620204925537,-0.012369121424853802,4.376159191131592,403.3836975097656,173.71829223632812,436.6153564453125,193.47683715820312,0
209,0,0,detected,151.6191829790997,284.7626172658722,-0.16391249001026154,0.035200294107198715,0.25159114599227905,0.0,200.583251953125,303.2122802734375,368.9795227050781,0
209,2,2,detected,1010.5288964621566,182.89096307504929,0.7651832699775696,-0.005767712835222483,1.3604000806808472,991.48583984375,148.11773681640625,1029.6337890625,217.5602264404297,0
209,12,0,detected,445.6993556582559,189.33051103978812,-0.5681306719779968,0.01368989609181881,2.421722650527954,427.4527587890625,174.2382049560547,464.9415283203125,204.75929260253906,0
209,13,0,detected,419.98124083141096,180.28764956863802,-1.0951688289642334,-0.011232500895857811,3.9740259647369385,400.0157470703125,173.49998474121094,435.10540771484375,193.74960327148438,0
210,0,0,detected,151.65422334459046,284.80207085794956,-0.16325858235359192,0.03505986928939819,0.25058746337890625,0.0,200.77883911132812,303.36328125,368.96771240234375,0
210,2,2,detected,1010.6548474200433,182.82198986728525,0.7537633180618286,-0.0056816330179572105,1.3400967121124268,991.799072265625,147.72669982910156,1029.681640625,217.5856475830078,0
210,12,0,detected,446.23348985833115,189.72642316382647,-0.5406108498573303,0.013105716556310654,2.3183822631835938,427.9352111816406,174.11561584472656,467.1594543457031,205.2099609375,0
210,13,0,detected,417.21103026462225,181.55118955792327,-1.131110429763794,-0.011425357311964035,4.042258262634277,396.3780517578125,173.58888244628906,433.1473388671875,194.2612762451172,0
211,0,0,detected,151.5968331461033,284.7957168032748,-0.16283439099788666,0.034968771040439606,0.24993637204170227,0.0,200.55975341796875,303.0850524902344,368.9784851074219,0
211,2,2,detected,1010.654200081576,182.77631395270782,0.7530251741409302,-0.005676069296896458,1.3387844562530518,991.5950317382812,147.66702270507812,1029.6522216796875,217.67176818847656,0
211,12,0,detected,447.54477500793473,190.16872624175997,-0.5218100547790527,0.01600644178688526,2.2652130126953125,428.7396545410156,173.94448852539062,470.298828125,206.47035217285156,0
211,13,0,detected,414.53800311611906,182.56106259157428,-1.1146401166915894,-0.005573200527578592,3.9435641765594482,393.45751953125,173.8621826171875,431.02276611328125,194.6715850830078,0
212,0,0,detected,151.65270725112904,284.80113765785416,-0.16311949491500854,0.035030003637075424,0.2503739893436432,0.0,200.6170196533203,303.39984130859375,368.9825134277344,0
212,2,2,detected,1010.6670515549112,182.7249928625982,0.7577622532844543,-0.005711775738745928,1.347206473350525,991.614990234375,147.5221405029297,1029.68408203125,217.70729064941406,0
212,12,0,detected,449.55055301712326,190.5175987113306,-0.485535204410553,0.01517297513782978,2.14726185798645,428.5362548828125,173.39932250976562,475.6075134277344,207.28042602539062,0
212,13,0,detected,411.6490250451374,183.4008151592588,-1.1474940776824951,-0.005652680527418852,3.9998037815093994,390.8403625488281,174.23565673828125,427.5631103515625,195.06910705566406,0
213,0,0,detected,151.69649052914315,284.80902186074564,-0.16217543184757233,0.03482726216316223,0.24892492592334747,0.0,200.6573944091797,303.4595947265625,368.9673156738281,0
213,2,2,detected,1010.6252937849074,182.7004327564173,0.7551373839378357,-0.005691989790648222,1.342539668083191,991.5300903320312,147.62461853027344,1029.5924072265625,217.68081665039062,0
213,12,0,detected,452.911277372873,190.8036505905527,-0.46567144989967346,0.014925367198884487,2.112220525741577,429.1156005859375,172.91845703125,483.97454833984375,208.0604705810547,0
213,13,0,detected,408.28108797287,183.96033727005775,-1.1660528182983398,-0.005633105989545584,3.985952854156494,386.82293701171875,174.06307983398438,424.0596008300781,194.93905639648438,0
214,0,0,detected,151.6464632092783,284.82878089416585,-0.1625383049249649,0.034905191510915756,0.2494819164276123,0.0,200.72349548339844,303.1927490234375,368.9875183105469,0
214,2,2,detected,1010.5754821805356,182.6865288489516,0.7713066339492798,-0.005813869182020426,1.3712866306304932,991.3781127929688,147.6938018798828,1029.638916015625,217.6355743408203,0
214,12,0,detected,457.360527620989,191.01683874128784,-0.44656607508659363,0.01478695496916771,2.09263277053833,431.1983947753906,172.6227569580078,492.39361572265625,208.4814910888672,0
214,13,0,detected,404.93816545516825,184.52613739986714,-1.166548728942871,0.0,3.9306814670562744,383.91510009765625,174.64422607421875,420.4874572753906,195.48509216308594,0
215,0,0,detected,151.66911059480603,284.85773137696305,-0.16282504796981812,0.03496676683425903,0.2499220371246338,0.0,200.83139038085938,303.3703918457031,368.9701843261719,0
215,2,2,detected,1010.5845661904763,182.71905621409633,0.7571892738342285,-0.0057074567303061485,1.346187710762024,991.4456176757812,147.9408721923828,1029.6998291015625,217.6464385986328,0
215,12,0,detected,463.14648868950934,191.16205779061846,-0.4088006913661957,0.014194467104971409,2.008784532546997,433.882080078125,172.3659210205078,503.2202453613281,208.76849365234375,0
215,13,0,detected,401.644568788914,184.85888554368654,-1.1291028261184692,-0.00530095212161541,3.750922918319702,380.2022705078125,173.95401000976562,417.869384765625,195.6887664794922,0
216,0,0,detected,151.69359771256183,284.8430165723747,-0.16324640810489655,0.03505725413560867,0.25056877732276917,0.0,200.61282348632812,303.4200439453125,368.97601318359375,0
216,2,2,detected,1010.5719148908195,182.75350611969057,0.756597101688385,-0.005702993832528591,1.345134973526001,991.4376831054688,147.92132568359375,1029.6458740234375,217.73452758789062,0
216,12,0,detected,470.6127293842787,191.1717524109038,-0.3724822700023651,0.013795639388263226,1.9523428678512573,438.9516296386719,171.4882049560547,515.5001831054688,209.12728881835938,0
216,13,0,detected,398.25318276202506,185.1828413169487,-1.0840258598327637,0.0,3.534794569015503,376.7486572265625,174.0401611328125,414.5206298828125,196.20416259765625,0
217,0,0,detected,151.71786258452593,284.8451772308945,-0.16310803592205048,0.03502753749489784,0.25035637617111206,0.0,200.69195556640625,303.465576171875,368.97515869140625,0
217,2,2,detected,1010.5737375320296,182.7918791964501,0.7533274292945862,-0.00567834684625268,1.3393218517303467,991.4876098632812,148.0889434814453,1029.628173828125,217.65110778808594,0
217,12,0,detected,479.661572882009,191.15843076819763,-0.33333876729011536,0.013333550654351711,1.886948585510254,444.731689453125,170.8877716064453,529.881591796875,209.689208984375,0
217,13,0,detected,394.7750361480758,185.47506584441464,-1.0630309581756592,0.0,3.4190659523010254,373.2513427734375,174.0080108642578,411.0746765136719,196.66748046875,0
218,0,0,detected,151.71969881097422,284.84038568848723,-0.16231706738471985,0.03485767915844917,0.2491423338651657,0.0,200.6381072998047,303.4281311035156,368.99212646484375,0
218,2,2,detected,1010.5206323315441,182.84254284059125,0.759553074836731,-0.005725273862481117,1.3503901958465576,991.3430786132812,148.18130493164062,1029.573486328125,217.7005157470703,0
218,12,0,detected,490.4124712722811,191.1777487632711,-0.2968124449253082,0.013133293949067593,1.858608365058899,451.97552490234375,170.36236572265625,546.2503051757812,210.4886474609375,0
218,13,0,detected,391.5020487791637,185.74644400638596,-1.0523098707199097,0.0,3.339050769805908,369.573974609375,173.95152282714844,408.7798767089844,197.17079162597656,0
219,0,0,detected,151.68204249016392,284.8667520180152,-0.16330407559871674,0.03506963700056076,0.2506572902202606,0.0,200.84176635742188,303.2852783203125,368.9698486328125,0
219,2,2,detected,1010.5385868903378,182.81160521429177,0.7545740008354187,-0.00568774389103055,1.3415381908416748,991.5172729492188,147.81068420410156,1029.5662841796875,217.66717529296875,0
219,12,0,detected,503.4187617137827,191.29808846768933,-0.25547245144844055,0.012902648188173771,1.825967788696289,462.5798034667969,170.42823791503906,564.5789794921875,211.1844482421875,0
219,13,0,detected,388.29514503652734,186.09802922989704,-1.056190013885498,0.004673406947404146,3.306875467300415,366.6306457519531,174.5824737548828,405.61309814453125,197.6255645751953,0
220,0,0,detected,151.692709773626,284.85454772074695,-0.16183266043663025,0.034753650426864624,0.2483987957239151,0.0,200.64877319335938,303.39544677734375,368.9764404296875,0
220,2,2,detected,1010.5332344517393,182.81757822315097,0.7516666650772095,-0.005665828939527273,1.3363691568374634,991.536865234375,147.94932556152344,1029.4949951171875,217.70077514648438,0
220,12,0,detected,518.206625390148,191.45407252096402,-0.20441599190235138,0.01477705966681242,1.742693543434143,474.55755615234375,170.6009979248047,584.0150756835938,211.53536987304688,0
220,13,0,detected,385.0312748687771,186.3835521810371,-1.0160313844680786,0.004417527932673693,3.125817060470581,363.0176696777344,174.48272705078125,402.77154541015625,197.98153686523438,0
221,0,0,detected,151.69226372432365,284.87046384385405,-0.16153962910175323,0.034690726548433304,0.2479490339756012,0.0,200.78594970703125,303.3745422363281,368.98974609375,0
221,2,2,detected,1010.4866763700707,182.7920326608277,0.7553577423095703,-0.005693650804460049,1.3429315090179443,991.3622436523438,147.83216857910156,1029.5076904296875,217.6397247314453,0
221,12,0,detected,534.924026985016,191.70683983253556,-0.1589992642402649,0.014454477466642857,1.7046507596969604,488.3225402832031,170.79823303222656,605.605224609375,212.3060302734375,0
221,13,0,detected,381.52883358833566,186.6797812377615,-0.9638961553573608,0.004136893432587385,2.927241563796997,358.488037109375,174.2994842529297,400.039306640625,198.81214904785156,0
222,0,0,detected,151.6714130279591,284.86434314248146,-0.1593080461025238,0.03421148657798767,0.24452373385429382,0.0,200.68858337402344,303.29827880859375,368.98272705078125,0
222,2,2,detected,1010.4083435373561,182.81920552074598,0.732634425163269,-0.005522369407117367,1.3025321960449219,991.3323974609375,147.9346466064453,1029.33349609375,217.81370544433594,0
222,12,0,detected,551.6507866449061,191.8604875896212,-0.11655494570732117,0.013986594043672085,1.6494721174240112,505.3665466308594,170.67132568359375,620.3394775390625,212.34109497070312,0
222,13,0,detected,377.8088508754451,186.92610369188725,-0.9361025094985962,0.003949799574911594,2.7948551177978516,353.9075622558594,174.1127471923828,396.98455810546875,199.26502990722656,0
223,0,0,detected,151.62441602979854,284.8342405485168,-0.15940089523792267,0.03423142805695534,0.24466626346111298,0.0,200.5325164794922,303.16241455078125,368.9849548339844,0
223,2,2,detected,1010.3774256945649,182.8720574487415,0.7452592849731445,-0.005617531947791576,1.3249776363372803,991.452392578125,148.1356964111328,1029.2445068359375,217.81591796875,0
223,12,0,detected,564.7302314151282,191.86888801818418,-0.09355160593986511,0.013690479099750519,1.6145505905151367,523.8146362304688,170.3252716064453,619.9473876953125,212.1363067626953,0
223,13,0,detected,374.09271802561045,187.21386788212155,-0.9310657382011414,0.007726687006652355,2.7336792945861816,349.8634948730469,174.18203735351562,393.8324890136719,199.97515869140625,0
224,0,0,detected,151.66840962852635,284.83702115361206,-0.1601540595293045,0.03439317271113396,0.24582231044769287,0.0,200.68826293945312,303.4136047363281,368.9775695800781,0
224,2,2,detected,1010.3687220941829,182.98608244790236,0.7467262744903564,-0.0037523931823670864,1.3275858163833618,991.4691772460938,148.6551971435547,1029.253173828125,217.75840759277344,0
224,12,0,detected,576.3621871664916,191.6603115825519,-0.07206694781780243,0.011623701080679893,1.6449726819992065,542.9273681640625,169.34780883789062,620.3499755859375,211.86563110351562,0
224,13,0,detected,370.14917097649504,187.507627733425,-0.9386546015739441,0.007662486284971237,2.710965394973755,345.3253479003906,174.1367950439453,390.29559326171875,200.64157104492188,0
225,0,0,detected,151.66451066178334,284.81181623519007,-0.1613548994064331,0.034651048481464386,0.24766546487808228,0.0,200.52340698242188,303.3177490234375,368.97918701171875,0
225,2,2,detected,1010.4387882672779,183.11707218397285,0.7515745759010315,-0.003776756813749671,1.3362056016921997,991.5909423828125,148.8436279296875,1029.4088134765625,217.87049865722656,0
225,12,0,detected,587.8633436952533,191.56767597936033,-0.04509400576353073,0.011273501440882683,1.5954127311706543,564.9774169921875,169.15640258789062,620.0823974609375,212.499755859375,0
225,13,0,detected,366.0197441761273,187.87053326881025,-0.9071786999702454,0.007286575622856617,2.5779693126678467,340.4375915527344,174.1470489501953,386.8353271484375,201.67636108398438,0
225,14,0,detected,468.30712890625,120.8538106282552,-1.3044507503509521,-0.5888146162033081,6.4098734855651855,455.1441650390625,170.71194458007812,481.4700927734375,191.8494873046875,0
226,0,0,detected,151.681430080411,284.7964078279569,-0.16240623593330383,0.03487682715058327,0.2492792010307312,0.0,200.5370330810547,303.3883056640625,368.98248291015625,0
226,2,2,detected,1010.5492852591648,183.19536731509282,0.745423436164856,-0.003745846450328827,1.3252695798873901,991.7175903320312,148.80953979492188,1029.564208984375,217.81466674804688,0
226,12,0,detected,600.1442048854476,191.86008785547853,-0.01716919243335724,0.014716451056301594,1.7355458736419678,590.2211303710938,170.49246215820312,619.8328857421875,213.46786499023438,0
226,13,0,detected,361.702713331735,188.17122132676838,-0.913460373878479,0.010831546038389206,2.5547797679901123,335.342041015625,173.8508758544922,383.2231140136719,202.28488159179688,0
226,14,0,detected,466.8496964117872,148.4455305944788,-0.7782735824584961,-0.02132256329059601,3.771930456161499,452.95269775390625,171.322509765625,479.9877624511719,192.61878967285156,0
227,0,0,detected,151.76011727428903,284.79451079596646,-0.16232098639011383,0.034858521074056625,0.24914833903312683,0.0,200.59747314453125,303.6502685546875,368.9779052734375,0
227,2,2,detected,1010.6741133636788,183.18000118649744,0.7578721642494202,-0.0038084029220044613,1.3474018573760986,991.8326416015625,148.50018310546875,1029.7100830078125,217.697509765625,0
227,13,0,detected,357.2515336692635,188.5647927864248,-0.9360669851303101,0.010884500108659267,2.5672695636749268,329.9908142089844,174.31565856933594,379.7143859863281,203.02883911132812,0
227,14,0,detected,465.889222127467,160.6916058023756,-0.754502534866333,-0.015398011542856693,3.631847620010376,451.5856018066406,171.66244506835938,478.72454833984375,193.10745239257812,0
227,12,0,predicted,607.4228412243293,192.09533072554592,-0.01122658862039646,0.017403014202777203,1.7355458736419678,0,0,0,0,1
228,0,0,detected,151.7557286947618,284.7800028431667,-0.16189365088939667,0.034766748547554016,0.24849240481853485,0.0,200.53050231933594,303.4886474609375,368.9659423828125,0
228,2,2,detected,1010.7357157261014,183.16100656331284,0.7560832500457764,-0.003799413563683629,1.3442214727401733,991.8342895507812,148.482421875,1029.7080078125,217.6724853515625,0
228,13,0,detected,352.5557363426949,189.0431637660384,-0.8758643865585327,0.013371976092457771,2.365483045578003,324.7397155761719,174.85232543945312,375.4280700683594,203.81202697753906,0
228,14,0,detected,464.6117531617661,167.73118139017598,-0.7558569312095642,-0.01521859597414732,3.5895299911499023,449.6112060546875,171.64376831054688,477.27093505859375,193.17771911621094,0
228,12,0,predicted,614.9049333339374,192.32730268208311,0.007125051392828968,0.017971981515284285,1.7355458736419678,0,0,0,0,2
229,0,0,detected,151.8021613838319,284.7655354713569,-0.1625090092420578,0.034898899495601654,0.24943694472312927,0.0,200.5,303.67047119140625,368.97222900390625,0
229,2,2,detected,1010.6316811040111,183.11362932906368,0.7554429769515991,-0.005694293882697821,1.3430830240249634,991.7479248046875,148.12582397460938,1029.294921875,217.83016967773438,0
229,13,0,detected,347.64507626132996,189.55562277698942,-0.9022510647773743,0.013516870327293873,2.3911147117614746,318.522216796875,175.01853942871094,371.7555236816406,204.7880096435547,0
229,14,0,detected,463.1891357287482,172.40441233854114,-0.7552719116210938,-0.015005403198301792,3.539245367050171,447.7487487792969,171.5296173095703,475.9441223144531,194.04788208007812,0
229,12,0,predicted,622.5904812142719,192.5560037250901,0.02597571587785831,0.018532926121475907,1.7355458736419678,0,0,0,0,3
230,0,0,detected,151.7860362356511,284.7556956968464,-0.1621444672346115,0.03482061251997948,0.2488774061203003,0.0,200.5037078857422,303.5252380371094,368.9718933105469,0
230,2,2,detected,1010.5912915138006,183.12445086013236,0.7488528490066528,-0.0037630796432495117,1.3313666582107544,991.8970947265625,148.44227600097656,1029.190185546875,217.78866577148438,0
230,13,0,detected,342.4291053950977,190.065051134592,-0.8869525790214539,0.0162445530295372,2.298910140991211,312.0999450683594,175.1969451904297,367.53314208984375,205.57363891601562,0
230,14,0,detected,461.7989980087571,175.68379703151678,-0.7267991900444031,-0.009563147090375423,3.383413553237915,446.24658203125,171.45338439941406,474.75146484375,194.6117401123047,0
230,12,0,predicted,630.4794848653328,192.7814338545669,0.04532540483469129,0.01908584802135206,1.7355458736419678,0,0,0,0,4
231,0,0,detected,151.8141992417121,284.7195332216322,-0.1623869091272354,0.03487267717719078,0.24924951791763306,0.0,200.31307983398438,303.66094970703125,368.9866943359375,0
231,2,2,detected,1010.5793792791499,183.0144239130302,0.7578904628753662,-0.005712741985917091,1.347434401512146,991.6923828125,147.83905029296875,1029.4268798828125,217.68450927734375,0
231,13,0,detected,337.0720866280463,190.50579609469432,-0.8942998647689819,0.01608452945947647,2.276263952255249,305.6801452636719,175.28453063964844,363.3504638671875,206.02606201171875,0
231,14,0,detected,460.438771786317,178.09692652727125,-0.7183464169502258,-0.009390149265527725,3.322207450866699,444.59857177734375,171.70449829101562,473.7825012207031,195.031005859375,0
231,12,0,predicted,638.57194428712,193.0035930705135,0.06517411826332789,0.01963074721491275,1.7355458736419678,0,0,0,0,5
232,0,0,detected,151.8470470359027,284.6832133737854,-0.16288399696350098,0.034979429095983505,0.25001251697540283,0.0,200.26861572265625,303.73199462890625,368.9680480957031,0
232,2,2,detected,1010.5958004996929,182.9418692688993,0.7660459876060486,-0.00577421672642231,1.361933946609497,991.5478515625,147.90403747558594,1029.6558837890625,217.66090393066406,0
232,13,0,detected,330.6602308044035,191.03127412753847,-0.8359999060630798,0.01759999617934227,2.0756092071533203,296.1336975097656,175.23638916015625,358.55303955078125,207.47119140625,0
232,14,0,detected,459.0532542207375,179.96489641687617,-0.6970882415771484,-0.008994687348604202,3.1822941303253174,442.9805603027344,171.82583618164062,472.63189697265625,195.8832550048828,0
232,12,0,predicted,646.8678594796336,193.2224813729299,0.08552185616376815,0.020167623702158046,1.7355458736419678,0,0,0,0,6
233,0,0,detected,151.8746404601815,284.6390872710301,-0.16227349638938904,0.03484832122921944,0.24907544255256653,0.0,200.1475830078125,303.7749328613281,368.97906494140625,0
233,2,2,detected,1010.4748574591223,182.9075548703152,0.7605278491973877,-0.005732622463256121,1.3521233797073364,991.2686157226562,147.80101013183594,1029.45556640625,217.8728790283203,0
233,12,0,detected,869.9970716765652,185.45247397453275,0.5465359091758728,-0.005834903568029404,1.3762478828430176,869.9928588867188,158.34603881835938,917.6001586914062,205.83822631835938,0
233,13,0,detected,324.58322665219447,191.57556047185847,-0.8152704238891602,0.016809700056910515,1.9824076890945435,290.33087158203125,175.214599609375,353.2792663574219,208.6195831298828,0
233,14,0,detected,457.6599991156896,181.47185314230416,-0.680099606513977,-0.0043596127070486546,3.084836721420288,441.5159912109375,172.0902862548828,471.3500671386719,196.73988342285156,0
234,0,0,detected,151.87936025453317,284.6087304928572,-0.16289541125297546,0.03498188033699989,0.2500300407409668,0.0,200.1567840576172,303.7425842285156,368.9763488769531,0
234,2,2,detected,1010.3060645599367,182.8899746034688,0.7558507323265076,-0.0056973667815327644,1.3438079357147217,990.9873046875,147.85008239746094,1029.33349609375,217.8675537109375,0
234,12,0,detected,900.9240765031489,184.24509249723656,0.6194239258766174,-0.0041852970607578754,1.4807459115982056,870.0890502929688,159.3716278076172,947.4178466796875,206.79208374023438,0
234,13,0,detected,318.87805929596993,192.08669179127105,-0.7978072762489319,0.018867064267396927,1.9071749448776245,284.747802734375,175.1886749267578,348.54974365234375,209.47727966308594,0
234,14,0,detected,456.36697532854623,182.6782752240553,-0.6597921252250671,-0.004202497657388449,2.973662853240967,440.0015563964844,172.1986541748047,470.52813720703125,197.45657348632812,0
235,0,0,detected,151.82965334917233,284.64978631825284,-0.16215653717517853,0.034823205322027206,0.24889592826366425,0.0,200.53370666503906,303.550048828125,368.9772644042969,0
235,2,2,detected,1010.2656538864591,182.89666709873117,0.7543275356292725,-0.005685885902494192,1.3410998582839966,991.1021728515625,148.03826904296875,1029.381103515625,217.79689025878906,0
235,12,0,detected,922.0161302021878,183.77996492411737,0.6525506377220154,-0.0042100041173398495,1.4894871711730957,869.8443603515625,160.33526611328125,975.737060546875,206.51991271972656,0
235,13,0,detected,312.4658127093782,192.78748665463533,-0.7709636688232422,0.020355476066470146,1.8004270792007446,276.6668395996094,175.45703125,342.93048095703125,211.38699340820312,0
235,14,0,detected,455.31020946417175,183.62735600399526,-0.6675178408622742,0.0,2.989441394805908,438.9432373046875,172.2146453857422,469.9798583984375,197.9862060546875,0
236,0,0,detected,151.7213505018418,284.68716730381414,-0.1612434983253479,0.03462712839245796,0.24749450385570526,0.0,200.58663940429688,303.2400817871094,368.9709167480469,0
236,2,2,detected,1010.6967760182353,182.81655488008897,0.7183695435523987,-0.0054012746550142765,1.273970127105713,992.4887084960938,148.0535430908203,1029.674072265625,217.26954650878906,0
236,12,0,detected,939.0747325619296,183.0889597228568,0.6799463629722595,-0.0063152918592095375,1.489554524421692,869.2584228515625,158.8174285888672,1002.6873779296875,205.83428955078125,0
236,13,0,detected,305.28294191565305,193.37838510284791,-0.7821881771087646,0.020185502246022224,1.7853929996490479,267.59893798828125,175.38987731933594,336.7138977050781,212.08074951171875,0
236,14,0,detected,454.3526710719723,184.3478322138108,-0.6410894393920898,0.0,2.8530261516571045,437.857421875,172.1710968017578,469.3854064941406,198.28692626953125,0
237,0,0,detected,151.58934480135972,284.72758363569983,-0.16190625727176666,0.034769456833601,0.24851177632808685,0.0,200.6612091064453,302.95001220703125,368.9776611328125,0
237,2,2,detected,1010.0679328168085,182.72158274195326,0.7549859285354614,-0.005705183371901512,1.3456515073776245,989.3562622070312,148.19630432128906,1029.666259765625,216.90020751953125,0
237,12,0,detected,956.4216620762813,182.63616665726937,0.743817925453186,-0.0065438528545200825,1.5434640645980835,874.5901489257812,158.29637145996094,1032.1220703125,206.4298095703125,0
237,13,0,detected,297.70775572542914,194.09386301419153,-0.4262330234050751,0.012063199654221535,0.9484277367591858,257.67645263671875,175.6969757080078,331.3137512207031,213.67967224121094,0
237,14,0,detected,453.8759606047586,185.03948080932818,-0.6387800574302673,0.0,2.8427486419677734,437.6531982421875,172.4044647216797,469.5934753417969,199.24490356445312,0
238,0,0,detected,151.56542632550878,284.80373046117785,-0.16284281015396118,0.03497058153152466,0.24994929134845734,0.0,200.9436492919922,303.1056213378906,368.9797058105469,0
238,2,2,detected,1010.2907985484597,182.45942590154354,0.706438422203064,-0.00709988409653306,1.255959153175354,991.8927612304688,146.66830444335938,1029.1253662109375,217.25494384765625,0
238,12,0,detected,980.6677751534038,182.15071860361698,0.8178519606590271,-0.00881781056523323,1.5598578453063965,902.1619262695312,157.86056518554688,1064.41748046875,205.85398864746094,0
238,13,0,detected,289.5747947852362,194.86802677838244,-0.81613689661026,0.02503487467765808,1.7714530229568481,247.9029541015625,175.7925262451172,324.3868408203125,215.29515075683594,0
238,14,0,detected,454.0048927357312,185.56181561570818,-0.6345102787017822,0.0,2.841618776321411,438.22796630859375,172.21405029296875,470.4439392089844,199.618408203125,0
239,0,0,detected,151.58683914427147,284.85660899949494,-0.16376368701457977,0.03516833856701851,0.25136274099349976,0.0,200.92913818359375,303.2291564941406,368.9841613769531,0
239,2,2,detected,1011.0403698632588,182.6031176828154,0.7905707359313965,-0.00594414072111249,1.4020131826400757,994.1434326171875,148.79815673828125,1029.2510986328125,217.12503051757812,0
239,12,0,detected,1003.3103915482593,182.0843129637004,0.8277753591537476,-0.006351217161864042,1.4980281591415405,927.65869140625,157.97291564941406,1080.2099609375,207.37899780273438,0
239,13,0,detected,280.7675337378245,195.73051318393087,-0.8281897902488708,0.02719428949058056,1.749320149421692,236.5592041015625,175.87306213378906,317.52423095703125,217.21336364746094,0
239,14,0,detected,454.71137190820207,186.018989724906,-0.6186532974243164,0.003940466791391373,2.7882513999938965,439.17254638671875,172.20098876953125,471.9895324707031,200.2068328857422,0
240,0,0,detected,151.62517953488214,284.9712265273491,-0.16339464485645294,0.03544352576136589,0.2507963180541992,0.0,201.40928649902344,303.3316650390625,368.9683837890625,0
240,2,2,detected,1010.2972029750515,182.59451634791517,0.8022952079772949,-0.006062684115022421,1.4299733638763428,989.9191284179688,148.15594482421875,1029.320068359375,217.08963012695312,0
240,12,0,detected,1033.9839828694812,181.40209483111317,0.803409993648529,-0.009385630488395691,1.3282434940338135,957.9552612304688,157.12533569335938,1123.9664306640625,204.39039611816406,0
240,13,0,detected,272.01999485943116,196.70686769542976,-0.8168626427650452,0.02849520929157734,1.6802536249160767,224.99085998535156,176.30999755859375,312.35809326171875,219.08843994140625,0
240,14,0,detected,455.9406650158541,186.45663418912724,-0.5901380777359009,0.0038073421455919743,2.6940531730651855,439.6024169921875,172.05821228027344,474.9538879394531,201.1129150390625,0
241,0,0,detected,151.73406323574406,285.13738051651075,-0.16323202848434448,0.035408247262239456,0.2505466938018799,0.0,201.92672729492188,303.6656188964844,368.9603271484375,0
241,2,2,detected,1009.571172989818,182.8512930403728,0.8300520181655884,-0.00419218186289072,1.4831817150115967,989.8800048828125,149.32644653320312,1028.0352783203125,217.50466918945312,0
241,12,0,detected,1066.1904270385728,180.46774374609413,0.9977204203605652,-0.012985514476895332,1.5314124822616577,991.484375,155.46322631835938,1155.48779296875,203.33840942382812,0
241,13,0,detected,262.6088266090081,197.84882212363667,-0.7824013829231262,0.03094242885708809,1.5639058351516724,211.71273803710938,176.97242736816406,306.2732849121094,221.25758361816406,0
241,14,0,detected,457.5349897381147,186.83853304920757,-0.5748819708824158,0.0037573985755443573,2.6587133407592773,439.9750061035156,171.88902282714844,478.37109375,201.7665252685547,0
242,0,0,detected,151.81989111209737,285.26190297145877,-0.16302673518657684,0.03536371514201164,0.2502315938472748,0.0,201.97445678710938,303.7833557128906,368.9490051269531,0
242,2,2,detected,1009.8546989451212,182.80543837911117,0.7440384030342102,-0.005608329549431801,1.3228071928024292,991.6423950195312,148.06272888183594,1028.671875,217.37847900390625,0
242,12,0,detected,1094.0956761333164,179.53774624699074,1.0228859186172485,-0.014793804846704006,1.4954299926757812,1008.1966552734375,154.34544372558594,1185.2088623046875,202.8408203125,0
242,13,0,detected,251.4228786681916,199.21237619856217,-0.7729441523551941,0.03167803958058357,1.4943463802337646,198.57159423828125,177.45054626464844,294.6093444824219,224.24598693847656,0
242,14,0,detected,459.95006238409184,187.21333365286043,-0.5336410999298096,0.007115214131772518,2.5173420906066895,441.4458923339844,171.78598022460938,483.1575012207031,202.57839965820312,0
243,0,0,detected,151.9550140998476,285.3308844714752,-0.1614096611738205,0.03508905693888664,0.2482881098985672,0.0,201.84136962890625,304.1279296875,368.96484375,0
243,2,2,detected,1010.1303134872245,182.76720129201294,0.7427501678466797,-0.0055986191146075726,1.3205167055130005,991.5634765625,147.74163818359375,1029.247314453125,217.66697692871094,0
243,12,0,detected,1123.2434060526712,178.47916949547425,1.1291258335113525,-0.017573943361639977,1.554402470588684,1038.88623046875,152.80577087402344,1213.593505859375,201.96524047851562,0
243,13,0,detected,239.29914341950246,200.75587097504206,-0.7515021562576294,0.03379771485924721,1.406768560409546,182.83705139160156,178.52223205566406,285.318115234375,226.77047729492188,0
243,14,0,detected,462.9684164691457,187.70569932707585,-0.5184528231620789,0.007053780369460583,2.4956068992614746,442.6020812988281,172.10032653808594,488.99395751953125,203.79148864746094,0
244,0,0,detected,152.06888338332124,285.40052494877483,-0.1606520116329193,0.034924350678920746,0.24712267518043518,0.0,201.9712677001953,304.3025817871094,368.963134765625,0
244,2,2,detected,1010.3149028547025,182.66747102063275,0.7410750985145569,-0.0055859931744635105,1.3175387382507324,991.510498046875,147.4712677001953,1029.4742431640625,217.49978637695312,0
244,12,0,detected,1146.6606416597963,177.4753432779829,1.1804380416870117,-0.019969815388321877,1.5700583457946777,1064.12109375,151.87608337402344,1224.0,201.34451293945312,0
244,13,0,detected,226.44037568963438,202.23345938259362,-0.7173032164573669,0.033021628856658936,1.29810631275177,166.93722534179688,178.2978973388672,275.15789794921875,229.39511108398438,0
244,14,0,detected,466.50031008597006,188.18332860723805,-0.47516876459121704,0.009968576021492481,2.3512353897094727,445.1206359863281,172.28396606445312,494.276123046875,204.46871948242188,0
245,0,0,detected,152.19010971556557,285.5340774224636,-0.16084134578704834,0.03496551141142845,0.24741391837596893,0.0,202.90382385253906,304.5447082519531,368.54266357421875,0
245,2,2,detected,1010.3758694579828,182.71256324529787,0.7609168887138367,-0.0057355547323822975,1.3528149127960205,991.36572265625,148.03553771972656,1029.5028076171875,217.63815307617188,0
245,12,0,detected,1164.6636152574615,176.50293991007229,1.1927945613861084,-0.02188614010810852,1.5486505031585693,1090.643310546875,151.1873016357422,1223.6824951171875,200.4227294921875,0
245,13,0,detected,212.50567260124132,203.97092021447384,-0.7137653827667236,0.0351608581840992,1.243980884552002,149.8149871826172,178.76846313476562,263.5257263183594,233.2226104736328,0
245,14,0,detected,471.0704864699579,188.49537641357094,-0.44154107570648193,0.009668782353401184,2.280524730682373,447.7508544921875,172.1689453125,502.45098876953125,204.42019653320312,0
246,0,0,detected,152.208281644767,285.7092587486906,-0.16198775172233582,0.03521472588181496,0.24917736649513245,0.0,203.41539001464844,304.3901062011719,368.5190124511719,0
246,2,2,detected,1010.3788377727499,182.69093318363005,0.7527198195457458,-0.005673767998814583,1.338241696357727,991.3970336914062,147.83779907226562,1029.3692626953125,217.5082244873047,0
246,12,0,detected,1179.7008507716025,175.9320131090254,1.1801197528839111,-0.019068362191319466,1.4991847276687622,1115.54931640625,151.27154541015625,1224.0,200.982177734375,0
246,13,0,detected,196.98333134640035,205.7696534070492,-0.6923737525939941,0.03609531372785568,1.1609469652175903,128.04283142089844,179.17660522460938,252.5676727294922,236.3498992919922,0
246,14,0,detected,476.25337366991147,188.72496317610066,-0.4231307804584503,0.00961660873144865,2.268218755722046,451.5282287597656,172.01409912109375,509.8235168457031,204.66351318359375,0
247,0,0,detected,152.1659093183993,285.8337650900807,-0.1625135838985443,0.03532904013991356,0.24998623132705688,0.0,203.39129638671875,304.20147705078125,368.54632568359375,0
247,2,2,detected,1010.412233307558,182.66522953380357,0.764067530632019,-0.005759302992373705,1.3584164381027222,991.5730590820312,147.8151092529297,1029.31201171875,217.46762084960938,0
247,12,0,detected,1193.089119201309,175.2827125062663,1.231906533241272,-0.021612396463751793,1.5292805433273315,1140.346923828125,151.05178833007812,1223.783935546875,199.6502227783203,0
247,13,0,detected,179.1713692008217,207.79420345612687,-0.4173254072666168,0.0236579030752182,0.6696077585220337,102.87540435791016,179.73646545410156,239.35398864746094,240.45005798339844,0
247,14,0,detected,482.4729434564262,188.88103922240353,-0.3884975016117096,0.009323939681053162,2.199188470840454,456.36065673828125,171.64068603515625,518.936767578125,205.0381622314453,0
248,0,0,detected,152.0414801702349,285.8341185359997,-0.1633310317993164,0.03542972356081009,0.25069865584373474,0.0,202.43353271484375,303.8194274902344,368.9782409667969,0
248,2,2,detected,1010.4311809306702,182.6160040991495,0.7711338996887207,-0.005812566727399826,1.3709794282913208,991.5972290039062,147.66134643554688,1029.2965087890625,217.43336486816406,0
248,12,0,detected,1206.3527708769502,175.23032002499264,1.3366477489471436,-0.020634355023503304,1.6223055124282837,1167.2977294921875,151.3512420654297,1223.9842529296875,201.7016143798828,0
248,13,0,detected,160.42062481480392,210.13522882884527,-0.7042845487594604,0.041338443756103516,1.083364486694336,79.64717864990234,180.6070098876953,224.90597534179688,245.19386291503906,0
248,14,0,detected,489.73423083659003,188.99644208268086,-0.35795676708221436,0.00917837768793106,2.164855718612671,461.9527587890625,171.22352600097656,529.2838745117188,205.5418701171875,0
249,0,0,detected,152.1742163294639,285.50940649402037,-0.1640208214521408,0.035300131887197495,0.25230473279953003,0.0,200.4890594482422,304.5464782714844,368.9711608886719,0
249,2,2,detected,1010.2996569718938,182.49663598986152,0.7570226788520813,-0.005706201307475567,1.3458915948867798,991.2234497070312,147.16531372070312,1029.1456298828125,217.4190673828125,0
249,12,0,detected,1218.865001394441,173.58403111717993,1.5011807680130005,-0.03532189875841141,1.7852550745010376,1191.8564453125,146.03790283203125,1224.0,197.26376342773438,0
249,13,0,detected,138.65777807292508,212.05496245155214,-0.6969194412231445,0.040317654609680176,1.018876314163208,48.48900604248047,180.56787109375,208.81422424316406,246.89901733398438,0
249,14,0,detected,497.76642701969234,189.05299820389502,-0.3286905586719513,0.009130293503403664,2.1535141468048096,468.6544494628906,170.81101989746094,539.464599609375,205.85182189941406,0
250,0,0,detected,152.03603525956856,285.4241194122668,-0.16425064206123352,0.03562920540571213,0.25211018323898315,0.0,201.71791076660156,303.7879638671875,368.6420593261719,0
250,2,2,detected,1010.2409242553347,182.5267700215101,0.7639945149421692,-0.00575875211507082,1.3582866191864014,991.3886108398438,147.8373565673828,1029.0054931640625,217.44247436523438,0
250,13,0,detected,115.01544916545262,214.38453305377178,-0.7365691065788269,0.044948115944862366,1.0259685516357422,17.92902946472168,181.317138671875,190.6422576904297,252.18150329589844,0
250,14,0,detected,506.9607241937529,189.1432151848028,-0.2936042845249176,0.008897099643945694,2.0985119342803955,476.3927001953125,170.81285095214844,551.5687255859375,206.24464416503906,0
250,12,0,predicted,1243.6114953674298,172.81591546205485,1.5935512509838317,-0.03074035748231646,1.7852550745010376,0,0,0,0,1
251,0,0,detected,151.827639299662,285.4046958845386,-0.16315756738185883,0.035392098128795624,0.25043243169784546,0.0,201.6624755859375,303.2702331542969,368.95599365234375,0
251,2,2,detected,1010.2681722530914,182.3710392016792,0.7681714296340942,-0.005790236871689558,1.3657126426696777,991.4329833984375,146.73793029785156,1029.1707763671875,217.46693420410156,0
251,13,0,detected,93.36442320269734,217.71423802581572,-0.6930285096168518,0.04734160751104355,0.9305179119110107,0.0,182.36178588867188,170.69386291503906,261.48291015625,0
251,14,0,detected,516.8442869815837,189.16477979218266,-0.2550497353076935,0.008694877848029137,2.0508148670196533,484.149169921875,170.43466186523438,564.0556640625,206.41659545898438,0
251,12,0,predicted,1268.773505692165,172.0254088054837,1.6570348216983324,-0.03273480007990913,1.7852550745010376,0,0,0,0,2
252,0,0,detected,151.9168933887494,285.3285990897306,-0.16319769620895386,0.03540080040693283,0.25049400329589844,0.15843142569065094,201.29092407226562,303.8314514160156,368.957763671875,0
252,2,2,detected,1010.1871328829126,182.18044167772473,0.7721042037010193,-0.007759841158986092,1.3727046251296997,990.9364013671875,146.25137329101562,1029.3143310546875,217.47183227539062,0
252,13,0,detected,77.48958384514262,221.22427023321592,-0.6734107732772827,0.050160955637693405,0.8873399496078491,0.27599284052848816,183.21469116210938,150.31600952148438,267.7177429199219,0
252,14,0,detected,528.1370255862411,189.18038858812056,-0.21515586972236633,0.00849299505352974,2.0031979084014893,494.4158935546875,170.20286560058594,578.0861206054688,206.72584533691406,0
252,12,0,predicted,1294.3510323686464,171.21251114746647,1.7215667371737915,-0.03478573501278522,1.7852550745010376,0,0,0,0,3
253,0,0,detected,151.85786145502436,285.434238932006,-0.16276146471500397,0.0353061780333519,0.24982444941997528,0.0,202.63400268554688,303.60516357421875,368.5873107910156,0
253,2,2,detected,1010.1027790025502,181.97969482769938,0.7714304327964783,-0.00775306997820735,1.3715068101882935,990.8661499023438,145.98056030273438,1029.2198486328125,217.34866333007812,0
253,13,0,detected,62.439648694042795,225.0675103521677,-0.660119354724884,0.05271370708942413,0.8477252721786499,0.0,184.44325256347656,122.7529525756836,274.84417724609375,0
253,14,0,detected,539.6711726580106,189.26769935343253,-0.18435822427272797,0.008508840575814247,2.0069353580474854,503.7908020019531,170.33197021484375,591.2372436523438,207.16168212890625,0
253,12,0,predicted,1320.3440753968741,170.37722248800318,1.787146997410209,-0.03689316228094474,1.7852550745010376,0,0,0,0,4
254,0,0,detected,151.8765608727205,285.40862838094665,-0.1629466712474823,0.03534635156393051,0.2501087188720703,0.0,201.9959259033203,303.78485107421875,368.6184387207031,0
254,2,2,detected,1010.0203715923616,182.06348051378447,0.7670689821243286,-0.005796491168439388,1.367187738418579,990.880859375,147.1217498779297,1029.0533447265625,217.57403564453125,0
254,13,0,detected,47.091664863335915,228.03852143840754,-0.6604918837547302,0.05251260846853256,0.8257247805595398,0.0,185.67538452148438,92.21902465820312,275.2400207519531,0
254,14,0,detected,552.2070933050938,189.30356742869668,-0.14188751578330994,0.00818581786006689,1.9307457208633423,515.628662109375,170.1307830810547,605.2791748046875,207.26641845703125,0
254,12,0,predicted,1346.7526347768483,169.51954282709383,1.8537756024075853,-0.03905708188438768,1.7852550745010376,0,0,0,0,5
255,0,0,detected,151.8171860245386,285.50285762892355,-0.16423392295837402,0.035625580698251724,0.25208452343940735,0.0,202.7054443359375,303.5295715332031,368.5943603515625,0
255,2,2,detected,1009.9923617086365,182.04376312575874,0.7656574845314026,-0.0057858251966536045,1.3646719455718994,990.8106079101562,146.71450805664062,1029.1702880859375,217.49037170410156,0
255,13,0,detected,30.729681173231285,230.91389811409744,-0.19748927652835846,0.01592108979821205,0.23969513177871704,0.00274314871057868,187.0565948486328,58.40840148925781,278.74072265625,0
255,14,0,detected,564.9271696454149,189.44633415269965,-0.10543351620435715,0.010543351992964745,1.8651036024093628,527.0631103515625,170.20738220214844,618.5261840820312,208.01077270507812,0
255,12,0,predicted,1373.5767105085686,168.6394721647384,1.9214525521659194,-0.04127749382311404,1.7852550745010376,0,0,0,0,6
256,0,0,detected,151.78290380041193,285.4550285127715,-0.1621791571378708,0.03517986088991165,0.2489306479692459,0.0,201.9320068359375,303.5123291015625,368.6765441894531,0
256,2,2,detected,1009.9615308029792,182.09225864575149,0.7668347358703613,-0.005794720724225044,1.3667702674865723,990.8638305664062,147.0941925048828,1029.0521240234375,217.48046875,0
256,14,0,detected,574.8171353951044,189.48303473309986,-0.083424873650074,0.007584079168736935,1.7888166904449463,539.6360473632812,169.8875732421875,619.569091796875,207.9865264892578,0
256,12,0,predicted,1400.8163025920353,167.73701050093692,1.9901778466852125,-0.04355439809712383,1.7852550745010376,0,0,0,0,7
256,13,0,predicted,15.693489141355682,232.91978587324851,-0.20199680426333586,0.016232664629875434,0.23969513177871704,0,0,0,0,1
257,0,0,detected,151.64389884604245,285.5528967798589,-0.1629515141248703,0.03534739837050438,0.25011613965034485,0.0,202.4295196533203,303.058349609375,368.9829406738281,0
257,2,2,detected,1010.099727157639,182.15997288356277,0.7639907598495483,-0.005758724175393581,1.3582799434661865,991.2362060546875,147.1091766357422,1029.249267578125,217.65643310546875,0
257,14,0,detected,583.592785243856,189.56598458384883,-0.0651148334145546,0.010017666965723038,1.7721107006072998,554.1011962890625,169.66348266601562,619.8872680664062,208.64434814453125,0
257,12,0,predicted,1428.4714110272482,166.81215783568936,2.0599514859654637,-0.04588779470641704,1.7852550745010376,0,0,0,0,8
257,13,0,predicted,0.3454158385615196,234.96600878457406,-0.20719591194086176,0.01692581568788251,0.23969513177871704,0,0,0,0,2
258,0,0,detected,151.59288508966176,285.26804426535244,-0.16163350641727448,0.03471088409423828,0.2480931133031845,0.0,200.3073272705078,303.1256408691406,368.9665222167969,0
258,2,2,detected,1010.1792974522224,182.26172485118485,0.7622779011726379,-0.005745813716202974,1.3552347421646118,991.2779541015625,147.48159790039062,1029.2457275390625,217.59825134277344,0
258,14,0,detected,591.4872555450684,189.7310051104841,-0.04633009061217308,0.009753703139722347,1.725415825843811,567.7153930664062,169.30587768554688,619.8536376953125,209.7399444580078,0
258,12,0,predicted,1456.5420358142076,165.86491416899574,2.1307734700066736,-0.048277683650993664,1.7852550745010376,0,0,0,0,9
258,13,0,predicted,-15.314538735151206,237.05256684807404,-0.21250066833911752,0.017632630141627095,0.23969513177871704,0,0,0,0,3
259,0,0,detected,151.55938557055092,285.049408131449,-0.1638670712709427,0.03519054129719734,0.25152143836021423,0.0,200.21861267089844,303.0944519042969,368.97210693359375,0
259,2,2,detected,1010.1282697468588,182.34399741434274,0.7764772772789001,-0.005852843634784222,1.380479335784912,991.1570434570312,147.6465606689453,1029.0279541015625,217.4836883544922,0
259,14,0,detected,599.5526555057862,190.03884364531766,-0.026970962062478065,0.012259528040885925,1.7349541187286377,583.767822265625,170.1860809326172,619.7130126953125,210.11932373046875,0
259,12,0,predicted,1485.0281769529133,164.89527950085605,2.202643798808842,-0.05072406493085372,1.7852550745010376,0,0,0,0,10
259,13,0,predicted,-31.286374579782496,239.17946006374848,-0.21791107345810326,0.018353107991109188,0.23969513177871704,0,0,0,0,4
260,0,0,detected,151.51201566217298,284.92395496801157,-0.16378916800022125,0.03517381101846695,0.2514018714427948,0.0,200.41070556640625,302.9789123535156,368.9700012207031,0
260,2,2,detected,1010.2407722986152,182.43498997937053,0.7686049938201904,-0.0057935044169425964,1.366483449935913,991.2402954101562,147.775146484375,1029.4571533203125,217.5437469482422,0
260,14,0,detected,607.8921474079146,190.5524473955402,-0.005215758923441172,0.015647277235984802,1.8453203439712524,600.1085815429688,171.4274444580078,620.0151977539062,210.77645874023438,0
260,12,0,predicted,1513.9298344433653,163.9032538312703,2.2755624723719685,-0.05322693854599721,1.7852550745010376,0,0,0,0,11
260,13,0,predicted,-47.570091695332344,241.34668843159739,-0.2234271272978189,0.019087249236328797,0.23969513177871704,0,0,0,0,5
261,0,0,detected,151.538062976947,284.83342779516244,-0.16559875011444092,0.0355624221265316,0.2541794180870056,0.0,200.40521240234375,303.1622314453125,368.970947265625,0
261,2,2,detected,1010.2322347330239,182.5659965259697,0.7742255330085754,-0.0058358702808618546,1.3764760494232178,991.3003540039062,148.14450073242188,1029.1558837890625,217.5681610107422,0
261,12,0,predicted,1543.2470082855637,162.88883716023847,2.349529490696054,-0.0557863044964241,1.7852550745010376,0,0,0,0,12
261,13,0,predicted,-64.16569008180076,243.55425195162073,-0.2290488298582644,0.01983505387728591,0.23969513177871704,0,0,0,0,6
261,14,0,predicted,614.0778201287895,190.82052675284305,0.005418704306878033,0.015179231804970196,1.8453203439712524,0,0,0,0,1
262,0,0,detected,151.49350487894364,284.7752704409599,-0.16462723910808563,0.03535378724336624,0.2526882290840149,0.0,200.4471893310547,302.9465026855469,368.9674377441406,0
262,2,2,detected,1010.1812043095229,182.60487677400312,0.7742366194725037,-0.005835954565554857,1.3764958381652832,991.1831665039062,147.91119384765625,1029.098388671875,217.46693420410156,0
262,12,0,predicted,1572.9796984795082,161.85202948776057,2.4245448537810974,-0.05840216278213443,1.7852550745010376,0,0,0,0,13
262,13,0,predicted,-81.07316973918773,245.80215062381853,-0.2347761811394399,0.02059652191398053,0.23969513177871704,0,0,0,0,7
262,14,0,predicted,620.4127768296948,191.08694460360428,0.0219395073751779,0.015874017429262935,1.8453203439712524,0,0,0,0,2
263,0,0,detected,151.49238961758354,284.7361755542281,-0.16457341611385345,0.035342227667570114,0.2526056170463562,0.0,200.45492553710938,303.0234069824219,368.9722900390625,0
263,2,2,detected,1010.2341783877671,182.64777603987997,0.770106315612793,-0.005804820917546749,1.369152545928955,991.35595703125,147.8803253173828,1029.216796875,217.5874481201172,0
263,12,0,predicted,1603.1279050251992,160.79283081383662,2.5006085616270997,-0.061074513403128174,1.7852550745010376,0,0,0,0,14
263,13,0,predicted,-98.29253066749328,248.09038444819078,-0.2406091811413453,0.021371653346412656,0.23969513177871704,0,0,0,0,8
263,14,0,predicted,626.8970175106306,191.3517009478239,0.038849625059469074,0.016564470044875965,1.8453203439712524,0,0,0,0,3
264,0,0,detected,151.5358841584682,284.7372031150873,-0.16431640088558197,0.0352870337665081,0.2522111237049103,0.0,200.6332550048828,303.1857604980469,368.9658203125,0
264,2,2,detected,1010.2432343777712,182.63754624350634,0.7602986097335815,-0.005730893928557634,1.3517156839370728,991.3015747070312,147.85704040527344,1029.2060546875,217.3625946044922,0
264,12,0,predicted,1633.6916279226364,159.7112411384666,2.5777206142340603,-0.06380335635940533,1.7852550745010376,0,0,0,0,15
264,13,0,predicted,-115.82377286671738,250.41895342473748,-0.24654782986398055,0.022160448174582296,0.23969513177871704,0,0,0,0,9
264,14,0,predicted,633.5305421715967,191.6147957855019,0.05614905735975157,0.017250589651809284,1.8453203439712524,0,0,0,0,4
265,0,0,detected,151.5299321449031,284.7220280429663,-0.16466335952281952,0.03536154329776764,0.252743661403656,0.0,200.5259246826172,303.0814514160156,368.9732360839844,0
265,2,2,detected,1010.2497426152311,182.76287830000027,0.7606161236763,-0.0038221916183829308,1.3522802591323853,991.4173583984375,148.51243591308594,1029.0972900390625,217.50819396972656,0
265,12,0,predicted,1664.67086717182,158.6072604616505,2.6558810116019793,-0.06658869165096594,1.7852550745010376,0,0,0,0,16
265,13,0,predicted,-133.66689633686005,252.78785755345865,-0.2525921273073458,0.022962906398489448,0.23969513177871704,0,0,0,0,10
265,14,0,predicted,640.3133508125933,191.87622911663829,0.07383780427602538,0.017932376250062818,1.8453203439712524,0,0,0,0,5
266,0,0,detected,151.51847526059115,284.7098669069086,-0.16517356038093567,0.035471111536026,0.2535267770290375,0.0,200.5151824951172,303.0484619140625,368.97235107421875,0
266,2,2,detected,1010.2840287586281,182.81392723724875,0.7705528736114502,-0.005808187182992697,1.3699464797973633,991.447021484375,148.28236389160156,1029.182861328125,217.50442504882812,0
266,12,0,predicted,1696.0656227727497,157.48088878338834,2.7350897537308567,-0.06943051927780995,1.7852550745010376,0,0,0,0,17
266,13,0,predicted,-151.82190107792127,255.19709683435426,-0.2587420734714409,0.023779028018134103,0.23969513177871704,0,0,0,0,11
266,14,0,predicted,647.2454434336204,192.13600094123305,0.0919158658082908,0.01860982983963664,1.8453203439712524,0,0,0,0,6
267,0,0,detected,151.51607701096552,284.7489721370516,-0.16543598473072052,0.03552746772766113,0.25392958521842957,0.0,200.79920959472656,303.05938720703125,368.97320556640625,0
267,2,2,detected,1010.3157346371253,182.83821718053676,0.769187331199646,-0.0057978942058980465,1.3675187826156616,991.4242553710938,148.1853790283203,1029.2598876953125,217.528564453125,0
267,12,0,predicted,1727.875894725426,156.3321261036801,2.8153468406206925,-0.07232883923993738,1.7852550745010376,0,0,0,0,18
267,13,0,predicted,-170.28878708990106,257.64667126742427,-0.264997668356266,0.02460881303351625,0.23969513177871704,0,0,0,0,12
267,14,0,predicted,654.3268200346779,192.3941112592862,0.11038324195654753,0.019282950420530753,1.8453203439712524,0,0,0,0,7
268,0,0,detected,151.47954627167542,284.7665670002427,-0.16415376961231232,0.03525211289525032,0.25196149945259094,0.0,200.73553466796875,302.9264221191406,368.9700927734375,0
268,2,2,detected,1010.3217087017696,182.90809301937313,0.7786279916763306,-0.003912703599780798,1.384303092956543,991.413818359375,148.48631286621094,1029.2337646484375,217.54644775390625,0
268,12,0,predicted,1760.1016830298483,155.16097242252582,2.8966522722714867,-0.07528365153734826,1.7852550745010376,0,0,0,0,19
268,13,0,predicted,-189.0675543727994,260.13658085266877,-0.271358911961821,0.025452261444635922,0.23969513177871704,0,0,0,0,13
268,14,0,predicted,661.5574806157658,192.65056007079775,0.12923993272079556,0.019951737992745154,1.8453203439712524,0,0,0,0,8
269,0,0,detected,151.47188166447046,284.7209410168944,-0.16569752991199493,0.03558363765478134,0.2543310523033142,0.0,200.37844848632812,302.9641418457031,368.97198486328125,0
269,2,2,detected,1010.2143185093714,182.88451646862794,0.7852056622505188,-0.00591863552108407,1.3959972858428955,991.0877075195312,148.00942993164062,1029.1490478515625,217.58084106445312,0
269,14,0,detected,873.7392421710015,185.44731077985168,0.5146557688713074,-0.003715926082804799,1.3146837949752808,870.162353515625,159.20216369628906,908.2489624023438,207.2312469482422,0
269,12,0,predicted,1792.7429876860172,153.96742773992545,2.9790060486832397,-0.07829495617004253,1.7852550745010376,0,0,0,0,20
269,13,0,predicted,-208.15820292661633,262.66682559008774,-0.2778258042881059,0.026309373251493105,0.23969513177871704,0,0,0,0,14
270,0,0,detected,151.52044912455125,284.73043035037347,-0.16531431674957275,0.03550133854150772,0.25374284386634827,0.0,200.63206481933594,303.1576232910156,368.96966552734375,0
270,2,2,detected,1010.23113391638,182.89648223673586,0.7770208716392517,-0.0058569409884512424,1.3814457654953003,991.0948486328125,147.9579620361328,1029.4034423828125,217.809326171875,0
270,14,0,detected,896.3352246123178,184.62824468981324,0.5962620377540588,-0.0041407085955142975,1.464970588684082,870.5357666015625,161.2519989013672,930.2425537109375,206.4348907470703,0
270,12,0,predicted,1825.7998086939322,152.75149205587903,3.0624081698559507,-0.08136275313802024,1.7852550745010376,0,0,0,0,21
270,13,0,predicted,-227.5607327513518,265.2374054796811,-0.2843983453351207,0.02718014845408778,0.23969513177871704,0,0,0,0,15
271,0,0,detected,151.4978498940654,284.7455732045133,-0.16357077658176422,0.03512691333889961,0.251066654920578,0.0,200.68336486816406,302.9820251464844,368.9650573730469,0
271,2,2,detected,1010.1446932931525,182.92362822780564,0.774084746837616,-0.0058348095044493675,1.3762257099151611,990.8344116210938,148.0311279296875,1029.3104248046875,217.85092163085938,0
271,14,0,detected,913.328688415174,184.24017144242208,0.624855637550354,-0.004151864442974329,1.4689176082611084,869.95703125,161.1278533935547,956.6307373046875,206.52264404296875,0
271,12,0,predicted,1859.2721460535936,151.51316537038653,3.1468586357896204,-0.08448704244128137,1.7852550745010376,0,0,0,0,22
271,13,0,predicted,-247.27514384700584,267.84832052144895,-0.29107653510286546,0.028064587052419966,0.23969513177871704,0,0,0,0,16
272,0,0,detected,151.49800059944536,284.67317219363724,-0.16434544324874878,0.035293273627758026,0.25225570797920227,0.0,200.1722869873047,303.023193359375,368.9697265625,0
272,2,2,detected,1010.280754271591,182.9246591378011,0.7755635976791382,-0.0058459569700062275,1.3788549900054932,991.0817260742188,148.2964324951172,1029.7293701171875,217.47711181640625,0
272,14,0,detected,927.3811846035549,183.7933350462909,0.6647766828536987,-0.004261388909071684,1.5076669454574585,869.100341796875,160.7604217529297,979.9744262695312,205.73965454101562,0
272,12,0,predicted,1893.1599997650012,150.25244768344797,3.232357446484248,-0.08766782407982593,1.7852550745010376,0,0,0,0,23
272,13,0,predicted,-267.3014362135784,270.49957071539126,-0.2978603735913401,0.028962689046489666,0.23969513177871704,0,0,0,0,17
273,0,0,detected,151.50639729554118,284.6527964058301,-0.1639770120382309,0.035214152187108994,0.25169017910957336,0.0,200.34532165527344,303.0528564453125,368.9832458496094,0
273,2,2,detected,1010.7137871129211,182.8636961302772,0.7712723016738892,-0.0057990397326648235,1.3677890300750732,992.1338500976562,148.2667999267578,1030.036865234375,217.13693237304688,0
273,14,0,detected,941.3294751926868,183.38416851886498,0.7061415314674377,-0.006498235277831554,1.532704472541809,871.751953125,159.6038360595703,1004.81689453125,206.26461791992188,0
273,12,0,predicted,1927.4633698281552,148.96933899506334,3.3189046019398347,-0.0909050980536539,1.7852550745010376,0,0,0,0,24
273,13,0,predicted,-287.63960985106957,273.191156061508,-0.3047498608005446,0.029874454436296882,0.23969513177871704,0,0,0,0,18
274,0,0,detected,151.50698235739716,284.62517360226025,-0.164551243185997,0.03533747047185898,0.25257158279418945,0.0,200.27146911621094,303.0382080078125,368.97418212890625,0
274,2,2,detected,1010.2065296038386,182.75975589926423,0.7498530745506287,-0.005666396580636501,1.336503028869629,989.229248046875,148.19154357910156,1030.2510986328125,216.85073852539062,0
274,14,0,detected,959.7632889922668,183.01450118968833,0.7483572363853455,-0.006451355293393135,1.5216472148895264,890.9462280273438,158.64947509765625,1029.921142578125,206.7217559814453,0
274,12,0,predicted,1962.1822562430557,147.66383930523264,3.40650010215638,-0.0941988643627653,1.7852550745010376,0,0,0,0,25
274,13,0,predicted,-308.2896647594793,275.92307655979926,-0.3117449967304792,0.03079988322184161,0.23969513177871704,0,0,0,0,19
275,0,0,detected,151.53577354119744,284.6496448785662,-0.16395410895347595,0.035209234803915024,0.25165504217147827,0.0,200.5153045654297,303.14312744140625,368.9932861328125,0
275,2,2,detected,1010.1957279926379,182.5020613950922,0.7641974687576294,-0.007680376525968313,1.3586474657058716,990.8734130859375,146.864501953125,1029.5081787109375,217.0725860595703,0
275,14,0,detected,981.2768818317542,182.54574984630278,0.808935284614563,-0.00652367202565074,1.5387040376663208,913.824462890625,158.88182067871094,1054.510498046875,205.2529754638672,0
275,12,0,predicted,1997.3166590097023,146.33594861395588,3.4951439471338834,-0.09754912300716012,1.7852550745010376,0,0,0,0,26
275,13,0,predicted,-329.2516009388076,278.6953322102649,-0.31884578138114356,0.03173897540312383,0.23969513177871704,0,0,0,0,20
276,0,0,detected,151.532514622583,284.7182290751759,-0.16588100790977478,0.035623036324977875,0.25461265444755554,0.0,200.83853149414062,303.0765380859375,368.9740295410156,0
276,2,2,detected,1010.8762896210827,182.58133193996616,0.799363911151886,-0.006010254845023155,1.4176071882247925,993.7091064453125,148.9364471435547,1029.2259521484375,216.5944061279297,0
276,14,0,detected,1005.2586394379263,182.32114203318488,0.7924548387527466,-0.00598832406103611,1.412434458732605,935.698486328125,157.81761169433594,1083.6375732421875,206.95497131347656,0
276,12,0,predicted,2032.8665781280954,144.98566692123305,3.5848361368723456,-0.10095587398683836,1.7852550745010376,0,0,0,0,27
276,13,0,predicted,-350.52541838905444,281.507923012905,-0.3260522147525379,0.03269173098014356,0.23969513177871704,0,0,0,0,21
277,0,0,detected,151.49326813090752,284.78575768732884,-0.16528750956058502,0.0354955829679966,0.25370168685913086,0.0,200.95559692382812,302.93548583984375,368.9642333984375,0
277,2,2,detected,1010.383012717306,182.57206636921632,0.783496618270874,-0.005920629017055035,1.3964675664901733,990.5526123046875,148.23292541503906,1029.285400390625,216.8971405029297,0
277,14,0,detected,1027.6486926083173,181.56488421492003,0.40068700909614563,-0.0047929068095982075,0.678286612033844,959.0963745117188,157.78964233398438,1100.9388427734375,203.41392517089844,0
277,12,0,predicted,2068.832013598235,143.61299422706415,3.6755766713717666,-0.10441911730180002,1.7852550745010376,0,0,0,0,28
277,13,0,predicted,-372.1111171102198,284.36084896771956,-0.3333642968446621,0.03365814995290081,0.23969513177871704,0,0,0,0,22
278,0,0,detected,151.49426124555274,284.77891528056915,-0.1650809645652771,0.03545122593641281,0.25338464975357056,0.0,200.6100311279297,303.0108947753906,368.9732666015625,0
278,2,2,detected,1009.513998708368,182.8561378641789,0.7949098348617554,-0.00401469599455595,1.4203877449035645,988.5072631835938,149.30487060546875,1029.0115966796875,217.58009338378906,0
278,14,0,detected,1049.5190466993042,180.85038848864568,0.8517200946807861,-0.009722832590341568,1.3759639263153076,978.9108276367188,156.88250732421875,1122.9134521484375,203.25987243652344,0
278,12,0,predicted,2105.2129654201203,142.21793053144918,3.767365550632145,-0.10793885295204513,1.7852550745010376,0,0,0,0,29
278,13,0,predicted,-394.0086971023038,287.2541100747086,-0.34078202765751636,0.03463823232139557,0.23969513177871704,0,0,0,0,23
279,0,0,detected,151.46993725772086,284.746095375599,-0.16515465080738068,0.035467054694890976,0.25349777936935425,0.0,200.4356231689453,302.9173583984375,368.9765930175781,0
279,2,2,detected,1009.9020586903853,182.9342889603842,0.7198347449302673,-0.0036172601394355297,1.2797760963439941,991.6080932617188,148.646728515625,1028.96484375,217.4810333251953,0
279,14,0,detected,1072.7962599831371,179.6984588129431,0.9545801877975464,-0.014463337138295174,1.4620246887207031,1003.8674926757812,155.00440979003906,1145.973388671875,201.28851318359375,0
279,12,0,predicted,2142.0094335937524,140.80047583438815,3.8602027746534824,-0.11151508093757365,1.7852550745010376,0,0,0,0,30
279,13,0,predicted,-416.21815836530635,290.1877063338721,-0.3483054071911005,0.03563197808562784,0.23969513177871704,0,0,0,0,24
280,0,0,detected,151.45816030698978,284.76115642746237,-0.16539202630519867,0.03551802784204483,0.2538621127605438,0.0,200.66722106933594,302.9174499511719,368.9754333496094,0
280,2,2,detected,1009.9272867895381,182.9305688073499,0.7495537400245667,-0.005664133932441473,1.3359694480895996,991.5111694335938,148.49208068847656,1028.432861328125,217.2774658203125,0
280,14,0,detected,1095.2986639054866,178.62441270285115,1.0497380495071411,-0.017351042479276657,1.5346870422363281,1025.277587890625,154.2606201171875,1167.20556640625,200.49107360839844,0
280,12,0,predicted,2179.2214181191307,139.36063013588105,3.9540883434357785,-0.11514780125838558,1.7852550745010376,0,0,0,0,31
280,13,0,predicted,-438.73950089922744,293.16163774521,-0.3559344354454145,0.03663938724559761,0.23969513177871704,0,0,0,0,25
281,0,0,detected,151.45409922043666,284.7568919527834,-0.16453354060649872,0.03533366695046425,0.2525444030761719,0.0,200.57086181640625,302.9229431152344,368.9781799316406,0
281,2,2,detected,1010.1582166949539,182.9194453278427,0.7493690848350525,-0.005648510996252298,1.3322844505310059,991.5181884765625,148.1674346923828,1029.23681640625,217.55398559570312,0
281,14,0,detected,1119.2108548941785,177.50368498815783,1.120395302772522,-0.019849522039294243,1.560600757598877,1049.7476806640625,153.04415893554688,1192.088623046875,199.5404052734375,0
281,12,0,predicted,2216.848918996255,137.8983934359279,4.049022256979032,-0.11883701391448094,1.7852550745010376,0,0,0,0,32
281,13,0,predicted,-461.5727247040671,296.17590430872235,-0.3636691124204584,0.03766045980130488,0.23969513177871704,0,0,0,0,26
282,0,0,detected,151.4594548769596,284.735335895433,-0.16421592235565186,0.03526545688509941,0.25205689668655396,0.0,200.4591827392578,302.9491882324219,368.9755859375,0
282,2,2,detected,1010.3022778071827,182.8114498006275,0.7586277723312378,-0.005718299653381109,1.3487452268600464,991.2735595703125,147.57188415527344,1029.58837890625,217.5481414794922,0
282,14,0,detected,1140.791738289644,176.28111854224002,1.185638189315796,-0.024700796231627464,1.5889217853546143,1070.0810546875,151.91566467285156,1209.9564208984375,198.07870483398438,0
282,12,0,predicted,2254.891936225126,136.41376573452865,4.145004515283244,-0.12258271890585971,1.7852550745010376,0,0,0,0,33
282,13,0,predicted,-484.71782977982537,299.2305060244092,-0.37150943811623227,0.03869519575274967,0.23969513177871704,0,0,0,0,27
283,0,0,detected,151.48059338033474,284.71209681379054,-0.16381557285785675,0.03517948463559151,0.25144240260124207,0.0,200.41357421875,303.01678466796875,368.9715270996094,0
283,2,2,detected,1010.3420980018824,182.82469584758306,0.7462558150291443,-0.005625043995678425,1.3267494440078735,991.4644775390625,148.14207458496094,1029.2784423828125,217.5275421142578,0
283,14,0,detected,1160.1044156266855,175.13190448148183,1.2250697612762451,-0.024726180359721184,1.5905545949935913,1090.1912841796875,151.52540588378906,1224.0,196.7318572998047,0
283,12,0,predicted,2293.350469805743,134.90674703168335,4.242035118348415,-0.12638491623252193,1.7852550745010376,0,0,0,0,34
283,13,0,predicted,-508.17481612650215,302.3254428922705,-0.37945541253273607,0.03974359509993197,0.23969513177871704,0,0,0,0,28
284,0,0,detected,151.4780940996481,284.6678641522295,-0.16320309042930603,0.035047952085733414,0.2505022883415222,0.0,200.2523651123047,302.96722412109375,368.9633483886719,0
284,2,2,detected,1010.4087955716724,182.77280086254726,0.7515909671783447,-0.0056652589701116085,1.33623468875885,991.4473266601562,147.89230346679688,1029.470458984375,217.407958984375,0
284,14,0,detected,1174.998644756701,174.00333275737677,1.2333048582077026,-0.02661808952689171,1.569567084312439,1112.2470703125,150.3816375732422,1223.9486083984375,195.9343719482422,0
284,12,0,predicted,2332.2245197381067,133.37733732739198,4.340114066174545,-0.13024360589446757,1.7852550745010376,0,0,0,0,35
284,13,0,predicted,-531.9436837440975,305.46071491230623,-0.38750703566996975,0.04080565784285179,0.23969513177871704,0,0,0,0,29
285,0,0,detected,151.47442988092251,284.64141926164217,-0.1652316004037857,0.035483576357364655,0.2536158859729767,0.0,200.27210998535156,302.9572448730469,368.97222900390625,0
285,2,2,detected,1010.3920951315317,182.7324352622618,0.7454147338867188,-0.00561870401725173,1.3252540826797485,991.3975219726562,147.76889038085938,1029.3350830078125,217.51339721679688,0
285,14,0,detected,1186.8768166454586,173.13934259035517,1.2856274843215942,-0.02958081103861332,1.6100929975509644,1131.2037353515625,150.6907501220703,1223.975830078125,195.15911865234375,0
285,12,0,predicted,2371.5140860222164,131.82553662165455,4.439241358761633,-0.1341587878916966,1.7852550745010376,0,0,0,0,36
285,13,0,predicted,-556.0244326326114,308.6363220845164,-0.39566430752793325,0.0418813839815091,0.23969513177871704,0,0,0,0,30
